Workbook

Sheet الملخص
A1: ملخص أرصدة الموردين
A2: كل الأرقام معادلات مرتبطة بالكشوف — اضغط اسم الحساب للانتقال إلى كشفه. تاريخ التدقيق: 31/10/2026
B4: عدد الحسابات | D4: إجمالي المشتريات | E4: إجمالي المدفوع والخصومات | F4: صافي المستحق علينا | G4: حسابات عليها رصيد | I4: ملاحظات تدقيق
B5: =COUNTA(B9:B31) -> 23 | D5: =SUMIFS('سجل الحركات'!J4:J229,'سجل الحركات'!E4:E229,"بضاعة") -> 325170.1 | E5: =E32 -> 227481.3 | F5: =F32 -> 97748.8 | G5: =COUNTIF(K9:K31,"مستحق علينا") -> 15 | I5: =COUNTA('ملاحظات التدقيق'!B5:B1000) -> 37
A8: # | B8: الحساب | C8: عدد الحركات | D8: إجمالي المدين | E8: إجمالي الدائن | F8: الرصيد | G8: ضريبة القيمة المضافة | H8: أول حركة | I8: آخر حركة | J8: آخر سداد | K8: الحالة
A9: 1 | B9: المزارع المبدع | C9: =COUNTA('المزارع المبدع'!D7:D1000) -> 2 | D9: ='المزارع المبدع'!F4 -> 60 | E9: ='المزارع المبدع'!G4 -> 60 | F9: ='المزارع المبدع'!H4 -> 0 | G9: ='المزارع المبدع'!I4 -> 0 | H9: ='المزارع المبدع'!D4 -> 46296 | I9: ='المزارع المبدع'!E4 -> 46297 | J9: ='المزارع المبدع'!J4 | K9: ='المزارع المبدع'!K4 -> مسدد
A10: 2 | B10: العلواني | C10: =COUNTA(العلواني!D7:D1000) -> 2 | D10: =العلواني!F4 -> 3622.5 | E10: =العلواني!G4 -> 2000 | F10: =العلواني!H4 -> 1622.5 | G10: =العلواني!I4 -> 472.5 | H10: =العلواني!D4 -> 46318 | I10: =العلواني!E4 -> 46324 | J10: =العلواني!J4 -> 46324 | K10: =العلواني!K4 -> مستحق علينا
A11: 3 | B11: رجب المصري | C11: =COUNTA('رجب المصري'!D7:D1000) -> 1 | D11: ='رجب المصري'!F4 -> 3047.5 | E11: ='رجب المصري'!G4 -> 0 | F11: ='رجب المصري'!H4 -> 3047.5 | G11: ='رجب المصري'!I4 -> 397.5 | H11: ='رجب المصري'!D4 -> 46324 | I11: ='رجب المصري'!E4 -> 46324 | J11: ='رجب المصري'!J4 | K11: ='رجب المصري'!K4 -> مستحق علينا
A12: 4 | B12: الجوهرة | C12: =COUNTA(الجوهرة!D7:D1000) -> 6 | D12: =الجوهرة!F4 -> 11365.45 | E12: =الجوهرة!G4 -> 6000 | F12: =الجوهرة!H4 -> 5365.45 | G12: =الجوهرة!I4 -> 1482.45 | H12: =الجوهرة!D4 -> 46318 | I12: =الجوهرة!E4 -> 46325 | J12: =الجوهرة!J4 -> 46325 | K12: =الجوهرة!K4 -> مستحق علينا
A13: 5 | B13: جبار البيشي | C13: =COUNTA('جبار البيشي'!D7:D1000) -> 63 | D13: ='جبار البيشي'!F4 -> 146146.6 | E13: ='جبار البيشي'!G4 -> 117176.55 | F13: ='جبار البيشي'!H4 -> 28970.05 | G13: ='جبار البيشي'!I4 -> 19062.6 | H13: ='جبار البيشي'!D4 -> 46297 | I13: ='جبار البيشي'!E4 -> 46325 | J13: ='جبار البيشي'!J4 -> 46324 | K13: ='جبار البيشي'!K4 -> مستحق علينا
A14: 6 | B14: عزم الإنجاز | C14: =COUNTA('عزم الانجاز'!D7:D1000) -> 6 | D14: ='عزم الانجاز'!F4 -> 3312 | E14: ='عزم الانجاز'!G4 -> 3310 | F14: ='عزم الانجاز'!H4 -> 2 | G14: ='عزم الانجاز'!I4 -> 432 | H14: ='عزم الانجاز'!D4 -> 46317 | I14: ='عزم الانجاز'!E4 -> 46324 | J14: ='عزم الانجاز'!J4 -> 46324 | K14: ='عزم الانجاز'!K4 -> مستحق علينا
A15: 7 | B15: ثمار العالمي | C15: =COUNTA('ثمار العالمي'!D7:D1000) -> 2 | D15: ='ثمار العالمي'!F4 -> 349.6 | E15: ='ثمار العالمي'!G4 -> 350 | F15: ='ثمار العالمي'!H4 -> -0.4 | G15: ='ثمار العالمي'!I4 -> 45.6 | H15: ='ثمار العالمي'!D4 -> 46305 | I15: ='ثمار العالمي'!E4 -> 46306 | J15: ='ثمار العالمي'!J4 -> 46306 | K15: ='ثمار العالمي'!K4 -> رصيد لنا
A16: 8 | B16: عبدالرحمن قدري | C16: =COUNTA('عبدالرحمن قدري'!D7:D1000) -> 2 | D16: ='عبدالرحمن قدري'!F4 -> 460 | E16: ='عبدالرحمن قدري'!G4 -> 460 | F16: ='عبدالرحمن قدري'!H4 -> 0 | G16: ='عبدالرحمن قدري'!I4 -> 60 | H16: ='عبدالرحمن قدري'!D4 -> 46313 | I16: ='عبدالرحمن قدري'!E4 -> 46321 | J16: ='عبدالرحمن قدري'!J4 -> 46321 | K16: ='عبدالرحمن قدري'!K4 -> مسدد
A17: 9 | B17: معتصم الحصباني | C17: =COUNTA('معتصم الحصباني'!D7:D1000) -> 2 | D17: ='معتصم الحصباني'!F4 -> 2850.85 | E17: ='معتصم الحصباني'!G4 -> 0 | F17: ='معتصم الحصباني'!H4 -> 2850.85 | G17: ='معتصم الحصباني'!I4 -> 371.85 | H17: ='معتصم الحصباني'!D4 -> 46324 | I17: ='معتصم الحصباني'!E4 -> 46324 | J17: ='معتصم الحصباني'!J4 | K17: ='معتصم الحصباني'!K4 -> مستحق علينا
A18: 10 | B18: عبر الإقليم | C18: =COUNTA('عبر الاقليم'!D7:D1000) -> 28 | D18: ='عبر الاقليم'!F4 -> 34935.65 | E18: ='عبر الاقليم'!G4 -> 20673 | F18: ='عبر الاقليم'!H4 -> 14262.65 | G18: ='عبر الاقليم'!I4 -> 3394.65 | H18: ='عبر الاقليم'!D4 -> 46297 | I18: ='عبر الاقليم'!E4 -> 46324 | J18: ='عبر الاقليم'!J4 -> 46322 | K18: ='عبر الاقليم'!K4 -> مستحق علينا
A19: 11 | B19: العجم | C19: =COUNTA(العجم!D7:D1000) -> 12 | D19: =العجم!F4 -> 15680.25 | E19: =العجم!G4 -> 13900 | F19: =العجم!H4 -> 1780.25 | G19: =العجم!I4 -> 2045.25 | H19: =العجم!D4 -> 46308 | I19: =العجم!E4 -> 46321 | J19: =العجم!J4 -> 46321 | K19: =العجم!K4 -> مستحق علينا
A20: 12 | B20: البشري | C20: =COUNTA(البشري!D7:D1000) -> 25 | D20: =البشري!F4 -> 37806.25 | E20: =البشري!G4 -> 24500 | F20: =البشري!H4 -> 13306.25 | G20: =البشري!I4 -> 4931.25 | H20: =البشري!D4 -> 46303 | I20: =البشري!E4 -> 46324 | J20: =البشري!J4 -> 46324 | K20: =البشري!K4 -> مستحق علينا
A21: 13 | B21: نجمة العالم | C21: =COUNTA('نجمة العالم'!D7:D1000) -> 4 | D21: ='نجمة العالم'!F4 -> 9008 | E21: ='نجمة العالم'!G4 -> 3700 | F21: ='نجمة العالم'!H4 -> 5308 | G21: ='نجمة العالم'!I4 -> 888 | H21: ='نجمة العالم'!D4 -> 46320 | I21: ='نجمة العالم'!E4 -> 46324 | J21: ='نجمة العالم'!J4 -> 46324 | K21: ='نجمة العالم'!K4 -> مستحق علينا
A22: 14 | B22: الأغذية الطازجة | C22: =COUNTA('الاغذية الطازجة'!D7:D1000) -> 7 | D22: ='الاغذية الطازجة'!F4 -> 24788.25 | E22: ='الاغذية الطازجة'!G4 -> 7000 | F22: ='الاغذية الطازجة'!H4 -> 17788.25 | G22: ='الاغذية الطازجة'!I4 -> 3233.25 | H22: ='الاغذية الطازجة'!D4 -> 46310 | I22: ='الاغذية الطازجة'!E4 -> 46325 | J22: ='الاغذية الطازجة'!J4 -> 46324 | K22: ='الاغذية الطازجة'!K4 -> مستحق علينا
A23: 15 | B23: جوري فروت | C23: =COUNTA('جوري فروت'!D7:D1000) -> 4 | D23: ='جوري فروت'!F4 -> 2925.6 | E23: ='جوري فروت'!G4 -> 2410 | F23: ='جوري فروت'!H4 -> 515.6 | G23: ='جوري فروت'!I4 -> 381.6 | H23: ='جوري فروت'!D4 -> 46323 | I23: ='جوري فروت'!E4 -> 46324 | J23: ='جوري فروت'!J4 -> 46324 | K23: ='جوري فروت'!K4 -> مستحق علينا
A24: 16 | B24: جابر القرشي | C24: =COUNTA('جابر القرشي'!D7:D1000) -> 1 | D24: ='جابر القرشي'!F4 -> 3956 | E24: ='جابر القرشي'!G4 -> 0 | F24: ='جابر القرشي'!H4 -> 3956 | G24: ='جابر القرشي'!I4 -> 516 | H24: ='جابر القرشي'!D4 -> 46325 | I24: ='جابر القرشي'!E4 -> 46325 | J24: ='جابر القرشي'!J4 | K24: ='جابر القرشي'!K4 -> مستحق علينا
A25: 17 | B25: ثلاجة نخيل | C25: =COUNTA('ثلاجة نخيل'!D7:D1000) -> 3 | D25: ='ثلاجة نخيل'!F4 -> 3391.35 | E25: ='ثلاجة نخيل'!G4 -> 3390 | F25: ='ثلاجة نخيل'!H4 -> 1.35 | G25: ='ثلاجة نخيل'!I4 -> 442.35 | H25: ='ثلاجة نخيل'!D4 -> 46310 | I25: ='ثلاجة نخيل'!E4 -> 46325 | J25: ='ثلاجة نخيل'!J4 -> 46325 | K25: ='ثلاجة نخيل'!K4 -> مستحق علينا
A26: 18 | B26: اباصرة | C26: =COUNTA(اباصرة!D7:D1000) -> 2 | D26: =اباصرة!F4 -> 603.75 | E26: =اباصرة!G4 -> 603.75 | F26: =اباصرة!H4 -> 0 | G26: =اباصرة!I4 -> 157.5 | H26: =اباصرة!D4 -> 46316 | I26: =اباصرة!E4 -> 46319 | J26: =اباصرة!J4 | K26: =اباصرة!K4 -> مسدد
A27: 19 | B27: عبدالقادر | C27: =COUNTA(عبدالقادر!D7:D1000) -> 9 | D27: =عبدالقادر!F4 -> 4505 | E27: =عبدالقادر!G4 -> 4505 | F27: =عبدالقادر!H4 -> 0 | G27: =عبدالقادر!I4 -> 0 | H27: =عبدالقادر!D4 -> 46299 | I27: =عبدالقادر!E4 -> 46317 | J27: =عبدالقادر!J4 -> 46317 | K27: =عبدالقادر!K4 -> مسدد
A28: 20 | B28: نخبة الاغصان | C28: =COUNTA('نخبه الاغصان'!D7:D1000) -> 28 | D28: ='نخبه الاغصان'!F4 -> 5778 | E28: ='نخبه الاغصان'!G4 -> 6806 | F28: ='نخبه الاغصان'!H4 -> -1028 | G28: ='نخبه الاغصان'!I4 -> 351 | H28: ='نخبه الاغصان'!D4 -> 46297 | I28: ='نخبه الاغصان'!E4 -> 46324 | J28: ='نخبه الاغصان'!J4 -> 46323 | K28: ='نخبه الاغصان'!K4 -> رصيد لنا
A29: 21 | B29: فصل الاعمال | C29: =COUNTA('فصل الاعمال'!D7:D1000) -> 9 | D29: ='فصل الاعمال'!F4 -> 4197.5 | E29: ='فصل الاعمال'!G4 -> 4197 | F29: ='فصل الاعمال'!H4 -> 0.5 | G29: ='فصل الاعمال'!I4 -> 547.5 | H29: ='فصل الاعمال'!D4 -> 46299 | I29: ='فصل الاعمال'!E4 -> 46317 | J29: ='فصل الاعمال'!J4 -> 46317 | K29: ='فصل الاعمال'!K4 -> مستحق علينا
A30: 22 | B30: توت المتقدمة | C30: =COUNTA('توت المتقدمة'!D7:D1000) -> 6 | D30: ='توت المتقدمة'!F4 -> 4140 | E30: ='توت المتقدمة'!G4 -> 4140 | F30: ='توت المتقدمة'!H4 -> 0 | G30: ='توت المتقدمة'!I4 -> 540 | H30: ='توت المتقدمة'!D4 -> 46312 | I30: ='توت المتقدمة'!E4 -> 46321 | J30: ='توت المتقدمة'!J4 -> 46321 | K30: ='توت المتقدمة'!K4 -> مسدد
A31: 23 | B31: حمدان | C31: =COUNTA(حمدان!D7:D1000) -> 2 | D31: =حمدان!F4 -> 2300 | E31: =حمدان!G4 -> 2300 | F31: =حمدان!H4 -> 0 | G31: =حمدان!I4 -> 300 | H31: =حمدان!D4 -> 46304 | I31: =حمدان!E4 -> 46306 | J31: =حمدان!J4 -> 46306 | K31: =حمدان!K4 -> مسدد
B32: الإجمالي | C32: =SUM(C9:C31) -> 226 | D32: =SUM(D9:D31) -> 325230.1 | E32: =SUM(E9:E31) -> 227481.3 | F32: =SUM(F9:F31) -> 97748.8 | G32: =SUM(G9:G31) -> 40052.85

Sheet سجل الحركات
A1: سجل الحركات الموحّد — كل الحسابات (مرتبط بالكشوف)
A2: كل خانة هنا معادلة تقرأ من الكشف الأصلي؛ أي تعديل في الكشوف ينعكس هنا. الحركات الجديدة المضافة لاحقاً في الكشوف لا تظهر هنا تلقائياً.
A3: الحساب | B3: التاريخ | C3: البيان | D3: الصنف الموحد | E3: نوع الحركة | F3: العدد | G3: السعر | H3: قبل الضريبة | I3: الضريبة | J3: مدين | K3: دائن
A4: المزارع المبدع | B4: ='المزارع المبدع'!C7 -> 46296 | C4: ='المزارع المبدع'!D7 -> حبحب | D4: حبحب | E4: بضاعة (عكسي) | F4: =IF('المزارع المبدع'!E7="","",'المزارع المبدع'!E7) -> 2 | G4: =IF('المزارع المبدع'!F7="","",'المزارع المبدع'!F7) -> 30 | H4: =IF(F4="","",ROUND(F4*G4,2)) -> 60 | I4: =IF(F4="","",ROUND(H4*IF(N('المزارع المبدع'!G7)>1,'المزارع المبدع'!G7-1,0),2)) -> 0 | J4: =N('المزارع المبدع'!H7) -> 0 | K4: =N('المزارع المبدع'!I7) -> 60
A5: المزارع المبدع | B5: ='المزارع المبدع'!C8 -> 46297 | C5: ='المزارع المبدع'!D8 -> سداد | E5: سداد | F5: =IF('المزارع المبدع'!E8="","",'المزارع المبدع'!E8) | G5: =IF('المزارع المبدع'!F8="","",'المزارع المبدع'!F8) | H5: =IF(F5="","",ROUND(F5*G5,2)) | I5: =IF(F5="","",ROUND(H5*IF(N('المزارع المبدع'!G8)>1,'المزارع المبدع'!G8-1,0),2)) | J5: =N('المزارع المبدع'!H8) -> 60 | K5: =N('المزارع المبدع'!I8) -> 0
A6: العلواني | B6: =العلواني!C7 -> 46318 | C6: =العلواني!D7 -> ليمون | D6: ليمون تركي | E6: بضاعة | F6: =IF(العلواني!E7="","",العلواني!E7) -> 70 | G6: =IF(العلواني!F7="","",العلواني!F7) -> 45 | H6: =IF(F6="","",ROUND(F6*G6,2)) -> 3150 | I6: =IF(F6="","",ROUND(H6*IF(N(العلواني!G7)>1,العلواني!G7-1,0),2)) -> 472.5 | J6: =N(العلواني!H7) -> 3622.5 | K6: =N(العلواني!I7) -> 0
A7: العلواني | B7: =العلواني!C8 -> 46324 | C7: =العلواني!D8 -> سداد سند/76204 | E7: سداد | F7: =IF(العلواني!E8="","",العلواني!E8) | G7: =IF(العلواني!F8="","",العلواني!F8) | H7: =IF(F7="","",ROUND(F7*G7,2)) | I7: =IF(F7="","",ROUND(H7*IF(N(العلواني!G8)>1,العلواني!G8-1,0),2)) | J7: =N(العلواني!H8) -> 0 | K7: =N(العلواني!I8) -> 2000
A8: رجب المصري | B8: ='رجب المصري'!C7 -> 46324 | C8: ='رجب المصري'!D7 -> عنب تركي | D8: عنب تركي | E8: بضاعة | F8: =IF('رجب المصري'!E7="","",'رجب المصري'!E7) -> 53 | G8: =IF('رجب المصري'!F7="","",'رجب المصري'!F7) -> 50 | H8: =IF(F8="","",ROUND(F8*G8,2)) -> 2650 | I8: =IF(F8="","",ROUND(H8*IF(N('رجب المصري'!G7)>1,'رجب المصري'!G7-1,0),2)) -> 397.5 | J8: =N('رجب المصري'!H7) -> 3047.5 | K8: =N('رجب المصري'!I7) -> 0
A9: الجوهرة | B9: =الجوهرة!C7 -> 46318 | C9: =الجوهرة!D7 -> برتقال عصير | D9: برتقال عصير | E9: بضاعة | F9: =IF(الجوهرة!E7="","",الجوهرة!E7) -> 79 | G9: =IF(الجوهرة!F7="","",الجوهرة!F7) -> 85 | H9: =IF(F9="","",ROUND(F9*G9,2)) -> 6715 | I9: =IF(F9="","",ROUND(H9*IF(N(الجوهرة!G7)>1,الجوهرة!G7-1,0),2)) -> 1007.25 | J9: =N(الجوهرة!H7) -> 7722.25 | K9: =N(الجوهرة!I7) -> 0
A10: الجوهرة | B10: =الجوهرة!C8 -> 46319 | C10: =الجوهرة!D8 -> سداد سند/19041 | E10: سداد | F10: =IF(الجوهرة!E8="","",الجوهرة!E8) | G10: =IF(الجوهرة!F8="","",الجوهرة!F8) | H10: =IF(F10="","",ROUND(F10*G10,2)) | I10: =IF(F10="","",ROUND(H10*IF(N(الجوهرة!G8)>1,الجوهرة!G8-1,0),2)) | J10: =N(الجوهرة!H8) -> 0 | K10: =N(الجوهرة!I8) -> 1000
A11: الجوهرة | B11: =الجوهرة!C9 -> 46321 | C11: =الجوهرة!D9 -> سداد سند/19096 | E11: سداد | F11: =IF(الجوهرة!E9="","",الجوهرة!E9) | G11: =IF(الجوهرة!F9="","",الجوهرة!F9) | H11: =IF(F11="","",ROUND(F11*G11,2)) | I11: =IF(F11="","",ROUND(H11*IF(N(الجوهرة!G9)>1,الجوهرة!G9-1,0),2)) | J11: =N(الجوهرة!H9) -> 0 | K11: =N(الجوهرة!I9) -> 1000
A12: الجوهرة | B12: =الجوهرة!C10 -> 46323 | C12: =الجوهرة!D10 -> سداد سند/19147 | E12: سداد | F12: =IF(الجوهرة!E10="","",الجوهرة!E10) | G12: =IF(الجوهرة!F10="","",الجوهرة!F10) | H12: =IF(F12="","",ROUND(F12*G12,2)) | I12: =IF(F12="","",ROUND(H12*IF(N(الجوهرة!G10)>1,الجوهرة!G10-1,0),2)) | J12: =N(الجوهرة!H10) -> 0 | K12: =N(الجوهرة!I10) -> 2000
A13: الجوهرة | B13: =الجوهرة!C11 -> 46324 | C13: =الجوهرة!D11 -> كيوي | D13: كيوي | E13: بضاعة | F13: =IF(الجوهرة!E11="","",الجوهرة!E11) -> 96 | G13: =IF(الجوهرة!F11="","",الجوهرة!F11) -> 33 | H13: =IF(F13="","",ROUND(F13*G13,2)) -> 3168 | I13: =IF(F13="","",ROUND(H13*IF(N(الجوهرة!G11)>1,الجوهرة!G11-1,0),2)) -> 475.2 | J13: =N(الجوهرة!H11) -> 3643.2 | K13: =N(الجوهرة!I11) -> 0
A14: الجوهرة | B14: =الجوهرة!C12 -> 46325 | C14: =الجوهرة!D12 -> سداد سند/19203 | E14: سداد | F14: =IF(الجوهرة!E12="","",الجوهرة!E12) | G14: =IF(الجوهرة!F12="","",الجوهرة!F12) | H14: =IF(F14="","",ROUND(F14*G14,2)) | I14: =IF(F14="","",ROUND(H14*IF(N(الجوهرة!G12)>1,الجوهرة!G12-1,0),2)) | J14: =N(الجوهرة!H12) -> 0 | K14: =N(الجوهرة!I12) -> 2000
A15: جبار البيشي | B15: ='جبار البيشي'!C7 -> 46297 | C15: ='جبار البيشي'!D7 -> فراولة | D15: فراولة | E15: بضاعة | F15: =IF('جبار البيشي'!E7="","",'جبار البيشي'!E7) -> 60 | G15: =IF('جبار البيشي'!F7="","",'جبار البيشي'!F7) -> 85 | H15: =IF(F15="","",ROUND(F15*G15,2)) -> 5100 | I15: =IF(F15="","",ROUND(H15*IF(N('جبار البيشي'!G7)>1,'جبار البيشي'!G7-1,0),2)) -> 765 | J15: =N('جبار البيشي'!H7) -> 5865 | K15: =N('جبار البيشي'!I7) -> 0
A16: جبار البيشي | B16: ='جبار البيشي'!C8 -> 46298 | C16: ='جبار البيشي'!D8 -> بخارة تركي | D16: بخارة تركي | E16: بضاعة | F16: =IF('جبار البيشي'!E8="","",'جبار البيشي'!E8) -> 295 | G16: =IF('جبار البيشي'!F8="","",'جبار البيشي'!F8) -> 20 | H16: =IF(F16="","",ROUND(F16*G16,2)) -> 5900 | I16: =IF(F16="","",ROUND(H16*IF(N('جبار البيشي'!G8)>1,'جبار البيشي'!G8-1,0),2)) -> 885 | J16: =N('جبار البيشي'!H8) -> 6785 | K16: =N('جبار البيشي'!I8) -> 0
A17: جبار البيشي | B17: ='جبار البيشي'!C9 -> 46298 | C17: ='جبار البيشي'!D9 -> فراولة | D17: فراولة | E17: بضاعة | F17: =IF('جبار البيشي'!E9="","",'جبار البيشي'!E9) -> 33 | G17: =IF('جبار البيشي'!F9="","",'جبار البيشي'!F9) -> 80 | H17: =IF(F17="","",ROUND(F17*G17,2)) -> 2640 | I17: =IF(F17="","",ROUND(H17*IF(N('جبار البيشي'!G9)>1,'جبار البيشي'!G9-1,0),2)) -> 396 | J17: =N('جبار البيشي'!H9) -> 3036 | K17: =N('جبار البيشي'!I9) -> 0
A18: جبار البيشي | B18: ='جبار البيشي'!C10 -> 46299 | C18: ='جبار البيشي'!D10 -> سداد حوالة مجني | E18: حوالة | F18: =IF('جبار البيشي'!E10="","",'جبار البيشي'!E10) | G18: =IF('جبار البيشي'!F10="","",'جبار البيشي'!F10) | H18: =IF(F18="","",ROUND(F18*G18,2)) | I18: =IF(F18="","",ROUND(H18*IF(N('جبار البيشي'!G10)>1,'جبار البيشي'!G10-1,0),2)) | J18: =N('جبار البيشي'!H10) -> 0 | K18: =N('جبار البيشي'!I10) -> 4508
A19: جبار البيشي | B19: ='جبار البيشي'!C11 -> 46299 | C19: ='جبار البيشي'!D11 -> سداد حوالة مصنع امداد | E19: حوالة | F19: =IF('جبار البيشي'!E11="","",'جبار البيشي'!E11) | G19: =IF('جبار البيشي'!F11="","",'جبار البيشي'!F11) | H19: =IF(F19="","",ROUND(F19*G19,2)) | I19: =IF(F19="","",ROUND(H19*IF(N('جبار البيشي'!G11)>1,'جبار البيشي'!G11-1,0),2)) | J19: =N('جبار البيشي'!H11) -> 0 | K19: =N('جبار البيشي'!I11) -> 362.25
A20: جبار البيشي | B20: ='جبار البيشي'!C12 -> 46300 | C20: ='جبار البيشي'!D12 -> سداد فاتورة مصنع امداد افوكادو مقاصه | E20: مقاصة | F20: =IF('جبار البيشي'!E12="","",'جبار البيشي'!E12) | G20: =IF('جبار البيشي'!F12="","",'جبار البيشي'!F12) | H20: =IF(F20="","",ROUND(F20*G20,2)) | I20: =IF(F20="","",ROUND(H20*IF(N('جبار البيشي'!G12)>1,'جبار البيشي'!G12-1,0),2)) | J20: =N('جبار البيشي'!H12) -> 0 | K20: =N('جبار البيشي'!I12) -> 770.5
A21: جبار البيشي | B21: ='جبار البيشي'!C13 -> 46301 | C21: ='جبار البيشي'!D13 -> رمان وسط | D21: رمان وسط | E21: بضاعة | F21: =IF('جبار البيشي'!E13="","",'جبار البيشي'!E13) -> 215 | G21: =IF('جبار البيشي'!F13="","",'جبار البيشي'!F13) -> 16 | H21: =IF(F21="","",ROUND(F21*G21,2)) -> 3440 | I21: =IF(F21="","",ROUND(H21*IF(N('جبار البيشي'!G13)>1,'جبار البيشي'!G13-1,0),2)) -> 516 | J21: =N('جبار البيشي'!H13) -> 3956 | K21: =N('جبار البيشي'!I13) -> 0
A22: جبار البيشي | B22: ='جبار البيشي'!C14 -> 46301 | C22: ='جبار البيشي'!D14 -> نكتارين | D22: نكتارين | E22: بضاعة | F22: =IF('جبار البيشي'!E14="","",'جبار البيشي'!E14) -> 9 | G22: =IF('جبار البيشي'!F14="","",'جبار البيشي'!F14) -> 11 | H22: =IF(F22="","",ROUND(F22*G22,2)) -> 99 | I22: =IF(F22="","",ROUND(H22*IF(N('جبار البيشي'!G14)>1,'جبار البيشي'!G14-1,0),2)) -> 14.85 | J22: =N('جبار البيشي'!H14) -> 113.85 | K22: =N('جبار البيشي'!I14) -> 0
A23: جبار البيشي | B23: ='جبار البيشي'!C15 -> 46301 | C23: ='جبار البيشي'!D15 -> سداد مقاصه مع فاتورة أبو عجاج رمان | E23: مقاصة | F23: =IF('جبار البيشي'!E15="","",'جبار البيشي'!E15) | G23: =IF('جبار البيشي'!F15="","",'جبار البيشي'!F15) | H23: =IF(F23="","",ROUND(F23*G23,2)) | I23: =IF(F23="","",ROUND(H23*IF(N('جبار البيشي'!G15)>1,'جبار البيشي'!G15-1,0),2)) | J23: =N('جبار البيشي'!H15) -> 0 | K23: =N('جبار البيشي'!I15) -> 4048
A24: جبار البيشي | B24: ='جبار البيشي'!C16 -> 46302 | C24: ='جبار البيشي'!D16 -> نكتارين | D24: نكتارين | E24: بضاعة | F24: =IF('جبار البيشي'!E16="","",'جبار البيشي'!E16) -> 26 | G24: =IF('جبار البيشي'!F16="","",'جبار البيشي'!F16) -> 11 | H24: =IF(F24="","",ROUND(F24*G24,2)) -> 286 | I24: =IF(F24="","",ROUND(H24*IF(N('جبار البيشي'!G16)>1,'جبار البيشي'!G16-1,0),2)) -> 42.9 | J24: =N('جبار البيشي'!H16) -> 328.9 | K24: =N('جبار البيشي'!I16) -> 0
A25: جبار البيشي | B25: ='جبار البيشي'!C17 -> 46303 | C25: ='جبار البيشي'!D17 -> فراولة | D25: فراولة | E25: بضاعة | F25: =IF('جبار البيشي'!E17="","",'جبار البيشي'!E17) -> 80 | G25: =IF('جبار البيشي'!F17="","",'جبار البيشي'!F17) -> 95 | H25: =IF(F25="","",ROUND(F25*G25,2)) -> 7600 | I25: =IF(F25="","",ROUND(H25*IF(N('جبار البيشي'!G17)>1,'جبار البيشي'!G17-1,0),2)) -> 1140 | J25: =N('جبار البيشي'!H17) -> 8740 | K25: =N('جبار البيشي'!I17) -> 0
A26: جبار البيشي | B26: ='جبار البيشي'!C18 -> 46304 | C26: ='جبار البيشي'!D18 -> رمان وسط | D26: رمان وسط | E26: بضاعة | F26: =IF('جبار البيشي'!E18="","",'جبار البيشي'!E18) -> 220 | G26: =IF('جبار البيشي'!F18="","",'جبار البيشي'!F18) -> 15 | H26: =IF(F26="","",ROUND(F26*G26,2)) -> 3300 | I26: =IF(F26="","",ROUND(H26*IF(N('جبار البيشي'!G18)>1,'جبار البيشي'!G18-1,0),2)) -> 495 | J26: =N('جبار البيشي'!H18) -> 3795 | K26: =N('جبار البيشي'!I18) -> 0
A27: جبار البيشي | B27: ='جبار البيشي'!C19 -> 46304 | C27: ='جبار البيشي'!D19 -> فراولة | D27: فراولة | E27: بضاعة | F27: =IF('جبار البيشي'!E19="","",'جبار البيشي'!E19) -> 74 | G27: =IF('جبار البيشي'!F19="","",'جبار البيشي'!F19) -> 100 | H27: =IF(F27="","",ROUND(F27*G27,2)) -> 7400 | I27: =IF(F27="","",ROUND(H27*IF(N('جبار البيشي'!G19)>1,'جبار البيشي'!G19-1,0),2)) -> 1110 | J27: =N('جبار البيشي'!H19) -> 8510 | K27: =N('جبار البيشي'!I19) -> 0
A28: جبار البيشي | B28: ='جبار البيشي'!C20 -> 46304 | C28: ='جبار البيشي'!D20 -> ليمون تركي | D28: ليمون تركي | E28: بضاعة | F28: =IF('جبار البيشي'!E20="","",'جبار البيشي'!E20) -> 100 | G28: =IF('جبار البيشي'!F20="","",'جبار البيشي'!F20) -> 30 | H28: =IF(F28="","",ROUND(F28*G28,2)) -> 3000 | I28: =IF(F28="","",ROUND(H28*IF(N('جبار البيشي'!G20)>1,'جبار البيشي'!G20-1,0),2)) -> 450 | J28: =N('جبار البيشي'!H20) -> 3450 | K28: =N('جبار البيشي'!I20) -> 0
A29: جبار البيشي | B29: ='جبار البيشي'!C21 -> 46304 | C29: ='جبار البيشي'!D21 -> مقاصه مع صادق مكه | E29: مقاصة | F29: =IF('جبار البيشي'!E21="","",'جبار البيشي'!E21) | G29: =IF('جبار البيشي'!F21="","",'جبار البيشي'!F21) | H29: =IF(F29="","",ROUND(F29*G29,2)) | I29: =IF(F29="","",ROUND(H29*IF(N('جبار البيشي'!G21)>1,'جبار البيشي'!G21-1,0),2)) | J29: =N('جبار البيشي'!H21) -> 0 | K29: =N('جبار البيشي'!I21) -> 8935.5
A30: جبار البيشي | B30: ='جبار البيشي'!C22 -> 46305 | C30: ='جبار البيشي'!D22 -> كمثري عكاظ | D30: كمثري عكاظ | E30: بضاعة | F30: =IF('جبار البيشي'!E22="","",'جبار البيشي'!E22) -> 112 | G30: =IF('جبار البيشي'!F22="","",'جبار البيشي'!F22) -> 6 | H30: =IF(F30="","",ROUND(F30*G30,2)) -> 672 | I30: =IF(F30="","",ROUND(H30*IF(N('جبار البيشي'!G22)>1,'جبار البيشي'!G22-1,0),2)) -> 100.8 | J30: =N('جبار البيشي'!H22) -> 772.8 | K30: =N('جبار البيشي'!I22) -> 0
A31: جبار البيشي | B31: ='جبار البيشي'!C23 -> 46305 | C31: ='جبار البيشي'!D23 -> بخارة صحن | D31: بخارة صحن | E31: بضاعة | F31: =IF('جبار البيشي'!E23="","",'جبار البيشي'!E23) -> 24 | G31: =IF('جبار البيشي'!F23="","",'جبار البيشي'!F23) -> 9 | H31: =IF(F31="","",ROUND(F31*G31,2)) -> 216 | I31: =IF(F31="","",ROUND(H31*IF(N('جبار البيشي'!G23)>1,'جبار البيشي'!G23-1,0),2)) -> 32.4 | J31: =N('جبار البيشي'!H23) -> 248.4 | K31: =N('جبار البيشي'!I23) -> 0
A32: جبار البيشي | B32: ='جبار البيشي'!C24 -> 46305 | C32: ='جبار البيشي'!D24 -> عنب مشكل | D32: عنب مشكل | E32: بضاعة | F32: =IF('جبار البيشي'!E24="","",'جبار البيشي'!E24) -> 16 | G32: =IF('جبار البيشي'!F24="","",'جبار البيشي'!F24) -> 8 | H32: =IF(F32="","",ROUND(F32*G32,2)) -> 128 | I32: =IF(F32="","",ROUND(H32*IF(N('جبار البيشي'!G24)>1,'جبار البيشي'!G24-1,0),2)) -> 19.2 | J32: =N('جبار البيشي'!H24) -> 147.2 | K32: =N('جبار البيشي'!I24) -> 0
A33: جبار البيشي | B33: ='جبار البيشي'!C25 -> 46306 | C33: ='جبار البيشي'!D25 -> ليمون تركي | D33: ليمون تركي | E33: بضاعة | F33: =IF('جبار البيشي'!E25="","",'جبار البيشي'!E25) -> 100 | G33: =IF('جبار البيشي'!F25="","",'جبار البيشي'!F25) -> 25 | H33: =IF(F33="","",ROUND(F33*G33,2)) -> 2500 | I33: =IF(F33="","",ROUND(H33*IF(N('جبار البيشي'!G25)>1,'جبار البيشي'!G25-1,0),2)) -> 375 | J33: =N('جبار البيشي'!H25) -> 2875 | K33: =N('جبار البيشي'!I25) -> 0
A34: جبار البيشي | B34: ='جبار البيشي'!C26 -> 46306 | C34: ='جبار البيشي'!D26 -> كمثري صحن | D34: كمثري صحن | E34: بضاعة | F34: =IF('جبار البيشي'!E26="","",'جبار البيشي'!E26) -> 48 | G34: =IF('جبار البيشي'!F26="","",'جبار البيشي'!F26) -> 8 | H34: =IF(F34="","",ROUND(F34*G34,2)) -> 384 | I34: =IF(F34="","",ROUND(H34*IF(N('جبار البيشي'!G26)>1,'جبار البيشي'!G26-1,0),2)) -> 57.6 | J34: =N('جبار البيشي'!H26) -> 441.6 | K34: =N('جبار البيشي'!I26) -> 0
A35: جبار البيشي | B35: ='جبار البيشي'!C27 -> 46306 | C35: ='جبار البيشي'!D27 -> عنب مشكل | D35: عنب مشكل | E35: بضاعة | F35: =IF('جبار البيشي'!E27="","",'جبار البيشي'!E27) -> 48 | G35: =IF('جبار البيشي'!F27="","",'جبار البيشي'!F27) -> 8 | H35: =IF(F35="","",ROUND(F35*G35,2)) -> 384 | I35: =IF(F35="","",ROUND(H35*IF(N('جبار البيشي'!G27)>1,'جبار البيشي'!G27-1,0),2)) -> 57.6 | J35: =N('جبار البيشي'!H27) -> 441.6 | K35: =N('جبار البيشي'!I27) -> 0
A36: جبار البيشي | B36: ='جبار البيشي'!C28 -> 46306 | C36: ='جبار البيشي'!D28 -> حوالة نقاوة بلس | E36: حوالة | F36: =IF('جبار البيشي'!E28="","",'جبار البيشي'!E28) | G36: =IF('جبار البيشي'!F28="","",'جبار البيشي'!F28) | H36: =IF(F36="","",ROUND(F36*G36,2)) | I36: =IF(F36="","",ROUND(H36*IF(N('جبار البيشي'!G28)>1,'جبار البيشي'!G28-1,0),2)) | J36: =N('جبار البيشي'!H28) -> 0 | K36: =N('جبار البيشي'!I28) -> 7728
A37: جبار البيشي | B37: ='جبار البيشي'!C29 -> 46307 | C37: ='جبار البيشي'!D29 -> كمثري صحن | D37: كمثري صحن | E37: بضاعة | F37: =IF('جبار البيشي'!E29="","",'جبار البيشي'!E29) -> 40 | G37: =IF('جبار البيشي'!F29="","",'جبار البيشي'!F29) -> 8 | H37: =IF(F37="","",ROUND(F37*G37,2)) -> 320 | I37: =IF(F37="","",ROUND(H37*IF(N('جبار البيشي'!G29)>1,'جبار البيشي'!G29-1,0),2)) -> 48 | J37: =N('جبار البيشي'!H29) -> 368 | K37: =N('جبار البيشي'!I29) -> 0
A38: جبار البيشي | B38: ='جبار البيشي'!C30 -> 46307 | C38: ='جبار البيشي'!D30 -> بخارة صحن | D38: بخارة صحن | E38: بضاعة | F38: =IF('جبار البيشي'!E30="","",'جبار البيشي'!E30) -> 16 | G38: =IF('جبار البيشي'!F30="","",'جبار البيشي'!F30) -> 8 | H38: =IF(F38="","",ROUND(F38*G38,2)) -> 128 | I38: =IF(F38="","",ROUND(H38*IF(N('جبار البيشي'!G30)>1,'جبار البيشي'!G30-1,0),2)) -> 19.2 | J38: =N('جبار البيشي'!H30) -> 147.2 | K38: =N('جبار البيشي'!I30) -> 0
A39: جبار البيشي | B39: ='جبار البيشي'!C31 -> 46307 | C39: ='جبار البيشي'!D31 -> كمثري عكاظ | D39: كمثري عكاظ | E39: بضاعة | F39: =IF('جبار البيشي'!E31="","",'جبار البيشي'!E31) -> 96 | G39: =IF('جبار البيشي'!F31="","",'جبار البيشي'!F31) -> 7 | H39: =IF(F39="","",ROUND(F39*G39,2)) -> 672 | I39: =IF(F39="","",ROUND(H39*IF(N('جبار البيشي'!G31)>1,'جبار البيشي'!G31-1,0),2)) -> 100.8 | J39: =N('جبار البيشي'!H31) -> 772.8 | K39: =N('جبار البيشي'!I31) -> 0
A40: جبار البيشي | B40: ='جبار البيشي'!C32 -> 46307 | C40: ='جبار البيشي'!D32 -> كمثري عكاظ | D40: كمثري عكاظ | E40: بضاعة | F40: =IF('جبار البيشي'!E32="","",'جبار البيشي'!E32) -> 15 | G40: =IF('جبار البيشي'!F32="","",'جبار البيشي'!F32) -> 5 | H40: =IF(F40="","",ROUND(F40*G40,2)) -> 75 | I40: =IF(F40="","",ROUND(H40*IF(N('جبار البيشي'!G32)>1,'جبار البيشي'!G32-1,0),2)) -> 11.25 | J40: =N('جبار البيشي'!H32) -> 86.25 | K40: =N('جبار البيشي'!I32) -> 0
A41: جبار البيشي | B41: ='جبار البيشي'!C33 -> 46308 | C41: ='جبار البيشي'!D33 -> حوالة نقاوة بلس | E41: حوالة | F41: =IF('جبار البيشي'!E33="","",'جبار البيشي'!E33) | G41: =IF('جبار البيشي'!F33="","",'جبار البيشي'!F33) | H41: =IF(F41="","",ROUND(F41*G41,2)) | I41: =IF(F41="","",ROUND(H41*IF(N('جبار البيشي'!G33)>1,'جبار البيشي'!G33-1,0),2)) | J41: =N('جبار البيشي'!H33) -> 0 | K41: =N('جبار البيشي'!I33) -> 5037
A42: جبار البيشي | B42: ='جبار البيشي'!C34 -> 46309 | C42: ='جبار البيشي'!D34 -> كمثري عكاظ | D42: كمثري عكاظ | E42: بضاعة | F42: =IF('جبار البيشي'!E34="","",'جبار البيشي'!E34) -> 80 | G42: =IF('جبار البيشي'!F34="","",'جبار البيشي'!F34) -> 6 | H42: =IF(F42="","",ROUND(F42*G42,2)) -> 480 | I42: =IF(F42="","",ROUND(H42*IF(N('جبار البيشي'!G34)>1,'جبار البيشي'!G34-1,0),2)) -> 72 | J42: =N('جبار البيشي'!H34) -> 552 | K42: =N('جبار البيشي'!I34) -> 0
A43: جبار البيشي | B43: ='جبار البيشي'!C35 -> 46310 | C43: ='جبار البيشي'!D35 -> فراولة | D43: فراولة | E43: بضاعة | F43: =IF('جبار البيشي'!E35="","",'جبار البيشي'!E35) -> 50 | G43: =IF('جبار البيشي'!F35="","",'جبار البيشي'!F35) -> 100 | H43: =IF(F43="","",ROUND(F43*G43,2)) -> 5000 | I43: =IF(F43="","",ROUND(H43*IF(N('جبار البيشي'!G35)>1,'جبار البيشي'!G35-1,0),2)) -> 750 | J43: =N('جبار البيشي'!H35) -> 5750 | K43: =N('جبار البيشي'!I35) -> 0
A44: جبار البيشي | B44: ='جبار البيشي'!C36 -> 46310 | C44: ='جبار البيشي'!D36 -> رمان وسط | D44: رمان وسط | E44: بضاعة | F44: =IF('جبار البيشي'!E36="","",'جبار البيشي'!E36) -> 220 | G44: =IF('جبار البيشي'!F36="","",'جبار البيشي'!F36) -> 15 | H44: =IF(F44="","",ROUND(F44*G44,2)) -> 3300 | I44: =IF(F44="","",ROUND(H44*IF(N('جبار البيشي'!G36)>1,'جبار البيشي'!G36-1,0),2)) -> 495 | J44: =N('جبار البيشي'!H36) -> 3795 | K44: =N('جبار البيشي'!I36) -> 0
A45: جبار البيشي | B45: ='جبار البيشي'!C37 -> 46310 | C45: ='جبار البيشي'!D37 -> تفاح احمر | D45: تفاح احمر | E45: بضاعة | F45: =IF('جبار البيشي'!E37="","",'جبار البيشي'!E37) -> 10 | G45: =IF('جبار البيشي'!F37="","",'جبار البيشي'!F37) -> 8 | H45: =IF(F45="","",ROUND(F45*G45,2)) -> 80 | I45: =IF(F45="","",ROUND(H45*IF(N('جبار البيشي'!G37)>1,'جبار البيشي'!G37-1,0),2)) -> 12 | J45: =N('جبار البيشي'!H37) -> 92 | K45: =N('جبار البيشي'!I37) -> 0
A46: جبار البيشي | B46: ='جبار البيشي'!C38 -> 46311 | C46: ='جبار البيشي'!D38 -> فراولة | D46: فراولة | E46: بضاعة | F46: =IF('جبار البيشي'!E38="","",'جبار البيشي'!E38) -> 42 | G46: =IF('جبار البيشي'!F38="","",'جبار البيشي'!F38) -> 100 | H46: =IF(F46="","",ROUND(F46*G46,2)) -> 4200 | I46: =IF(F46="","",ROUND(H46*IF(N('جبار البيشي'!G38)>1,'جبار البيشي'!G38-1,0),2)) -> 630 | J46: =N('جبار البيشي'!H38) -> 4830 | K46: =N('جبار البيشي'!I38) -> 0
A47: جبار البيشي | B47: ='جبار البيشي'!C39 -> 46313 | C47: ='جبار البيشي'!D39 -> تفاح احمر | D47: تفاح احمر | E47: بضاعة | F47: =IF('جبار البيشي'!E39="","",'جبار البيشي'!E39) -> 20 | G47: =IF('جبار البيشي'!F39="","",'جبار البيشي'!F39) -> 8 | H47: =IF(F47="","",ROUND(F47*G47,2)) -> 160 | I47: =IF(F47="","",ROUND(H47*IF(N('جبار البيشي'!G39)>1,'جبار البيشي'!G39-1,0),2)) -> 24 | J47: =N('جبار البيشي'!H39) -> 184 | K47: =N('جبار البيشي'!I39) -> 0
A48: جبار البيشي | B48: ='جبار البيشي'!C40 -> 46313 | C48: ='جبار البيشي'!D40 -> رمان وسط | D48: رمان وسط | E48: بضاعة | F48: =IF('جبار البيشي'!E40="","",'جبار البيشي'!E40) -> 210 | G48: =IF('جبار البيشي'!F40="","",'جبار البيشي'!F40) -> 16 | H48: =IF(F48="","",ROUND(F48*G48,2)) -> 3360 | I48: =IF(F48="","",ROUND(H48*IF(N('جبار البيشي'!G40)>1,'جبار البيشي'!G40-1,0),2)) -> 504 | J48: =N('جبار البيشي'!H40) -> 3864 | K48: =N('جبار البيشي'!I40) -> 0
A49: جبار البيشي | B49: ='جبار البيشي'!C41 -> 46313 | C49: ='جبار البيشي'!D41 -> فراولة | D49: فراولة | E49: بضاعة | F49: =IF('جبار البيشي'!E41="","",'جبار البيشي'!E41) -> 50 | G49: =IF('جبار البيشي'!F41="","",'جبار البيشي'!F41) -> 100 | H49: =IF(F49="","",ROUND(F49*G49,2)) -> 5000 | I49: =IF(F49="","",ROUND(H49*IF(N('جبار البيشي'!G41)>1,'جبار البيشي'!G41-1,0),2)) -> 750 | J49: =N('جبار البيشي'!H41) -> 5750 | K49: =N('جبار البيشي'!I41) -> 0
A50: جبار البيشي | B50: ='جبار البيشي'!C42 -> 46313 | C50: ='جبار البيشي'!D42 -> حوالة نقاوة بلس | E50: حوالة | F50: =IF('جبار البيشي'!E42="","",'جبار البيشي'!E42) | G50: =IF('جبار البيشي'!F42="","",'جبار البيشي'!F42) | H50: =IF(F50="","",ROUND(F50*G50,2)) | I50: =IF(F50="","",ROUND(H50*IF(N('جبار البيشي'!G42)>1,'جبار البيشي'!G42-1,0),2)) | J50: =N('جبار البيشي'!H42) -> 0 | K50: =N('جبار البيشي'!I42) -> 2428
A51: جبار البيشي | B51: ='جبار البيشي'!C43 -> 46314 | C51: ='جبار البيشي'!D43 -> عنب تركي | D51: عنب تركي | E51: بضاعة | F51: =IF('جبار البيشي'!E43="","",'جبار البيشي'!E43) -> 90 | G51: =IF('جبار البيشي'!F43="","",'جبار البيشي'!F43) -> 65 | H51: =IF(F51="","",ROUND(F51*G51,2)) -> 5850 | I51: =IF(F51="","",ROUND(H51*IF(N('جبار البيشي'!G43)>1,'جبار البيشي'!G43-1,0),2)) -> 877.5 | J51: =N('جبار البيشي'!H43) -> 6727.5 | K51: =N('جبار البيشي'!I43) -> 0
A52: جبار البيشي | B52: ='جبار البيشي'!C44 -> 46314 | C52: ='جبار البيشي'!D44 -> كاكا لبناني | D52: كاكا لبناني | E52: بضاعة | F52: =IF('جبار البيشي'!E44="","",'جبار البيشي'!E44) -> 350 | G52: =IF('جبار البيشي'!F44="","",'جبار البيشي'!F44) -> 16 | H52: =IF(F52="","",ROUND(F52*G52,2)) -> 5600 | I52: =IF(F52="","",ROUND(H52*IF(N('جبار البيشي'!G44)>1,'جبار البيشي'!G44-1,0),2)) -> 840 | J52: =N('جبار البيشي'!H44) -> 6440 | K52: =N('جبار البيشي'!I44) -> 0
A53: جبار البيشي | B53: ='جبار البيشي'!C45 -> 46315 | C53: ='جبار البيشي'!D45 -> حوالة الحساني | E53: حوالة | F53: =IF('جبار البيشي'!E45="","",'جبار البيشي'!E45) | G53: =IF('جبار البيشي'!F45="","",'جبار البيشي'!F45) | H53: =IF(F53="","",ROUND(F53*G53,2)) | I53: =IF(F53="","",ROUND(H53*IF(N('جبار البيشي'!G45)>1,'جبار البيشي'!G45-1,0),2)) | J53: =N('جبار البيشي'!H45) -> 0 | K53: =N('جبار البيشي'!I45) -> 6626.3
A54: جبار البيشي | B54: ='جبار البيشي'!C46 -> 46316 | C54: ='جبار البيشي'!D46 -> عنب تركي | D54: عنب تركي | E54: بضاعة | F54: =IF('جبار البيشي'!E46="","",'جبار البيشي'!E46) -> 70 | G54: =IF('جبار البيشي'!F46="","",'جبار البيشي'!F46) -> 64 | H54: =IF(F54="","",ROUND(F54*G54,2)) -> 4480 | I54: =IF(F54="","",ROUND(H54*IF(N('جبار البيشي'!G46)>1,'جبار البيشي'!G46-1,0),2)) -> 672 | J54: =N('جبار البيشي'!H46) -> 5152 | K54: =N('جبار البيشي'!I46) -> 0
A55: جبار البيشي | B55: ='جبار البيشي'!C47 -> 46317 | C55: ='جبار البيشي'!D47 -> كاكا لبناني | D55: كاكا لبناني | E55: بضاعة | F55: =IF('جبار البيشي'!E47="","",'جبار البيشي'!E47) -> 415 | G55: =IF('جبار البيشي'!F47="","",'جبار البيشي'!F47) -> 16 | H55: =IF(F55="","",ROUND(F55*G55,2)) -> 6640 | I55: =IF(F55="","",ROUND(H55*IF(N('جبار البيشي'!G47)>1,'جبار البيشي'!G47-1,0),2)) -> 996 | J55: =N('جبار البيشي'!H47) -> 7636 | K55: =N('جبار البيشي'!I47) -> 0
A56: جبار البيشي | B56: ='جبار البيشي'!C48 -> 46317 | C56: ='جبار البيشي'!D48 -> فراولة | D56: فراولة | E56: بضاعة | F56: =IF('جبار البيشي'!E48="","",'جبار البيشي'!E48) -> 84 | G56: =IF('جبار البيشي'!F48="","",'جبار البيشي'!F48) -> 105 | H56: =IF(F56="","",ROUND(F56*G56,2)) -> 8820 | I56: =IF(F56="","",ROUND(H56*IF(N('جبار البيشي'!G48)>1,'جبار البيشي'!G48-1,0),2)) -> 1323 | J56: =N('جبار البيشي'!H48) -> 10143 | K56: =N('جبار البيشي'!I48) -> 0
A57: جبار البيشي | B57: ='جبار البيشي'!C49 -> 46317 | C57: ='جبار البيشي'!D49 -> سداد سند/6787 | E57: سداد | F57: =IF('جبار البيشي'!E49="","",'جبار البيشي'!E49) | G57: =IF('جبار البيشي'!F49="","",'جبار البيشي'!F49) | H57: =IF(F57="","",ROUND(F57*G57,2)) | I57: =IF(F57="","",ROUND(H57*IF(N('جبار البيشي'!G49)>1,'جبار البيشي'!G49-1,0),2)) | J57: =N('جبار البيشي'!H49) -> 0 | K57: =N('جبار البيشي'!I49) -> 15000
A58: جبار البيشي | B58: ='جبار البيشي'!C50 -> 46317 | C58: ='جبار البيشي'!D50 -> حوالة بنكية محمد عادل | E58: حوالة | F58: =IF('جبار البيشي'!E50="","",'جبار البيشي'!E50) | G58: =IF('جبار البيشي'!F50="","",'جبار البيشي'!F50) | H58: =IF(F58="","",ROUND(F58*G58,2)) | I58: =IF(F58="","",ROUND(H58*IF(N('جبار البيشي'!G50)>1,'جبار البيشي'!G50-1,0),2)) | J58: =N('جبار البيشي'!H50) -> 0 | K58: =N('جبار البيشي'!I50) -> 3000
A59: جبار البيشي | B59: ='جبار البيشي'!C51 -> 46318 | C59: ='جبار البيشي'!D51 -> عنب تركي | D59: عنب تركي | E59: بضاعة | F59: =IF('جبار البيشي'!E51="","",'جبار البيشي'!E51) -> 10 | G59: =IF('جبار البيشي'!F51="","",'جبار البيشي'!F51) -> 63 | H59: =IF(F59="","",ROUND(F59*G59,2)) -> 630 | I59: =IF(F59="","",ROUND(H59*IF(N('جبار البيشي'!G51)>1,'جبار البيشي'!G51-1,0),2)) -> 94.5 | J59: =N('جبار البيشي'!H51) -> 724.5 | K59: =N('جبار البيشي'!I51) -> 0
A60: جبار البيشي | B60: ='جبار البيشي'!C52 -> 46319 | C60: ='جبار البيشي'!D52 -> عنب تركي | D60: عنب تركي | E60: بضاعة | F60: =IF('جبار البيشي'!E52="","",'جبار البيشي'!E52) -> 74 | G60: =IF('جبار البيشي'!F52="","",'جبار البيشي'!F52) -> 59 | H60: =IF(F60="","",ROUND(F60*G60,2)) -> 4366 | I60: =IF(F60="","",ROUND(H60*IF(N('جبار البيشي'!G52)>1,'جبار البيشي'!G52-1,0),2)) -> 654.9 | J60: =N('جبار البيشي'!H52) -> 5020.9 | K60: =N('جبار البيشي'!I52) -> 0
A61: جبار البيشي | B61: ='جبار البيشي'!C53 -> 46319 | C61: ='جبار البيشي'!D53 -> فراولة | D61: فراولة | E61: بضاعة | F61: =IF('جبار البيشي'!E53="","",'جبار البيشي'!E53) -> 100 | G61: =IF('جبار البيشي'!F53="","",'جبار البيشي'!F53) -> 100 | H61: =IF(F61="","",ROUND(F61*G61,2)) -> 10000 | I61: =IF(F61="","",ROUND(H61*IF(N('جبار البيشي'!G53)>1,'جبار البيشي'!G53-1,0),2)) -> 1500 | J61: =N('جبار البيشي'!H53) -> 11500 | K61: =N('جبار البيشي'!I53) -> 0
A62: جبار البيشي | B62: ='جبار البيشي'!C54 -> 46319 | C62: ='جبار البيشي'!D54 -> شبكة تحويل سند/6713 | E62: حوالة | F62: =IF('جبار البيشي'!E54="","",'جبار البيشي'!E54) | G62: =IF('جبار البيشي'!F54="","",'جبار البيشي'!F54) | H62: =IF(F62="","",ROUND(F62*G62,2)) | I62: =IF(F62="","",ROUND(H62*IF(N('جبار البيشي'!G54)>1,'جبار البيشي'!G54-1,0),2)) | J62: =N('جبار البيشي'!H54) -> 0 | K62: =N('جبار البيشي'!I54) -> 22
A63: جبار البيشي | B63: ='جبار البيشي'!C55 -> 46320 | C63: ='جبار البيشي'!D55 -> سداد سند/5568 | E63: سداد | F63: =IF('جبار البيشي'!E55="","",'جبار البيشي'!E55) | G63: =IF('جبار البيشي'!F55="","",'جبار البيشي'!F55) | H63: =IF(F63="","",ROUND(F63*G63,2)) | I63: =IF(F63="","",ROUND(H63*IF(N('جبار البيشي'!G55)>1,'جبار البيشي'!G55-1,0),2)) | J63: =N('جبار البيشي'!H55) -> 0 | K63: =N('جبار البيشي'!I55) -> 10000
A64: جبار البيشي | B64: ='جبار البيشي'!C56 -> 46320 | C64: ='جبار البيشي'!D56 -> افندي تركي | D64: افندي تركي | E64: بضاعة | F64: =IF('جبار البيشي'!E56="","",'جبار البيشي'!E56) -> 130 | G64: =IF('جبار البيشي'!F56="","",'جبار البيشي'!F56) -> 12 | H64: =IF(F64="","",ROUND(F64*G64,2)) -> 1560 | I64: =IF(F64="","",ROUND(H64*IF(N('جبار البيشي'!G56)>1,'جبار البيشي'!G56-1,0),2)) -> 234 | J64: =N('جبار البيشي'!H56) -> 1794 | K64: =N('جبار البيشي'!I56) -> 0
A65: جبار البيشي | B65: ='جبار البيشي'!C57 -> 46320 | C65: ='جبار البيشي'!D57 -> حوالة بنكية نقاوة بلس | E65: حوالة | F65: =IF('جبار البيشي'!E57="","",'جبار البيشي'!E57) | G65: =IF('جبار البيشي'!F57="","",'جبار البيشي'!F57) | H65: =IF(F65="","",ROUND(F65*G65,2)) | I65: =IF(F65="","",ROUND(H65*IF(N('جبار البيشي'!G57)>1,'جبار البيشي'!G57-1,0),2)) | J65: =N('جبار البيشي'!H57) -> 0 | K65: =N('جبار البيشي'!I57) -> 7000
A66: جبار البيشي | B66: ='جبار البيشي'!C58 -> 46321 | C66: ='جبار البيشي'!D58 -> عنب تركي | D66: عنب تركي | E66: بضاعة | F66: =IF('جبار البيشي'!E58="","",'جبار البيشي'!E58) -> 48 | G66: =IF('جبار البيشي'!F58="","",'جبار البيشي'!F58) -> 58 | H66: =IF(F66="","",ROUND(F66*G66,2)) -> 2784 | I66: =IF(F66="","",ROUND(H66*IF(N('جبار البيشي'!G58)>1,'جبار البيشي'!G58-1,0),2)) -> 417.6 | J66: =N('جبار البيشي'!H58) -> 3201.6 | K66: =N('جبار البيشي'!I58) -> 0
A67: جبار البيشي | B67: ='جبار البيشي'!C59 -> 46321 | C67: ='جبار البيشي'!D59 -> حوالة بنكية محمد عادل | E67: حوالة | F67: =IF('جبار البيشي'!E59="","",'جبار البيشي'!E59) | G67: =IF('جبار البيشي'!F59="","",'جبار البيشي'!F59) | H67: =IF(F67="","",ROUND(F67*G67,2)) | I67: =IF(F67="","",ROUND(H67*IF(N('جبار البيشي'!G59)>1,'جبار البيشي'!G59-1,0),2)) | J67: =N('جبار البيشي'!H59) -> 0 | K67: =N('جبار البيشي'!I59) -> 7800
A68: جبار البيشي | B68: ='جبار البيشي'!C60 -> 46321 | C68: ='جبار البيشي'!D60 -> حوالة بنكية نقاوة بلس | E68: حوالة | F68: =IF('جبار البيشي'!E60="","",'جبار البيشي'!E60) | G68: =IF('جبار البيشي'!F60="","",'جبار البيشي'!F60) | H68: =IF(F68="","",ROUND(F68*G68,2)) | I68: =IF(F68="","",ROUND(H68*IF(N('جبار البيشي'!G60)>1,'جبار البيشي'!G60-1,0),2)) | J68: =N('جبار البيشي'!H60) -> 0 | K68: =N('جبار البيشي'!I60) -> 5110
A69: جبار البيشي | B69: ='جبار البيشي'!C61 -> 46322 | C69: ='جبار البيشي'!D61 -> سداد سند/5578 | E69: سداد | F69: =IF('جبار البيشي'!E61="","",'جبار البيشي'!E61) | G69: =IF('جبار البيشي'!F61="","",'جبار البيشي'!F61) | H69: =IF(F69="","",ROUND(F69*G69,2)) | I69: =IF(F69="","",ROUND(H69*IF(N('جبار البيشي'!G61)>1,'جبار البيشي'!G61-1,0),2)) | J69: =N('جبار البيشي'!H61) -> 0 | K69: =N('جبار البيشي'!I61) -> 15000
A70: جبار البيشي | B70: ='جبار البيشي'!C62 -> 46323 | C70: ='جبار البيشي'!D62 -> شبكة تحويل سند/6718 | E70: حوالة | F70: =IF('جبار البيشي'!E62="","",'جبار البيشي'!E62) | G70: =IF('جبار البيشي'!F62="","",'جبار البيشي'!F62) | H70: =IF(F70="","",ROUND(F70*G70,2)) | I70: =IF(F70="","",ROUND(H70*IF(N('جبار البيشي'!G62)>1,'جبار البيشي'!G62-1,0),2)) | J70: =N('جبار البيشي'!H62) -> 0 | K70: =N('جبار البيشي'!I62) -> 45
A71: جبار البيشي | B71: ='جبار البيشي'!C63 -> 46323 | C71: ='جبار البيشي'!D63 -> حوالة بنكية نقاوة بلس | E71: حوالة | F71: =IF('جبار البيشي'!E63="","",'جبار البيشي'!E63) | G71: =IF('جبار البيشي'!F63="","",'جبار البيشي'!F63) | H71: =IF(F71="","",ROUND(F71*G71,2)) | I71: =IF(F71="","",ROUND(H71*IF(N('جبار البيشي'!G63)>1,'جبار البيشي'!G63-1,0),2)) | J71: =N('جبار البيشي'!H63) -> 0 | K71: =N('جبار البيشي'!I63) -> 5000
A72: جبار البيشي | B72: ='جبار البيشي'!C64 -> 46323 | C72: ='جبار البيشي'!D64 -> حوالة بنكية محمود الساعي | E72: حوالة | F72: =IF('جبار البيشي'!E64="","",'جبار البيشي'!E64) | G72: =IF('جبار البيشي'!F64="","",'جبار البيشي'!F64) | H72: =IF(F72="","",ROUND(F72*G72,2)) | I72: =IF(F72="","",ROUND(H72*IF(N('جبار البيشي'!G64)>1,'جبار البيشي'!G64-1,0),2)) | J72: =N('جبار البيشي'!H64) -> 0 | K72: =N('جبار البيشي'!I64) -> 4275
A73: جبار البيشي | B73: ='جبار البيشي'!C65 -> 46323 | C73: ='جبار البيشي'!D65 -> حوالة بنكية نقاوة بلس | E73: حوالة | F73: =IF('جبار البيشي'!E65="","",'جبار البيشي'!E65) | G73: =IF('جبار البيشي'!F65="","",'جبار البيشي'!F65) | H73: =IF(F73="","",ROUND(F73*G73,2)) | I73: =IF(F73="","",ROUND(H73*IF(N('جبار البيشي'!G65)>1,'جبار البيشي'!G65-1,0),2)) | J73: =N('جبار البيشي'!H65) -> 0 | K73: =N('جبار البيشي'!I65) -> 4326
A74: جبار البيشي | B74: ='جبار البيشي'!C66 -> 46324 | C74: ='جبار البيشي'!D66 -> شبكة تحويل سند/6719 | E74: حوالة | F74: =IF('جبار البيشي'!E66="","",'جبار البيشي'!E66) | G74: =IF('جبار البيشي'!F66="","",'جبار البيشي'!F66) | H74: =IF(F74="","",ROUND(F74*G74,2)) | I74: =IF(F74="","",ROUND(H74*IF(N('جبار البيشي'!G66)>1,'جبار البيشي'!G66-1,0),2)) | J74: =N('جبار البيشي'!H66) -> 0 | K74: =N('جبار البيشي'!I66) -> 155
A75: جبار البيشي | B75: ='جبار البيشي'!C67 -> 46324 | C75: ='جبار البيشي'!D67 -> فراولة | D75: فراولة | E75: بضاعة | F75: =IF('جبار البيشي'!E67="","",'جبار البيشي'!E67) -> 99 | G75: =IF('جبار البيشي'!F67="","",'جبار البيشي'!F67) -> 100 | H75: =IF(F75="","",ROUND(F75*G75,2)) -> 9900 | I75: =IF(F75="","",ROUND(H75*IF(N('جبار البيشي'!G67)>1,'جبار البيشي'!G67-1,0),2)) -> 1485 | J75: =N('جبار البيشي'!H67) -> 11385 | K75: =N('جبار البيشي'!I67) -> 0
A76: جبار البيشي | B76: ='جبار البيشي'!C68 -> 46324 | C76: ='جبار البيشي'!D68 -> فراولة | D76: فراولة | E76: بضاعة | F76: =IF('جبار البيشي'!E68="","",'جبار البيشي'!E68) -> 1 | G76: =IF('جبار البيشي'!F68="","",'جبار البيشي'!F68) -> 90 | H76: =IF(F76="","",ROUND(F76*G76,2)) -> 90 | I76: =IF(F76="","",ROUND(H76*IF(N('جبار البيشي'!G68)>1,'جبار البيشي'!G68-1,0),2)) -> 13.5 | J76: =N('جبار البيشي'!H68) -> 103.5 | K76: =N('جبار البيشي'!I68) -> 0
A77: جبار البيشي | B77: ='جبار البيشي'!C69 -> 46325 | C77: ='جبار البيشي'!D69 -> جريب فروت | D77: جريب فروت | E77: بضاعة | F77: =IF('جبار البيشي'!E69="","",'جبار البيشي'!E69) -> 9 | G77: =IF('جبار البيشي'!F69="","",'جبار البيشي'!F69) -> 60 | H77: =IF(F77="","",ROUND(F77*G77,2)) -> 540 | I77: =IF(F77="","",ROUND(H77*IF(N('جبار البيشي'!G69)>1,'جبار البيشي'!G69-1,0),2)) -> 81 | J77: =N('جبار البيشي'!H69) -> 621 | K77: =N('جبار البيشي'!I69) -> 0
A78: عزم الإنجاز | B78: ='عزم الانجاز'!C7 -> 46317 | C78: ='عزم الانجاز'!D7 -> كعك علب | D78: كعك علبة | E78: بضاعة | F78: =IF('عزم الانجاز'!E7="","",'عزم الانجاز'!E7) -> 40 | G78: =IF('عزم الانجاز'!F7="","",'عزم الانجاز'!F7) -> 30 | H78: =IF(F78="","",ROUND(F78*G78,2)) -> 1200 | I78: =IF(F78="","",ROUND(H78*IF(N('عزم الانجاز'!G7)>1,'عزم الانجاز'!G7-1,0),2)) -> 180 | J78: =N('عزم الانجاز'!H7) -> 1380 | K78: =N('عزم الانجاز'!I7) -> 0
A79: عزم الإنجاز | B79: ='عزم الانجاز'!C8 -> 46317 | C79: ='عزم الانجاز'!D8 -> خوخ علب | D79: خوخ علبة | E79: بضاعة | F79: =IF('عزم الانجاز'!E8="","",'عزم الانجاز'!E8) -> 30 | G79: =IF('عزم الانجاز'!F8="","",'عزم الانجاز'!F8) -> 32 | H79: =IF(F79="","",ROUND(F79*G79,2)) -> 960 | I79: =IF(F79="","",ROUND(H79*IF(N('عزم الانجاز'!G8)>1,'عزم الانجاز'!G8-1,0),2)) -> 144 | J79: =N('عزم الانجاز'!H8) -> 1104 | K79: =N('عزم الانجاز'!I8) -> 0
A80: عزم الإنجاز | B80: ='عزم الانجاز'!C9 -> 46317 | C80: ='عزم الانجاز'!D9 -> نكترين علب | D80: نكتارين علبة | E80: بضاعة | F80: =IF('عزم الانجاز'!E9="","",'عزم الانجاز'!E9) -> 30 | G80: =IF('عزم الانجاز'!F9="","",'عزم الانجاز'!F9) -> 24 | H80: =IF(F80="","",ROUND(F80*G80,2)) -> 720 | I80: =IF(F80="","",ROUND(H80*IF(N('عزم الانجاز'!G9)>1,'عزم الانجاز'!G9-1,0),2)) -> 108 | J80: =N('عزم الانجاز'!H9) -> 828 | K80: =N('عزم الانجاز'!I9) -> 0
A81: عزم الإنجاز | B81: ='عزم الانجاز'!C10 -> 46320 | C81: ='عزم الانجاز'!D10 -> سداد سند/79896 | E81: سداد | F81: =IF('عزم الانجاز'!E10="","",'عزم الانجاز'!E10) | G81: =IF('عزم الانجاز'!F10="","",'عزم الانجاز'!F10) | H81: =IF(F81="","",ROUND(F81*G81,2)) | I81: =IF(F81="","",ROUND(H81*IF(N('عزم الانجاز'!G10)>1,'عزم الانجاز'!G10-1,0),2)) | J81: =N('عزم الانجاز'!H10) -> 0 | K81: =N('عزم الانجاز'!I10) -> 1000
A82: عزم الإنجاز | B82: ='عزم الانجاز'!C11 -> 46322 | C82: ='عزم الانجاز'!D11 -> سداد سند/79948 | E82: سداد | F82: =IF('عزم الانجاز'!E11="","",'عزم الانجاز'!E11) | G82: =IF('عزم الانجاز'!F11="","",'عزم الانجاز'!F11) | H82: =IF(F82="","",ROUND(F82*G82,2)) | I82: =IF(F82="","",ROUND(H82*IF(N('عزم الانجاز'!G11)>1,'عزم الانجاز'!G11-1,0),2)) | J82: =N('عزم الانجاز'!H11) -> 0 | K82: =N('عزم الانجاز'!I11) -> 1000
A83: عزم الإنجاز | B83: ='عزم الانجاز'!C12 -> 46324 | C83: ='عزم الانجاز'!D12 -> سداد سند/79988 | E83: سداد | F83: =IF('عزم الانجاز'!E12="","",'عزم الانجاز'!E12) | G83: =IF('عزم الانجاز'!F12="","",'عزم الانجاز'!F12) | H83: =IF(F83="","",ROUND(F83*G83,2)) | I83: =IF(F83="","",ROUND(H83*IF(N('عزم الانجاز'!G12)>1,'عزم الانجاز'!G12-1,0),2)) | J83: =N('عزم الانجاز'!H12) -> 0 | K83: =N('عزم الانجاز'!I12) -> 1310
A84: ثمار العالمي | B84: ='ثمار العالمي'!C7 -> 46305 | C84: ='ثمار العالمي'!D7 -> مانجو | D84: مانجو | E84: بضاعة | F84: =IF('ثمار العالمي'!E7="","",'ثمار العالمي'!E7) -> 19 | G84: =IF('ثمار العالمي'!F7="","",'ثمار العالمي'!F7) -> 16 | H84: =IF(F84="","",ROUND(F84*G84,2)) -> 304 | I84: =IF(F84="","",ROUND(H84*IF(N('ثمار العالمي'!G7)>1,'ثمار العالمي'!G7-1,0),2)) -> 45.6 | J84: =N('ثمار العالمي'!H7) -> 349.6 | K84: =N('ثمار العالمي'!I7) -> 0
A85: ثمار العالمي | B85: ='ثمار العالمي'!C8 -> 46306 | C85: ='ثمار العالمي'!D8 -> سداد | E85: سداد | F85: =IF('ثمار العالمي'!E8="","",'ثمار العالمي'!E8) | G85: =IF('ثمار العالمي'!F8="","",'ثمار العالمي'!F8) | H85: =IF(F85="","",ROUND(F85*G85,2)) | I85: =IF(F85="","",ROUND(H85*IF(N('ثمار العالمي'!G8)>1,'ثمار العالمي'!G8-1,0),2)) | J85: =N('ثمار العالمي'!H8) -> 0 | K85: =N('ثمار العالمي'!I8) -> 350
A86: عبدالرحمن قدري | B86: ='عبدالرحمن قدري'!C7 -> 46313 | C86: ='عبدالرحمن قدري'!D7 -> نكترين وزن | D86: نكتارين وزن | E86: بضاعة | F86: =IF('عبدالرحمن قدري'!E7="","",'عبدالرحمن قدري'!E7) -> 20 | G86: =IF('عبدالرحمن قدري'!F7="","",'عبدالرحمن قدري'!F7) -> 20 | H86: =IF(F86="","",ROUND(F86*G86,2)) -> 400 | I86: =IF(F86="","",ROUND(H86*IF(N('عبدالرحمن قدري'!G7)>1,'عبدالرحمن قدري'!G7-1,0),2)) -> 60 | J86: =N('عبدالرحمن قدري'!H7) -> 460 | K86: =N('عبدالرحمن قدري'!I7) -> 0
A87: عبدالرحمن قدري | B87: ='عبدالرحمن قدري'!C8 -> 46321 | C87: ='عبدالرحمن قدري'!D8 -> سداد | E87: سداد | F87: =IF('عبدالرحمن قدري'!E8="","",'عبدالرحمن قدري'!E8) | G87: =IF('عبدالرحمن قدري'!F8="","",'عبدالرحمن قدري'!F8) | H87: =IF(F87="","",ROUND(F87*G87,2)) | I87: =IF(F87="","",ROUND(H87*IF(N('عبدالرحمن قدري'!G8)>1,'عبدالرحمن قدري'!G8-1,0),2)) | J87: =N('عبدالرحمن قدري'!H8) -> 0 | K87: =N('عبدالرحمن قدري'!I8) -> 460
A88: معتصم الحصباني | B88: ='معتصم الحصباني'!C7 -> 46324 | C88: ='معتصم الحصباني'!D7 -> تفاح احمر | D88: تفاح احمر | E88: بضاعة | F88: =IF('معتصم الحصباني'!E7="","",'معتصم الحصباني'!E7) -> 42 | G88: =IF('معتصم الحصباني'!F7="","",'معتصم الحصباني'!F7) -> 45 | H88: =IF(F88="","",ROUND(F88*G88,2)) -> 1890 | I88: =IF(F88="","",ROUND(H88*IF(N('معتصم الحصباني'!G7)>1,'معتصم الحصباني'!G7-1,0),2)) -> 283.5 | J88: =N('معتصم الحصباني'!H7) -> 2173.5 | K88: =N('معتصم الحصباني'!I7) -> 0
A89: معتصم الحصباني | B89: ='معتصم الحصباني'!C8 -> 46324 | C89: ='معتصم الحصباني'!D8 -> تفاح ابيض | D89: تفاح ابيض | E89: بضاعة | F89: =IF('معتصم الحصباني'!E8="","",'معتصم الحصباني'!E8) -> 19 | G89: =IF('معتصم الحصباني'!F8="","",'معتصم الحصباني'!F8) -> 31 | H89: =IF(F89="","",ROUND(F89*G89,2)) -> 589 | I89: =IF(F89="","",ROUND(H89*IF(N('معتصم الحصباني'!G8)>1,'معتصم الحصباني'!G8-1,0),2)) -> 88.35 | J89: =N('معتصم الحصباني'!H8) -> 677.35 | K89: =N('معتصم الحصباني'!I8) -> 0
A90: عبر الإقليم | B90: ='عبر الاقليم'!C7 -> 46297 | C90: ='عبر الاقليم'!D7 -> جزر صيني | D90: جزر صيني | E90: بضاعة | F90: =IF('عبر الاقليم'!E7="","",'عبر الاقليم'!E7) -> 86 | G90: =IF('عبر الاقليم'!F7="","",'عبر الاقليم'!F7) -> 18 | H90: =IF(F90="","",ROUND(F90*G90,2)) -> 1548 | I90: =IF(F90="","",ROUND(H90*IF(N('عبر الاقليم'!G7)>1,'عبر الاقليم'!G7-1,0),2)) -> 232.2 | J90: =N('عبر الاقليم'!H7) -> 1780.2 | K90: =N('عبر الاقليم'!I7) -> 0
A91: عبر الإقليم | B91: ='عبر الاقليم'!C8 -> 46298 | C91: ='عبر الاقليم'!D8 -> نكترين علبة | D91: نكتارين علبة | E91: بضاعة | F91: =IF('عبر الاقليم'!E8="","",'عبر الاقليم'!E8) -> 40 | G91: =IF('عبر الاقليم'!F8="","",'عبر الاقليم'!F8) -> 24 | H91: =IF(F91="","",ROUND(F91*G91,2)) -> 960 | I91: =IF(F91="","",ROUND(H91*IF(N('عبر الاقليم'!G8)>1,'عبر الاقليم'!G8-1,0),2)) -> 144 | J91: =N('عبر الاقليم'!H8) -> 1104 | K91: =N('عبر الاقليم'!I8) -> 0
A92: عبر الإقليم | B92: ='عبر الاقليم'!C9 -> 46299 | C92: ='عبر الاقليم'!D9 -> كعك علبة | D92: كعك علبة | E92: بضاعة | F92: =IF('عبر الاقليم'!E9="","",'عبر الاقليم'!E9) -> 40 | G92: =IF('عبر الاقليم'!F9="","",'عبر الاقليم'!F9) -> 31.45 | H92: =IF(F92="","",ROUND(F92*G92,2)) -> 1258 | I92: =IF(F92="","",ROUND(H92*IF(N('عبر الاقليم'!G9)>1,'عبر الاقليم'!G9-1,0),2)) -> 188.7 | J92: =N('عبر الاقليم'!H9) -> 1446.7 | K92: =N('عبر الاقليم'!I9) -> 0
A93: عبر الإقليم | B93: ='عبر الاقليم'!C10 -> 46301 | C93: ='عبر الاقليم'!D10 -> سداد حوالة محيط دلتا | E93: حوالة | F93: =IF('عبر الاقليم'!E10="","",'عبر الاقليم'!E10) | G93: =IF('عبر الاقليم'!F10="","",'عبر الاقليم'!F10) | H93: =IF(F93="","",ROUND(F93*G93,2)) | I93: =IF(F93="","",ROUND(H93*IF(N('عبر الاقليم'!G10)>1,'عبر الاقليم'!G10-1,0),2)) | J93: =N('عبر الاقليم'!H10) -> 0 | K93: =N('عبر الاقليم'!I10) -> 2769
A94: عبر الإقليم | B94: ='عبر الاقليم'!C11 -> 46302 | C94: ='عبر الاقليم'!D11 -> تفاح | D94: تفاح | E94: بضاعة | F94: =IF('عبر الاقليم'!E11="","",'عبر الاقليم'!E11) -> 4 | G94: =IF('عبر الاقليم'!F11="","",'عبر الاقليم'!F11) -> 48 | H94: =IF(F94="","",ROUND(F94*G94,2)) -> 192 | I94: =IF(F94="","",ROUND(H94*IF(N('عبر الاقليم'!G11)>1,'عبر الاقليم'!G11-1,0),2)) -> 28.8 | J94: =N('عبر الاقليم'!H11) -> 220.8 | K94: =N('عبر الاقليم'!I11) -> 0
A95: عبر الإقليم | B95: ='عبر الاقليم'!C12 -> 46303 | C95: ='عبر الاقليم'!D12 -> كعك علبة | D95: كعك علبة | E95: بضاعة | F95: =IF('عبر الاقليم'!E12="","",'عبر الاقليم'!E12) -> 40 | G95: =IF('عبر الاقليم'!F12="","",'عبر الاقليم'!F12) -> 36 | H95: =IF(F95="","",ROUND(F95*G95,2)) -> 1440 | I95: =IF(F95="","",ROUND(H95*IF(N('عبر الاقليم'!G12)>1,'عبر الاقليم'!G12-1,0),2)) -> 0 | J95: =N('عبر الاقليم'!H12) -> 1440 | K95: =N('عبر الاقليم'!I12) -> 0
A96: عبر الإقليم | B96: ='عبر الاقليم'!C13 -> 46303 | C96: ='عبر الاقليم'!D13 -> نكترين علبة | D96: نكتارين علبة | E96: بضاعة | F96: =IF('عبر الاقليم'!E13="","",'عبر الاقليم'!E13) -> 20 | G96: =IF('عبر الاقليم'!F13="","",'عبر الاقليم'!F13) -> 25 | H96: =IF(F96="","",ROUND(F96*G96,2)) -> 500 | I96: =IF(F96="","",ROUND(H96*IF(N('عبر الاقليم'!G13)>1,'عبر الاقليم'!G13-1,0),2)) -> 0 | J96: =N('عبر الاقليم'!H13) -> 500 | K96: =N('عبر الاقليم'!I13) -> 0
A97: عبر الإقليم | B97: ='عبر الاقليم'!C14 -> 46303 | C97: ='عبر الاقليم'!D14 -> خوخ | D97: خوخ | E97: بضاعة | F97: =IF('عبر الاقليم'!E14="","",'عبر الاقليم'!E14) -> 30 | G97: =IF('عبر الاقليم'!F14="","",'عبر الاقليم'!F14) -> 36 | H97: =IF(F97="","",ROUND(F97*G97,2)) -> 1080 | I97: =IF(F97="","",ROUND(H97*IF(N('عبر الاقليم'!G14)>1,'عبر الاقليم'!G14-1,0),2)) -> 0 | J97: =N('عبر الاقليم'!H14) -> 1080 | K97: =N('عبر الاقليم'!I14) -> 0
A98: عبر الإقليم | B98: ='عبر الاقليم'!C15 -> 46305 | C98: ='عبر الاقليم'!D15 -> سداد نقدي | E98: سداد | F98: =IF('عبر الاقليم'!E15="","",'عبر الاقليم'!E15) | G98: =IF('عبر الاقليم'!F15="","",'عبر الاقليم'!F15) | H98: =IF(F98="","",ROUND(F98*G98,2)) | I98: =IF(F98="","",ROUND(H98*IF(N('عبر الاقليم'!G15)>1,'عبر الاقليم'!G15-1,0),2)) | J98: =N('عبر الاقليم'!H15) -> 0 | K98: =N('عبر الاقليم'!I15) -> 104
A99: عبر الإقليم | B99: ='عبر الاقليم'!C16 -> 46305 | C99: ='عبر الاقليم'!D16 -> رمان وسط | D99: رمان وسط | E99: بضاعة | F99: =IF('عبر الاقليم'!E16="","",'عبر الاقليم'!E16) -> 198 | G99: =IF('عبر الاقليم'!F16="","",'عبر الاقليم'!F16) -> 15 | H99: =IF(F99="","",ROUND(F99*G99,2)) -> 2970 | I99: =IF(F99="","",ROUND(H99*IF(N('عبر الاقليم'!G16)>1,'عبر الاقليم'!G16-1,0),2)) -> 445.5 | J99: =N('عبر الاقليم'!H16) -> 3415.5 | K99: =N('عبر الاقليم'!I16) -> 0
A100: عبر الإقليم | B100: ='عبر الاقليم'!C17 -> 46306 | C100: ='عبر الاقليم'!D17 -> رمان وسط | D100: رمان وسط | E100: بضاعة | F100: =IF('عبر الاقليم'!E17="","",'عبر الاقليم'!E17) -> 200 | G100: =IF('عبر الاقليم'!F17="","",'عبر الاقليم'!F17) -> 15 | H100: =IF(F100="","",ROUND(F100*G100,2)) -> 3000 | I100: =IF(F100="","",ROUND(H100*IF(N('عبر الاقليم'!G17)>1,'عبر الاقليم'!G17-1,0),2)) -> 450 | J100: =N('عبر الاقليم'!H17) -> 3450 | K100: =N('عبر الاقليم'!I17) -> 0
...

Sheet تحليل الأصناف
A1: تحليل المشتريات حسب الصنف
A2: يشمل حركات البضاعة في الاتجاه الطبيعي فقط (نوع الحركة = بضاعة) من سجل الحركات. الأسماء موحّدة (مثال: نكترين/نكتارين).
A3: # | B3: الصنف | C3: الكمية (صندوق) | D3: عدد الحركات | E3: القيمة قبل الضريبة | F3: الضريبة | G3: الإجمالي | H3: متوسط السعر | I3: أقل سعر | J3: أعلى سعر | K3: % من الإجمالي
A4: 1 | B4: فراولة | C4: =SUMIFS('سجل الحركات'!$F$4:$F$229,'سجل الحركات'!$D$4:$D$229,B4,'سجل الحركات'!$E$4:$E$229,"بضاعة") -> 835 | D4: =COUNTIFS('سجل الحركات'!$D$4:$D$229,B4,'سجل الحركات'!$E$4:$E$229,"بضاعة") -> 22 | E4: =SUMIFS('سجل الحركات'!$H$4:$H$229,'سجل الحركات'!$D$4:$D$229,B4,'سجل الحركات'!$E$4:$E$229,"بضاعة") -> 82715 | F4: =SUMIFS('سجل الحركات'!$I$4:$I$229,'سجل الحركات'!$D$4:$D$229,B4,'سجل الحركات'!$E$4:$E$229,"بضاعة") -> 11637 | G4: =E4+F4 -> 94352 | H4: =IF(C4=0,"",E4/C4) -> 99.05988 | I4: =_xlfn.MINIFS('سجل الحركات'!$G$4:$G$229,'سجل الحركات'!$D$4:$D$229,B4,'سجل الحركات'!$E$4:$E$229,"بضاعة") -> 61 | J4: =_xlfn.MAXIFS('سجل الحركات'!$G$4:$G$229,'سجل الحركات'!$D$4:$D$229,B4,'سجل الحركات'!$E$4:$E$229,"بضاعة") -> 120 | K4: =IF($G$37=0,"",G4/$G$37) -> 0.29016198
A5: 2 | B5: رمان وسط | C5: =SUMIFS('سجل الحركات'!$F$4:$F$229,'سجل الحركات'!$D$4:$D$229,B5,'سجل الحركات'!$E$4:$E$229,"بضاعة") -> 1766 | D5: =COUNTIFS('سجل الحركات'!$D$4:$D$229,B5,'سجل الحركات'!$E$4:$E$229,"بضاعة") -> 9 | E5: =SUMIFS('سجل الحركات'!$H$4:$H$229,'سجل الحركات'!$D$4:$D$229,B5,'سجل الحركات'!$E$4:$E$229,"بضاعة") -> 27921 | F5: =SUMIFS('سجل الحركات'!$I$4:$I$229,'سجل الحركات'!$D$4:$D$229,B5,'سجل الحركات'!$E$4:$E$229,"بضاعة") -> 4188.15 | G5: =E5+F5 -> 32109.15 | H5: =IF(C5=0,"",E5/C5) -> 15.810306 | I5: =_xlfn.MINIFS('سجل الحركات'!$G$4:$G$229,'سجل الحركات'!$D$4:$D$229,B5,'سجل الحركات'!$E$4:$E$229,"بضاعة") -> 15 | J5: =_xlfn.MAXIFS('سجل الحركات'!$G$4:$G$229,'سجل الحركات'!$D$4:$D$229,B5,'سجل الحركات'!$E$4:$E$229,"بضاعة") -> 17 | K5: =IF($G$37=0,"",G5/$G$37) -> 0.098745703
A6: 3 | B6: افندي افريقي | C6: =SUMIFS('سجل الحركات'!$F$4:$F$229,'سجل الحركات'!$D$4:$D$229,B6,'سجل الحركات'!$E$4:$E$229,"بضاعة") -> 304 | D6: =COUNTIFS('سجل الحركات'!$D$4:$D$229,B6,'سجل الحركات'!$E$4:$E$229,"بضاعة") -> 4 | E6: =SUMIFS('سجل الحركات'!$H$4:$H$229,'سجل الحركات'!$D$4:$D$229,B6,'سجل الحركات'!$E$4:$E$229,"بضاعة") -> 21280 | F6: =SUMIFS('سجل الحركات'!$I$4:$I$229,'سجل الحركات'!$D$4:$D$229,B6,'سجل الحركات'!$E$4:$E$229,"بضاعة") -> 3192 | G6: =E6+F6 -> 24472 | H6: =IF(C6=0,"",E6/C6) -> 70 | I6: =_xlfn.MINIFS('سجل الحركات'!$G$4:$G$229,'سجل الحركات'!$D$4:$D$229,B6,'سجل الحركات'!$E$4:$E$229,"بضاعة") -> 70 | J6: =_xlfn.MAXIFS('سجل الحركات'!$G$4:$G$229,'سجل الحركات'!$D$4:$D$229,B6,'سجل الحركات'!$E$4:$E$229,"بضاعة") -> 70 | K6: =IF($G$37=0,"",G6/$G$37) -> 0.075259072
A7: 4 | B7: عنب تركي | C7: =SUMIFS('سجل الحركات'!$F$4:$F$229,'سجل الحركات'!$D$4:$D$229,B7,'سجل الحركات'!$E$4:$E$229,"بضاعة") -> 345 | D7: =COUNTIFS('سجل الحركات'!$D$4:$D$229,B7,'سجل الحركات'!$E$4:$E$229,"بضاعة") -> 6 | E7: =SUMIFS('سجل الحركات'!$H$4:$H$229,'سجل الحركات'!$D$4:$D$229,B7,'سجل الحركات'!$E$4:$E$229,"بضاعة") -> 20760 | F7: =SUMIFS('سجل الحركات'!$I$4:$I$229,'سجل الحركات'!$D$4:$D$229,B7,'سجل الحركات'!$E$4:$E$229,"بضاعة") -> 3114 | G7: =E7+F7 -> 23874 | H7: =IF(C7=0,"",E7/C7) -> 60.173913 | I7: =_xlfn.MINIFS('سجل الحركات'!$G$4:$G$229,'سجل الحركات'!$D$4:$D$229,B7,'سجل الحركات'!$E$4:$E$229,"بضاعة") -> 50 | J7: =_xlfn.MAXIFS('سجل الحركات'!$G$4:$G$229,'سجل الحركات'!$D$4:$D$229,B7,'سجل الحركات'!$E$4:$E$229,"بضاعة") -> 65 | K7: =IF($G$37=0,"",G7/$G$37) -> 0.073420035
A8: 5 | B8: كيوي | C8: =SUMIFS('سجل الحركات'!$F$4:$F$229,'سجل الحركات'!$D$4:$D$229,B8,'سجل الحركات'!$E$4:$E$229,"بضاعة") -> 662 | D8: =COUNTIFS('سجل الحركات'!$D$4:$D$229,B8,'سجل الحركات'!$E$4:$E$229,"بضاعة") -> 7 | E8: =SUMIFS('سجل الحركات'!$H$4:$H$229,'سجل الحركات'!$D$4:$D$229,B8,'سجل الحركات'!$E$4:$E$229,"بضاعة") -> 18361 | F8: =SUMIFS('سجل الحركات'!$I$4:$I$229,'سجل الحركات'!$D$4:$D$229,B8,'سجل الحركات'!$E$4:$E$229,"بضاعة") -> 2754.15 | G8: =E8+F8 -> 21115.15 | H8: =IF(C8=0,"",E8/C8) -> 27.73565 | I8: =_xlfn.MINIFS('سجل الحركات'!$G$4:$G$229,'سجل الحركات'!$D$4:$D$229,B8,'سجل الحركات'!$E$4:$E$229,"بضاعة") -> 20 | J8: =_xlfn.MAXIFS('سجل الحركات'!$G$4:$G$229,'سجل الحركات'!$D$4:$D$229,B8,'سجل الحركات'!$E$4:$E$229,"بضاعة") -> 40 | K8: =IF($G$37=0,"",G8/$G$37) -> 0.064935706
A9: 6 | B9: رمان مصري | C9: =SUMIFS('سجل الحركات'!$F$4:$F$229,'سجل الحركات'!$D$4:$D$229,B9,'سجل الحركات'!$E$4:$E$229,"بضاعة") -> 1481 | D9: =COUNTIFS('سجل الحركات'!$D$4:$D$229,B9,'سجل الحركات'!$E$4:$E$229,"بضاعة") -> 10 | E9: =SUMIFS('سجل الحركات'!$H$4:$H$229,'سجل الحركات'!$D$4:$D$229,B9,'سجل الحركات'!$E$4:$E$229,"بضاعة") -> 15484 | F9: =SUMIFS('سجل الحركات'!$I$4:$I$229,'سجل الحركات'!$D$4:$D$229,B9,'سجل الحركات'!$E$4:$E$229,"بضاعة") -> 2157 | G9: =E9+F9 -> 17641 | H9: =IF(C9=0,"",E9/C9) -> 10.455098 | I9: =_xlfn.MINIFS('سجل الحركات'!$G$4:$G$229,'سجل الحركات'!$D$4:$D$229,B9,'سجل الحركات'!$E$4:$E$229,"بضاعة") -> 10 | J9: =_xlfn.MAXIFS('سجل الحركات'!$G$4:$G$229,'سجل الحركات'!$D$4:$D$229,B9,'سجل الحركات'!$E$4:$E$229,"بضاعة") -> 11.5 | K9: =IF($G$37=0,"",G9/$G$37) -> 0.054251606
A10: 7 | B10: كاكا لبناني | C10: =SUMIFS('سجل الحركات'!$F$4:$F$229,'سجل الحركات'!$D$4:$D$229,B10,'سجل الحركات'!$E$4:$E$229,"بضاعة") -> 849 | D10: =COUNTIFS('سجل الحركات'!$D$4:$D$229,B10,'سجل الحركات'!$E$4:$E$229,"بضاعة") -> 5 | E10: =SUMIFS('سجل الحركات'!$H$4:$H$229,'سجل الحركات'!$D$4:$D$229,B10,'سجل الحركات'!$E$4:$E$229,"بضاعة") -> 13680 | F10: =SUMIFS('سجل الحركات'!$I$4:$I$229,'سجل الحركات'!$D$4:$D$229,B10,'سجل الحركات'!$E$4:$E$229,"بضاعة") -> 2052 | G10: =E10+F10 -> 15732 | H10: =IF(C10=0,"",E10/C10) -> 16.113074 | I10: =_xlfn.MINIFS('سجل الحركات'!$G$4:$G$229,'سجل الحركات'!$D$4:$D$229,B10,'سجل الحركات'!$E$4:$E$229,"بضاعة") -> 16 | J10: =_xlfn.MAXIFS('سجل الحركات'!$G$4:$G$229,'سجل الحركات'!$D$4:$D$229,B10,'سجل الحركات'!$E$4:$E$229,"بضاعة") -> 20 | K10: =IF($G$37=0,"",G10/$G$37) -> 0.048380832
A11: 8 | B11: برتقال عصير | C11: =SUMIFS('سجل الحركات'!$F$4:$F$229,'سجل الحركات'!$D$4:$D$229,B11,'سجل الحركات'!$E$4:$E$229,"بضاعة") -> 159 | D11: =COUNTIFS('سجل الحركات'!$D$4:$D$229,B11,'سجل الحركات'!$E$4:$E$229,"بضاعة") -> 2 | E11: =SUMIFS('سجل الحركات'!$H$4:$H$229,'سجل الحركات'!$D$4:$D$229,B11,'سجل الحركات'!$E$4:$E$229,"بضاعة") -> 12635 | F11: =SUMIFS('سجل الحركات'!$I$4:$I$229,'سجل الحركات'!$D$4:$D$229,B11,'سجل الحركات'!$E$4:$E$229,"بضاعة") -> 1895.25 | G11: =E11+F11 -> 14530.25 | H11: =IF(C11=0,"",E11/C11) -> 79.465409 | I11: =_xlfn.MINIFS('سجل الحركات'!$G$4:$G$229,'سجل الحركات'!$D$4:$D$229,B11,'سجل الحركات'!$E$4:$E$229,"بضاعة") -> 74 | J11: =_xlfn.MAXIFS('سجل الحركات'!$G$4:$G$229,'سجل الحركات'!$D$4:$D$229,B11,'سجل الحركات'!$E$4:$E$229,"بضاعة") -> 85 | K11: =IF($G$37=0,"",G11/$G$37) -> 0.044685074
A12: 9 | B12: تفاح سلة | C12: =SUMIFS('سجل الحركات'!$F$4:$F$229,'سجل الحركات'!$D$4:$D$229,B12,'سجل الحركات'!$E$4:$E$229,"بضاعة") -> 280 | D12: =COUNTIFS('سجل الحركات'!$D$4:$D$229,B12,'سجل الحركات'!$E$4:$E$229,"بضاعة") -> 4 | E12: =SUMIFS('سجل الحركات'!$H$4:$H$229,'سجل الحركات'!$D$4:$D$229,B12,'سجل الحركات'!$E$4:$E$229,"بضاعة") -> 12406 | F12: =SUMIFS('سجل الحركات'!$I$4:$I$229,'سجل الحركات'!$D$4:$D$229,B12,'سجل الحركات'!$E$4:$E$229,"بضاعة") -> 1860.9 | G12: =E12+F12 -> 14266.9 | H12: =IF(C12=0,"",E12/C12) -> 44.307143 | I12: =_xlfn.MINIFS('سجل الحركات'!$G$4:$G$229,'سجل الحركات'!$D$4:$D$229,B12,'سجل الحركات'!$E$4:$E$229,"بضاعة") -> 42 | J12: =_xlfn.MAXIFS('سجل الحركات'!$G$4:$G$229,'سجل الحركات'!$D$4:$D$229,B12,'سجل الحركات'!$E$4:$E$229,"بضاعة") -> 50 | K12: =IF($G$37=0,"",G12/$G$37) -> 0.04387519
A13: 10 | B13: ليمون تركي | C13: =SUMIFS('سجل الحركات'!$F$4:$F$229,'سجل الحركات'!$D$4:$D$229,B13,'سجل الحركات'!$E$4:$E$229,"بضاعة") -> 270 | D13: =COUNTIFS('سجل الحركات'!$D$4:$D$229,B13,'سجل الحركات'!$E$4:$E$229,"بضاعة") -> 3 | E13: =SUMIFS('سجل الحركات'!$H$4:$H$229,'سجل الحركات'!$D$4:$D$229,B13,'سجل الحركات'!$E$4:$E$229,"بضاعة") -> 8650 | F13: =SUMIFS('سجل الحركات'!$I$4:$I$229,'سجل الحركات'!$D$4:$D$229,B13,'سجل الحركات'!$E$4:$E$229,"بضاعة") -> 1297.5 | G13: =E13+F13 -> 9947.5 | H13: =IF(C13=0,"",E13/C13) -> 32.037037 | I13: =_xlfn.MINIFS('سجل الحركات'!$G$4:$G$229,'سجل الحركات'!$D$4:$D$229,B13,'سجل الحركات'!$E$4:$E$229,"بضاعة") -> 25 | J13: =_xlfn.MAXIFS('سجل الحركات'!$G$4:$G$229,'سجل الحركات'!$D$4:$D$229,B13,'سجل الحركات'!$E$4:$E$229,"بضاعة") -> 45 | K13: =IF($G$37=0,"",G13/$G$37) -> 0.030591681
A14: 11 | B14: افندي | C14: =SUMIFS('سجل الحركات'!$F$4:$F$229,'سجل الحركات'!$D$4:$D$229,B14,'سجل الحركات'!$E$4:$E$229,"بضاعة") -> 219 | D14: =COUNTIFS('سجل الحركات'!$D$4:$D$229,B14,'سجل الحركات'!$E$4:$E$229,"بضاعة") -> 3 | E14: =SUMIFS('سجل الحركات'!$H$4:$H$229,'سجل الحركات'!$D$4:$D$229,B14,'سجل الحركات'!$E$4:$E$229,"بضاعة") -> 8465 | F14: =SUMIFS('سجل الحركات'!$I$4:$I$229,'سجل الحركات'!$D$4:$D$229,B14,'سجل الحركات'!$E$4:$E$229,"بضاعة") -> 939.75 | G14: =E14+F14 -> 9404.75 | H14: =IF(C14=0,"",E14/C14) -> 38.652968 | I14: =_xlfn.MINIFS('سجل الحركات'!$G$4:$G$229,'سجل الحركات'!$D$4:$D$229,B14,'سجل الحركات'!$E$4:$E$229,"بضاعة") -> 35 | J14: =_xlfn.MAXIFS('سجل الحركات'!$G$4:$G$229,'سجل الحركات'!$D$4:$D$229,B14,'سجل الحركات'!$E$4:$E$229,"بضاعة") -> 55 | K14: =IF($G$37=0,"",G14/$G$37) -> 0.028922555
A15: 12 | B15: تفاح | C15: =SUMIFS('سجل الحركات'!$F$4:$F$229,'سجل الحركات'!$D$4:$D$229,B15,'سجل الحركات'!$E$4:$E$229,"بضاعة") -> 154 | D15: =COUNTIFS('سجل الحركات'!$D$4:$D$229,B15,'سجل الحركات'!$E$4:$E$229,"بضاعة") -> 4 | E15: =SUMIFS('سجل الحركات'!$H$4:$H$229,'سجل الحركات'!$D$4:$D$229,B15,'سجل الحركات'!$E$4:$E$229,"بضاعة") -> 6952 | F15: =SUMIFS('سجل الحركات'!$I$4:$I$229,'سجل الحركات'!$D$4:$D$229,B15,'سجل الحركات'!$E$4:$E$229,"بضاعة") -> 1041.6 | G15: =E15+F15 -> 7993.6 | H15: =IF(C15=0,"",E15/C15) -> 45.142857 | I15: =_xlfn.MINIFS('سجل الحركات'!$G$4:$G$229,'سجل الحركات'!$D$4:$D$229,B15,'سجل الحركات'!$E$4:$E$229,"بضاعة") -> 8 | J15: =_xlfn.MAXIFS('سجل الحركات'!$G$4:$G$229,'سجل الحركات'!$D$4:$D$229,B15,'سجل الحركات'!$E$4:$E$229,"بضاعة") -> 48 | K15: =IF($G$37=0,"",G15/$G$37) -> 0.024582826
... A36: 33 | B36: عنب اسود | C36: =SUMIFS('سجل الحركات'!$F$4:$F$229,'سجل الحركات'!$D$4:$D$229,B36,'سجل الحركات'!$E$4:$E$229,"بضاعة") -> 5 | D36: =COUNTIFS('سجل الحركات'!$D$4:$D$229,B36,'سجل الحركات'!$E$4:$E$229,"بضاعة") -> 1 | E36: =SUMIFS('سجل الحركات'!$H$4:$H$229,'سجل الحركات'!$D$4:$D$229,B36,'سجل الحركات'!$E$4:$E$229,"بضاعة") -> 165 | F36: =SUMIFS('سجل الحركات'!$I$4:$I$229,'سجل الحركات'!$D$4:$D$229,B36,'سجل الحركات'!$E$4:$E$229,"بضاعة") -> 0 | G36: =E36+F36 -> 165 | H36: =IF(C36=0,"",E36/C36) -> 33 | I36: =_xlfn.MINIFS('سجل الحركات'!$G$4:$G$229,'سجل الحركات'!$D$4:$D$229,B36,'سجل الحركات'!$E$4:$E$229,"بضاعة") -> 33 | J36: =_xlfn.MAXIFS('سجل الحركات'!$G$4:$G$229,'سجل الحركات'!$D$4:$D$229,B36,'سجل الحركات'!$E$4:$E$229,"بضاعة") -> 33 | K36: =IF($G$37=0,"",G36/$G$37) -> 0.00050742673
B37: الإجمالي | C37: =SUM(C4:C36) -> 9213 | D37: =SUM(D4:D36) -> 131 | E37: =SUM(E4:E36) -> 285196 | F37: =SUM(F4:F36) -> 39974.1 | G37: =SUM(G4:G36) -> 325170.1

Sheet مطابقة المقاصات
A1: مطابقة الحوالات والمقاصات بين ملف الموردين وملف العملاء
A2: كل سداد تم بحوالة من عميل إلى مورد (أو بمقاصة) يجب أن يُسجَّل بنفس المبلغ في الحسابين. هذه الورقة قيم ثابتة لحظة التدقيق.
A3: التاريخ | B3: الملف | C3: الحساب | D3: البيان | E3: المبلغ | F3: الطرف المقابل | G3: ملف الطرف المقابل | H3: تاريخ القيد المقابل | I3: مبلغ القيد المقابل | J3: الفرق | K3: النتيجة
A4: 46303 | B4: الموردين | C4: البشري | D4: مقاصه مع رجب | E4: 2300 | F4: رجب | G4: - | K4: لا يوجد قيد مقاصة مقابل في حساب "رجب المصري" (إن كان هو المقصود)
A5: 46304 | B5: الموردين | C5: جبار البيشي | D5: مقاصه مع صادق مكه | E5: 8935.5 | F5: صادق مكه | G5: - | K5: لا يوجد حساب للطرف المقابل في الملفين
A6: 46308 | B6: الموردين | C6: جبار البيشي | D6: حوالة نقاوة بلس | E6: 5037 | F6: نقاوة بلس | G6: العملاء | H6: 46308 | I6: 3450 | J6: 1587 | K6: فرق في المبلغ
A7: 46299 | B7: الموردين | C7: جبار البيشي | D7: سداد حوالة مجني | E7: 4508 | F7: ثمار مجني | G7: العملاء | H7: 46300 | I7: 4508 | J7: 0 | K7: مطابق المبلغ — فرق تاريخ 1 يوم
A8: 46299 | B8: الموردين | C8: جبار البيشي | D8: سداد حوالة مصنع امداد | E8: 362.25 | F8: مصنع امداد | G8: العملاء | H8: 46300 | I8: 362.25 | J8: 0 | K8: مطابق المبلغ — فرق تاريخ 1 يوم
A9: 46300 | B9: الموردين | C9: جبار البيشي | D9: سداد فاتورة مصنع امداد افوكادو مقاصه | E9: 770.5 | F9: مصنع امداد | G9: العملاء | H9: 46300 | I9: 770.5 | J9: 0 | K9: مطابق
A10: 46301 | B10: الموردين | C10: جبار البيشي | D10: سداد مقاصه مع فاتورة أبو عجاج رمان | E10: 4048 | F10: أبو عجاج | G10: العملاء | H10: 46301 | I10: 4048 | J10: 0 | K10: مطابق
A11: 46301 | B11: الموردين | C11: عبر الإقليم | D11: سداد حوالة محيط دلتا | E11: 2769 | F11: محيط دلتا | G11: العملاء | H11: 46301 | I11: 2769 | J11: 0 | K11: مطابق
A12: 46306 | B12: الموردين | C12: جبار البيشي | D12: حوالة نقاوة بلس | E12: 7728 | F12: نقاوة بلس | G12: العملاء | H12: 46305 | I12: 7728 | J12: 0 | K12: مطابق المبلغ — فرق تاريخ 1 يوم
A13: 46309 | B13: الموردين | C13: عبر الإقليم | D13: سداد حوالة محيط دلتا /12871 | E13: 1400 | F13: محيط دلتا | G13: العملاء | H13: 46309 | I13: 1400 | J13: 0 | K13: مطابق
A14: 46313 | B14: الموردين | C14: جبار البيشي | D14: حوالة نقاوة بلس | E14: 2428 | F14: نقاوة بلس | G14: العملاء | H14: 46313 | I14: 2428 | J14: 0 | K14: مطابق
A15: 46315 | B15: الموردين | C15: جبار البيشي | D15: حوالة الحساني | E15: 6626.3 | F15: الحساني | G15: العملاء | H15: 46315 | I15: 6626.3 | J15: 0 | K15: مطابق
A16: 46317 | B16: الموردين | C16: جبار البيشي | D16: حوالة بنكية محمد عادل | E16: 3000 | F16: محمد عادل | G16: العملاء | H16: 46317 | I16: 3000 | J16: 0 | K16: مطابق
A17: 46320 | B17: الموردين | C17: جبار البيشي | D17: حوالة بنكية نقاوة بلس | E17: 7000 | F17: نقاوة بلس | G17: العملاء | H17: 46320 | I17: 7000 | J17: 0 | K17: مطابق
... A22: 46323 | B22: الموردين | C22: جبار البيشي | D22: حوالة بنكية نقاوة بلس | E22: 4326 | F22: نقاوة بلس | G22: العملاء | H22: 46323 | I22: 4326 | J22: 0 | K22: مطابق

Sheet ملاحظات التدقيق
A1: ملاحظات التدقيق والتصحيحات — ملف الموردين
A2: عالية = تؤثر على الرصيد وتحتاج متابعة فورية · متوسطة = خطأ تسجيل صُحح أو يحتاج تأكيد · منخفضة = تنسيق/هيكلة. عمود "القيمة الأصلية" يحفظ ما كان في الملف قبل التعديل.
B3: عالية | C3: =COUNTIF(D5:D2000,"عالية") -> 4 | D3: متوسطة | E3: =COUNTIF(D5:D2000,"متوسطة") -> 21 | F3: منخفضة | G3: =COUNTIF(D5:D2000,"منخفضة") -> 12
A4: # | B4: الحساب | C4: الخلية/الصف | D4: الخطورة | E4: التصنيف | F4: الملاحظة | G4: القيمة الأصلية | H4: الإجراء المتخذ
A5: 1 | B5: مطابقة | C5: - | D5: عالية | E5: مطابقة المقاصات | F5: جبار البيشي (الموردين) 09/10: "مقاصه مع صادق مكه" بمبلغ 8,935.50 — لا يوجد حساب للطرف المقابل في الملفين | H5: يرجى المطابقة مع الطرف وتصحيح أحد القيدين
A6: 2 | B6: مطابقة | C6: - | D6: عالية | E6: مطابقة المقاصات | F6: جبار البيشي (الموردين) 13/10: "حوالة نقاوة بلس" بمبلغ 5,037.00 — فرق في المبلغ (المسجل عند نقاوة بلس: 3,450.00، الفرق 1,587.00) | H6: يرجى المطابقة مع الطرف وتصحيح أحد القيدين
A7: 3 | B7: مطابقة | C7: - | D7: عالية | E7: مطابقة المقاصات | F7: البشري (الموردين) 08/10: "مقاصه مع رجب" بمبلغ 2,300.00 — لا يوجد قيد مقاصة مقابل في حساب "رجب المصري" (إن كان هو المقصود) | H7: يرجى المطابقة مع الطرف وتصحيح أحد القيدين
A8: 4 | B8: نخبه الاغصان | C8: I6 | D8: عالية | E8: معادلات | F8: معادلة =SUM(I4:I24) مكتوبة داخل صف حركة "رمان مصري" وتشمل خليتها نفسها (مرجع دائري) — قد تضاعف أو تُصفّر الرصيد عند إعادة الحساب | G8: ‏=SUM(I4:I24) | H8: حُذفت؛ الصف يحمل مبلغ الحركة فقط
A9: 5 | B9: حمدان | C9: E5 | D9: متوسطة | E9: إدخال | F9: نص "سداد" مكتوب في خانة العدد | G9: سداد | H9: نُقل إلى البيان
A10: 6 | B10: المزارع المبدع | C10: 4 | D10: متوسطة | E10: اتجاه القيد | F10: بضاعة مسجلة في الدائن (عكس باقي الحركات) — غالباً بضاعة مُباعة لهذا المورد أو مرتجع. أُبقيت كما هي؛ يرجى التأكيد. | G10: حبحب 60 | H10: بدون تغيير
A11: 7 | B11: المزارع المبدع | C11: 5 | D11: متوسطة | E11: اتجاه القيد | F11: سداد مسجل في المدين — يعني دفعة استلمناها من هذا المورد (مقابل بضاعة باعها له) . أُبقي كما هو؛ يرجى التأكيد. | G11: سداد 60 | H11: بدون تغيير
A12: 8 | B12: اباصرة | C12: 5 | D12: متوسطة | E12: اتجاه القيد | F12: بضاعة مسجلة في الدائن (عكس باقي الحركات) — غالباً بضاعة مُباعة لهذا المورد أو مرتجع. أُبقيت كما هي؛ يرجى التأكيد. | G12: فراولة 603.75 | H12: بدون تغيير
A13: 9 | B13: نخبه الاغصان | C13: 12 | D13: متوسطة | E13: اتجاه القيد | F13: بضاعة مسجلة في الدائن (عكس باقي الحركات) — غالباً بضاعة مُباعة لهذا المورد أو مرتجع. أُبقيت كما هي؛ يرجى التأكيد. | G13: فراولة 2500 | H13: بدون تغيير
A14: 10 | B14: نخبه الاغصان | C14: 18 | D14: متوسطة | E14: اتجاه القيد | F14: بضاعة مسجلة في الدائن (عكس باقي الحركات) — غالباً بضاعة مُباعة لهذا المورد أو مرتجع. أُبقيت كما هي؛ يرجى التأكيد. | G14: بطاطا 80 | H14: بدون تغيير
A15: 11 | B15: نخبه الاغصان | C15: 21 | D15: متوسطة | E15: اتجاه القيد | F15: بضاعة مسجلة في الدائن (عكس باقي الحركات) — غالباً بضاعة مُباعة لهذا المورد أو مرتجع. أُبقيت كما هي؛ يرجى التأكيد. | G15: فراولة 1230 | H15: بدون تغيير
A16: 12 | B16: نخبه الاغصان | C16: 31 | D16: متوسطة | E16: اتجاه القيد | F16: بضاعة مسجلة في الدائن (عكس باقي الحركات) — غالباً بضاعة مُباعة لهذا المورد أو مرتجع. أُبقيت كما هي؛ يرجى التأكيد. | G16: فراولة 2684 | H16: بدون تغيير
A17: 13 | B17: عام | C17: - | D17: متوسطة | E17: تكرار حساب | F17: "عبدالرحمن قدري" له حساب في ملف الموردين وملف العملاء معاً — يُنصح بمتابعة صافي الرصيد بين الحسابين
A18: 14 | B18: المزارع المبدع | C18: C4:C5 | D18: متوسطة | E18: تواريخ | F18: 2 تاريخ مخزّن بالخطأ (Excel قلب اليوم والشهر فأصبحت التواريخ في أشهر أخرى من السنة). التصحيح تم بمطابقة اسم اليوم. أمثلة (المخزّن←الصحيح): 10/01←01/10، 10/02←02/10 | G18: 2 خلية | H18: صُححت كلها إلى أكتوبر 2026
A19: 15 | B19: جبار البيشي | C19: C4:C29 | D19: متوسطة | E19: تواريخ | F19: 23 تاريخ مخزّن بالخطأ (Excel قلب اليوم والشهر فأصبحت التواريخ في أشهر أخرى من السنة). التصحيح تم بمطابقة اسم اليوم. أمثلة (المخزّن←الصحيح): 10/02←02/10، 10/03←03/10، 10/03←03/10، 10/04←04/10… | G19: 23 خلية | H19: صُححت كلها إلى أكتوبر 2026
A20: 16 | B20: ثمار العالمي | C20: C5:C5 | D20: متوسطة | E20: تواريخ | F20: 1 تاريخ مخزّن بالخطأ (Excel قلب اليوم والشهر فأصبحت التواريخ في أشهر أخرى من السنة). التصحيح تم بمطابقة اسم اليوم. أمثلة (المخزّن←الصحيح): 10/11←11/10 | G20: 1 خلية | H20: صُححت كلها إلى أكتوبر 2026
A21: 17 | B21: عبر الاقليم | C21: C4:C17 | D21: متوسطة | E21: تواريخ | F21: 12 تاريخ مخزّن بالخطأ (Excel قلب اليوم والشهر فأصبحت التواريخ في أشهر أخرى من السنة). التصحيح تم بمطابقة اسم اليوم. أمثلة (المخزّن←الصحيح): 10/02←02/10، 10/03←03/10، 10/04←04/10، 10/06←06/10… | G21: 12 خلية | H21: صُححت كلها إلى أكتوبر 2026
A22: 18 | B22: البشري | C22: C4:C9 | D22: متوسطة | E22: تواريخ | F22: 6 تاريخ مخزّن بالخطأ (Excel قلب اليوم والشهر فأصبحت التواريخ في أشهر أخرى من السنة). التصحيح تم بمطابقة اسم اليوم. أمثلة (المخزّن←الصحيح): 10/08←08/10، 10/08←08/10، 10/08←08/10، 10/09←09/10… | G22: 6 خلية | H22: صُححت كلها إلى أكتوبر 2026
A23: 19 | B23: الاغذية الطازجة | C23: B4 | D23: متوسطة | E23: تواريخ | F23: اسم اليوم "الاحد" لا يطابق التاريخ 15/10/2026 (الخميس) | G23: الاحد | H23: اعتُمد التاريخ؛ يرجى التأكد من التاريخ الفعلي
A24: 20 | B24: ثلاجة نخيل | C24: B4 | D24: متوسطة | E24: تواريخ | F24: اسم اليوم "الاحد" لا يطابق التاريخ 15/10/2026 (الخميس) | G24: الاحد | H24: اعتُمد التاريخ؛ يرجى التأكد من التاريخ الفعلي
A25: 21 | B25: ثلاجة نخيل | C25: B5 | D25: متوسطة | E25: تواريخ | F25: اسم اليوم "الثلاثاء" لا يطابق التاريخ 17/10/2026 (السبت) | G25: الثلاثاء | H25: اعتُمد التاريخ؛ يرجى التأكد من التاريخ الفعلي
A26: 22 | B26: عبدالقادر | C26: C4:C5 | D26: متوسطة | E26: تواريخ | F26: 2 تاريخ مخزّن بالخطأ (Excel قلب اليوم والشهر فأصبحت التواريخ في أشهر أخرى من السنة). التصحيح تم بمطابقة اسم اليوم. أمثلة (المخزّن←الصحيح): 10/04←04/10، 10/09←09/10 | G26: 2 خلية | H26: صُححت كلها إلى أكتوبر 2026
A27: 23 | B27: نخبه الاغصان | C27: C4:C14 | D27: متوسطة | E27: تواريخ | F27: 11 تاريخ مخزّن بالخطأ (Excel قلب اليوم والشهر فأصبحت التواريخ في أشهر أخرى من السنة). التصحيح تم بمطابقة اسم اليوم. أمثلة (المخزّن←الصحيح): 10/02←02/10، 10/02←02/10، 10/02←02/10، 10/03←03/10… | G27: 11 خلية | H27: صُححت كلها إلى أكتوبر 2026
A28: 24 | B28: فصل الاعمال | C28: C4:C7 | D28: متوسطة | E28: تواريخ | F28: 4 تاريخ مخزّن بالخطأ (Excel قلب اليوم والشهر فأصبحت التواريخ في أشهر أخرى من السنة). التصحيح تم بمطابقة اسم اليوم. أمثلة (المخزّن←الصحيح): 10/04←04/10، 10/07←07/10، 10/09←09/10، 10/11←11/10 | G28: 4 خلية | H28: صُححت كلها إلى أكتوبر 2026
A29: 25 | B29: حمدان | C29: C4:C5 | D29: متوسطة | E29: تواريخ | F29: 2 تاريخ مخزّن بالخطأ (Excel قلب اليوم والشهر فأصبحت التواريخ في أشهر أخرى من السنة). التصحيح تم بمطابقة اسم اليوم. أمثلة (المخزّن←الصحيح): 10/09←09/10، 10/11←11/10 | G29: 2 خلية | H29: صُححت كلها إلى أكتوبر 2026
... A34: 30 | B34: العجم | C34: H10:H14 | D34: منخفضة | E34: معادلات | F34: 3 معادلة تضرب في 1.15 ثابتة بدل خانة الضريبة — تغيير خانة الضريبة لا يؤثر على المبلغ | G34: E×F×1.15 | H34: وُحدت إلى: العدد×السعر×(الضريبة إن وجدت)
A35: 31 | B35: البشري | C35: H5 | D35: منخفضة | E35: معادلات | F35: مبلغ مكتوب يدوياً بدل المعادلة | G35: 2300 | H35: استُبدل بمعادلة
A36: 32 | B36: البشري | C36: H10:H28 | D36: منخفضة | E36: معادلات | F36: 10 معادلة تضرب في 1.15 ثابتة بدل خانة الضريبة — تغيير خانة الضريبة لا يؤثر على المبلغ | G36: E×F×1.15 | H36: وُحدت إلى: العدد×السعر×(الضريبة إن وجدت)
A37: 33 | B37: الاغذية الطازجة | C37: H10:H10 | D37: منخفضة | E37: معادلات | F37: 1 معادلة تضرب في 1.15 ثابتة بدل خانة الضريبة — تغيير خانة الضريبة لا يؤثر على المبلغ | G37: E×F×1.15 | H37: وُحدت إلى: العدد×السعر×(الضريبة إن وجدت)
A38: 34 | B38: ثلاجة نخيل | C38: H5:H5 | D38: منخفضة | E38: معادلات | F38: 1 معادلة تضرب في 1.15 ثابتة بدل خانة الضريبة — تغيير خانة الضريبة لا يؤثر على المبلغ | G38: E×F×1.15 | H38: وُحدت إلى: العدد×السعر×(الضريبة إن وجدت)
A39: 35 | B39: نخبه الاغصان | C39: H4 | D39: منخفضة | E39: معادلات | F39: مبلغ مكتوب يدوياً بدل المعادلة | G39: 96 | H39: استُبدل بمعادلة
A40: 36 | B40: نخبه الاغصان | C40: H15:H29 | D40: منخفضة | E40: معادلات | F40: 7 معادلة تضرب في 1.15 ثابتة بدل خانة الضريبة — تغيير خانة الضريبة لا يؤثر على المبلغ | G40: E×F×1.15 | H40: وُحدت إلى: العدد×السعر×(الضريبة إن وجدت)
A41: 37 | B41: ورقة1 | C41: - | D41: منخفضة | E41: هيكلة | F41: ورقة فارغة بلا بيانات | H41: حُذفت من الملف

Sheet المزارع المبدع
B1: كشف حساب — المزارع المبدع
B2: حساب مورد — المدين: مشتريات (مستحق علينا) · الدائن: مدفوعات وخصومات
B3: ملخص | D3: من تاريخ | E3: إلى تاريخ | F3: إجمالي المدين | G3: إجمالي الدائن | H3: الرصيد | I3: ضريبة القيمة المضافة | J3: آخر سداد | K3: الحالة | L3: الخانات الصفراء = إدخال يدوي · باقي الأعمدة معادلات. للإضافة: اكتب في أول صف فارغ.
D4: =IF(COUNT(C7:C1000)=0,"",MIN(C7:C1000)) -> 46296 | E4: =IF(COUNT(C7:C1000)=0,"",MAX(C7:C1000)) -> 46297 | F4: =SUM(H7:H1000) -> 60 | G4: =SUM(I7:I1000) -> 60 | H4: =ROUND(F4-G4,2) -> 0 | I4: =ROUND(SUMPRODUCT((G7:G1000>1)*E7:E1000*F7:F1000*(G7:G1000-1)),2) -> 0 | J4: =IF(COUNTIFS(I7:I1000,">0",E7:E1000,"")=0,"",_xlfn.MAXIFS(C7:C1000,I7:I1000,">0",E7:E1000,"")) | K4: =IF(ABS(H4)<0.01,"مسدد",IF(H4>0,"مستحق علينا","رصيد لنا")) -> مسدد
B5: ← العودة للملخص
B6: اليوم | C6: التاريخ | D6: البيان / الصنف | E6: العدد | F6: السعر | G6: ضريبة (1.15 أو 0) | H6: مدين (علينا) | I6: دائن (مدفوع) | J6: الرصيد التراكمي | K6: المرجع (سند/فاتورة) | L6: ملاحظات التدقيق
B7: =IF(C7="","",CHOOSE(WEEKDAY(C7),"الأحد","الاثنين","الثلاثاء","الأربعاء","الخميس","الجمعة","السبت")) -> الخميس | C7: 46296 | D7: حبحب | E7: 2 | F7: 30 | G7: 0 | I7: =ROUND(E7*F7*IF(G7>1,G7,1),2) -> 60 | J7: =IF(COUNTA(C7:D7)=0,"",ROUND(SUM(H$7:H7)-SUM(I$7:I7),2)) -> -60 | L7: قيد عكسي: يرجى التأكيد
B8: =IF(C8="","",CHOOSE(WEEKDAY(C8),"الأحد","الاثنين","الثلاثاء","الأربعاء","الخميس","الجمعة","السبت")) -> الجمعة | C8: 46297 | D8: سداد | H8: 60 | J8: =IF(COUNTA(C8:D8)=0,"",ROUND(SUM(H$7:H8)-SUM(I$7:I8),2)) -> 0 | L8: قيد عكسي: يرجى التأكيد
B9: =IF(C9="","",CHOOSE(WEEKDAY(C9),"الأحد","الاثنين","الثلاثاء","الأربعاء","الخميس","الجمعة","السبت")) | J9: =IF(COUNTA(C9:D9)=0,"",ROUND(SUM(H$7:H9)-SUM(I$7:I9),2))
B10: =IF(C10="","",CHOOSE(WEEKDAY(C10),"الأحد","الاثنين","الثلاثاء","الأربعاء","الخميس","الجمعة","السبت")) | J10: =IF(COUNTA(C10:D10)=0,"",ROUND(SUM(H$7:H10)-SUM(I$7:I10),2))
B11: =IF(C11="","",CHOOSE(WEEKDAY(C11),"الأحد","الاثنين","الثلاثاء","الأربعاء","الخميس","الجمعة","السبت")) | J11: =IF(COUNTA(C11:D11)=0,"",ROUND(SUM(H$7:H11)-SUM(I$7:I11),2))
B12: =IF(C12="","",CHOOSE(WEEKDAY(C12),"الأحد","الاثنين","الثلاثاء","الأربعاء","الخميس","الجمعة","السبت")) | J12: =IF(COUNTA(C12:D12)=0,"",ROUND(SUM(H$7:H12)-SUM(I$7:I12),2))
B13: =IF(C13="","",CHOOSE(WEEKDAY(C13),"الأحد","الاثنين","الثلاثاء","الأربعاء","الخميس","الجمعة","السبت")) | J13: =IF(COUNTA(C13:D13)=0,"",ROUND(SUM(H$7:H13)-SUM(I$7:I13),2))
B14: =IF(C14="","",CHOOSE(WEEKDAY(C14),"الأحد","الاثنين","الثلاثاء","الأربعاء","الخميس","الجمعة","السبت")) | J14: =IF(COUNTA(C14:D14)=0,"",ROUND(SUM(H$7:H14)-SUM(I$7:I14),2))
B15: =IF(C15="","",CHOOSE(WEEKDAY(C15),"الأحد","الاثنين","الثلاثاء","الأربعاء","الخميس","الجمعة","السبت")) | J15: =IF(COUNTA(C15:D15)=0,"",ROUND(SUM(H$7:H15)-SUM(I$7:I15),2))
B16: =IF(C16="","",CHOOSE(WEEKDAY(C16),"الأحد","الاثنين","الثلاثاء","الأربعاء","الخميس","الجمعة","السبت")) | J16: =IF(COUNTA(C16:D16)=0,"",ROUND(SUM(H$7:H16)-SUM(I$7:I16),2))
B17: =IF(C17="","",CHOOSE(WEEKDAY(C17),"الأحد","الاثنين","الثلاثاء","الأربعاء","الخميس","الجمعة","السبت")) | J17: =IF(COUNTA(C17:D17)=0,"",ROUND(SUM(H$7:H17)-SUM(I$7:I17),2))
B18: =IF(C18="","",CHOOSE(WEEKDAY(C18),"الأحد","الاثنين","الثلاثاء","الأربعاء","الخميس","الجمعة","السبت")) | J18: =IF(COUNTA(C18:D18)=0,"",ROUND(SUM(H$7:H18)-SUM(I$7:I18),2))
B19: =IF(C19="","",CHOOSE(WEEKDAY(C19),"الأحد","الاثنين","الثلاثاء","الأربعاء","الخميس","الجمعة","السبت")) | J19: =IF(COUNTA(C19:D19)=0,"",ROUND(SUM(H$7:H19)-SUM(I$7:I19),2))
B20: =IF(C20="","",CHOOSE(WEEKDAY(C20),"الأحد","الاثنين","الثلاثاء","الأربعاء","الخميس","الجمعة","السبت")) | J20: =IF(COUNTA(C20:D20)=0,"",ROUND(SUM(H$7:H20)-SUM(I$7:I20),2))
... B48: =IF(C48="","",CHOOSE(WEEKDAY(C48),"الأحد","الاثنين","الثلاثاء","الأربعاء","الخميس","الجمعة","السبت")) | J48: =IF(COUNTA(C48:D48)=0,"",ROUND(SUM(H$7:H48)-SUM(I$7:I48),2))

Sheet العلواني
B1: كشف حساب — العلواني
B2: حساب مورد — المدين: مشتريات (مستحق علينا) · الدائن: مدفوعات وخصومات
B3: ملخص | D3: من تاريخ | E3: إلى تاريخ | F3: إجمالي المدين | G3: إجمالي الدائن | H3: الرصيد | I3: ضريبة القيمة المضافة | J3: آخر سداد | K3: الحالة | L3: الخانات الصفراء = إدخال يدوي · باقي الأعمدة معادلات. للإضافة: اكتب في أول صف فارغ.
D4: =IF(COUNT(C7:C1000)=0,"",MIN(C7:C1000)) -> 46318 | E4: =IF(COUNT(C7:C1000)=0,"",MAX(C7:C1000)) -> 46324 | F4: =SUM(H7:H1000) -> 3622.5 | G4: =SUM(I7:I1000) -> 2000 | H4: =ROUND(F4-G4,2) -> 1622.5 | I4: =ROUND(SUMPRODUCT((G7:G1000>1)*E7:E1000*F7:F1000*(G7:G1000-1)),2) -> 472.5 | J4: =IF(COUNTIFS(I7:I1000,">0",E7:E1000,"")=0,"",_xlfn.MAXIFS(C7:C1000,I7:I1000,">0",E7:E1000,"")) -> 46324 | K4: =IF(ABS(H4)<0.01,"مسدد",IF(H4>0,"مستحق علينا","رصيد لنا")) -> مستحق علينا
B5: ← العودة للملخص
B6: اليوم | C6: التاريخ | D6: البيان / الصنف | E6: العدد | F6: السعر | G6: ضريبة (1.15 أو 0) | H6: مدين (علينا) | I6: دائن (مدفوع) | J6: الرصيد التراكمي | K6: المرجع (سند/فاتورة) | L6: ملاحظات التدقيق
B7: =IF(C7="","",CHOOSE(WEEKDAY(C7),"الأحد","الاثنين","الثلاثاء","الأربعاء","الخميس","الجمعة","السبت")) -> الجمعة | C7: 46318 | D7: ليمون | E7: 70 | F7: 45 | G7: 1.15 | H7: =ROUND(E7*F7*IF(G7>1,G7,1),2) -> 3622.5 | J7: =IF(COUNTA(C7:D7)=0,"",ROUND(SUM(H$7:H7)-SUM(I$7:I7),2)) -> 3622.5
B8: =IF(C8="","",CHOOSE(WEEKDAY(C8),"الأحد","الاثنين","الثلاثاء","الأربعاء","الخميس","الجمعة","السبت")) -> الخميس | C8: 46324 | D8: سداد سند/76204 | I8: 2000 | J8: =IF(COUNTA(C8:D8)=0,"",ROUND(SUM(H$7:H8)-SUM(I$7:I8),2)) -> 1622.5 | K8: سند 76204
B9: =IF(C9="","",CHOOSE(WEEKDAY(C9),"الأحد","الاثنين","الثلاثاء","الأربعاء","الخميس","الجمعة","السبت")) | J9: =IF(COUNTA(C9:D9)=0,"",ROUND(SUM(H$7:H9)-SUM(I$7:I9),2))
B10: =IF(C10="","",CHOOSE(WEEKDAY(C10),"الأحد","الاثنين","الثلاثاء","الأربعاء","الخميس","الجمعة","السبت")) | J10: =IF(COUNTA(C10:D10)=0,"",ROUND(SUM(H$7:H10)-SUM(I$7:I10),2))
B11: =IF(C11="","",CHOOSE(WEEKDAY(C11),"الأحد","الاثنين","الثلاثاء","الأربعاء","الخميس","الجمعة","السبت")) | J11: =IF(COUNTA(C11:D11)=0,"",ROUND(SUM(H$7:H11)-SUM(I$7:I11),2))
B12: =IF(C12="","",CHOOSE(WEEKDAY(C12),"الأحد","الاثنين","الثلاثاء","الأربعاء","الخميس","الجمعة","السبت")) | J12: =IF(COUNTA(C12:D12)=0,"",ROUND(SUM(H$7:H12)-SUM(I$7:I12),2))
B13: =IF(C13="","",CHOOSE(WEEKDAY(C13),"الأحد","الاثنين","الثلاثاء","الأربعاء","الخميس","الجمعة","السبت")) | J13: =IF(COUNTA(C13:D13)=0,"",ROUND(SUM(H$7:H13)-SUM(I$7:I13),2))
B14: =IF(C14="","",CHOOSE(WEEKDAY(C14),"الأحد","الاثنين","الثلاثاء","الأربعاء","الخميس","الجمعة","السبت")) | J14: =IF(COUNTA(C14:D14)=0,"",ROUND(SUM(H$7:H14)-SUM(I$7:I14),2))
B15: =IF(C15="","",CHOOSE(WEEKDAY(C15),"الأحد","الاثنين","الثلاثاء","الأربعاء","الخميس","الجمعة","السبت")) | J15: =IF(COUNTA(C15:D15)=0,"",ROUND(SUM(H$7:H15)-SUM(I$7:I15),2))
B16: =IF(C16="","",CHOOSE(WEEKDAY(C16),"الأحد","الاثنين","الثلاثاء","الأربعاء","الخميس","الجمعة","السبت")) | J16: =IF(COUNTA(C16:D16)=0,"",ROUND(SUM(H$7:H16)-SUM(I$7:I16),2))
B17: =IF(C17="","",CHOOSE(WEEKDAY(C17),"الأحد","الاثنين","الثلاثاء","الأربعاء","الخميس","الجمعة","السبت")) | J17: =IF(COUNTA(C17:D17)=0,"",ROUND(SUM(H$7:H17)-SUM(I$7:I17),2))
B18: =IF(C18="","",CHOOSE(WEEKDAY(C18),"الأحد","الاثنين","الثلاثاء","الأربعاء","الخميس","الجمعة","السبت")) | J18: =IF(COUNTA(C18:D18)=0,"",ROUND(SUM(H$7:H18)-SUM(I$7:I18),2))
B19: =IF(C19="","",CHOOSE(WEEKDAY(C19),"الأحد","الاثنين","الثلاثاء","الأربعاء","الخميس","الجمعة","السبت")) | J19: =IF(COUNTA(C19:D19)=0,"",ROUND(SUM(H$7:H19)-SUM(I$7:I19),2))
B20: =IF(C20="","",CHOOSE(WEEKDAY(C20),"الأحد","الاثنين","الثلاثاء","الأربعاء","الخميس","الجمعة","السبت")) | J20: =IF(COUNTA(C20:D20)=0,"",ROUND(SUM(H$7:H20)-SUM(I$7:I20),2))
... B48: =IF(C48="","",CHOOSE(WEEKDAY(C48),"الأحد","الاثنين","الثلاثاء","الأربعاء","الخميس","الجمعة","السبت")) | J48: =IF(COUNTA(C48:D48)=0,"",ROUND(SUM(H$7:H48)-SUM(I$7:I48),2))

Sheet رجب المصري
B1: كشف حساب — رجب المصري
B2: حساب مورد — المدين: مشتريات (مستحق علينا) · الدائن: مدفوعات وخصومات
B3: ملخص | D3: من تاريخ | E3: إلى تاريخ | F3: إجمالي المدين | G3: إجمالي الدائن | H3: الرصيد | I3: ضريبة القيمة المضافة | J3: آخر سداد | K3: الحالة | L3: الخانات الصفراء = إدخال يدوي · باقي الأعمدة معادلات. للإضافة: اكتب في أول صف فارغ.
D4: =IF(COUNT(C7:C1000)=0,"",MIN(C7:C1000)) -> 46324 | E4: =IF(COUNT(C7:C1000)=0,"",MAX(C7:C1000)) -> 46324 | F4: =SUM(H7:H1000) -> 3047.5 | G4: =SUM(I7:I1000) -> 0 | H4: =ROUND(F4-G4,2) -> 3047.5 | I4: =ROUND(SUMPRODUCT((G7:G1000>1)*E7:E1000*F7:F1000*(G7:G1000-1)),2) -> 397.5 | J4: =IF(COUNTIFS(I7:I1000,">0",E7:E1000,"")=0,"",_xlfn.MAXIFS(C7:C1000,I7:I1000,">0",E7:E1000,"")) | K4: =IF(ABS(H4)<0.01,"مسدد",IF(H4>0,"مستحق علينا","رصيد لنا")) -> مستحق علينا
B5: ← العودة للملخص
B6: اليوم | C6: التاريخ | D6: البيان / الصنف | E6: العدد | F6: السعر | G6: ضريبة (1.15 أو 0) | H6: مدين (علينا) | I6: دائن (مدفوع) | J6: الرصيد التراكمي | K6: المرجع (سند/فاتورة) | L6: ملاحظات التدقيق
B7: =IF(C7="","",CHOOSE(WEEKDAY(C7),"الأحد","الاثنين","الثلاثاء","الأربعاء","الخميس","الجمعة","السبت")) -> الخميس | C7: 46324 | D7: عنب تركي | E7: 53 | F7: 50 | G7: 1.15 | H7: =ROUND(E7*F7*IF(G7>1,G7,1),2) -> 3047.5 | J7: =IF(COUNTA(C7:D7)=0,"",ROUND(SUM(H$7:H7)-SUM(I$7:I7),2)) -> 3047.5
B8: =IF(C8="","",CHOOSE(WEEKDAY(C8),"الأحد","الاثنين","الثلاثاء","الأربعاء","الخميس","الجمعة","السبت")) | J8: =IF(COUNTA(C8:D8)=0,"",ROUND(SUM(H$7:H8)-SUM(I$7:I8),2))
B9: =IF(C9="","",CHOOSE(WEEKDAY(C9),"الأحد","الاثنين","الثلاثاء","الأربعاء","الخميس","الجمعة","السبت")) | J9: =IF(COUNTA(C9:D9)=0,"",ROUND(SUM(H$7:H9)-SUM(I$7:I9),2))
B10: =IF(C10="","",CHOOSE(WEEKDAY(C10),"الأحد","الاثنين","الثلاثاء","الأربعاء","الخميس","الجمعة","السبت")) | J10: =IF(COUNTA(C10:D10)=0,"",ROUND(SUM(H$7:H10)-SUM(I$7:I10),2))
B11: =IF(C11="","",CHOOSE(WEEKDAY(C11),"الأحد","الاثنين","الثلاثاء","الأربعاء","الخميس","الجمعة","السبت")) | J11: =IF(COUNTA(C11:D11)=0,"",ROUND(SUM(H$7:H11)-SUM(I$7:I11),2))
B12: =IF(C12="","",CHOOSE(WEEKDAY(C12),"الأحد","الاثنين","الثلاثاء","الأربعاء","الخميس","الجمعة","السبت")) | J12: =IF(COUNTA(C12:D12)=0,"",ROUND(SUM(H$7:H12)-SUM(I$7:I12),2))
B13: =IF(C13="","",CHOOSE(WEEKDAY(C13),"الأحد","الاثنين","الثلاثاء","الأربعاء","الخميس","الجمعة","السبت")) | J13: =IF(COUNTA(C13:D13)=0,"",ROUND(SUM(H$7:H13)-SUM(I$7:I13),2))
B14: =IF(C14="","",CHOOSE(WEEKDAY(C14),"الأحد","الاثنين","الثلاثاء","الأربعاء","الخميس","الجمعة","السبت")) | J14: =IF(COUNTA(C14:D14)=0,"",ROUND(SUM(H$7:H14)-SUM(I$7:I14),2))
B15: =IF(C15="","",CHOOSE(WEEKDAY(C15),"الأحد","الاثنين","الثلاثاء","الأربعاء","الخميس","الجمعة","السبت")) | J15: =IF(COUNTA(C15:D15)=0,"",ROUND(SUM(H$7:H15)-SUM(I$7:I15),2))
B16: =IF(C16="","",CHOOSE(WEEKDAY(C16),"الأحد","الاثنين","الثلاثاء","الأربعاء","الخميس","الجمعة","السبت")) | J16: =IF(COUNTA(C16:D16)=0,"",ROUND(SUM(H$7:H16)-SUM(I$7:I16),2))
B17: =IF(C17="","",CHOOSE(WEEKDAY(C17),"الأحد","الاثنين","الثلاثاء","الأربعاء","الخميس","الجمعة","السبت")) | J17: =IF(COUNTA(C17:D17)=0,"",ROUND(SUM(H$7:H17)-SUM(I$7:I17),2))
B18: =IF(C18="","",CHOOSE(WEEKDAY(C18),"الأحد","الاثنين","الثلاثاء","الأربعاء","الخميس","الجمعة","السبت")) | J18: =IF(COUNTA(C18:D18)=0,"",ROUND(SUM(H$7:H18)-SUM(I$7:I18),2))
B19: =IF(C19="","",CHOOSE(WEEKDAY(C19),"الأحد","الاثنين","الثلاثاء","الأربعاء","الخميس","الجمعة","السبت")) | J19: =IF(COUNTA(C19:D19)=0,"",ROUND(SUM(H$7:H19)-SUM(I$7:I19),2))
... B47: =IF(C47="","",CHOOSE(WEEKDAY(C47),"الأحد","الاثنين","الثلاثاء","الأربعاء","الخميس","الجمعة","السبت")) | J47: =IF(COUNTA(C47:D47)=0,"",ROUND(SUM(H$7:H47)-SUM(I$7:I47),2))

Sheet الجوهرة
B1: كشف حساب — الجوهرة
B2: حساب مورد — المدين: مشتريات (مستحق علينا) · الدائن: مدفوعات وخصومات
B3: ملخص | D3: من تاريخ | E3: إلى تاريخ | F3: إجمالي المدين | G3: إجمالي الدائن | H3: الرصيد | I3: ضريبة القيمة المضافة | J3: آخر سداد | K3: الحالة | L3: الخانات الصفراء = إدخال يدوي · باقي الأعمدة معادلات. للإضافة: اكتب في أول صف فارغ.
D4: =IF(COUNT(C7:C1000)=0,"",MIN(C7:C1000)) -> 46318 | E4: =IF(COUNT(C7:C1000)=0,"",MAX(C7:C1000)) -> 46325 | F4: =SUM(H7:H1000) -> 11365.45 | G4: =SUM(I7:I1000) -> 6000 | H4: =ROUND(F4-G4,2) -> 5365.45 | I4: =ROUND(SUMPRODUCT((G7:G1000>1)*E7:E1000*F7:F1000*(G7:G1000-1)),2) -> 1482.45 | J4: =IF(COUNTIFS(I7:I1000,">0",E7:E1000,"")=0,"",_xlfn.MAXIFS(C7:C1000,I7:I1000,">0",E7:E1000,"")) -> 46325 | K4: =IF(ABS(H4)<0.01,"مسدد",IF(H4>0,"مستحق علينا","رصيد لنا")) -> مستحق علينا
B5: ← العودة للملخص
B6: اليوم | C6: التاريخ | D6: البيان / الصنف | E6: العدد | F6: السعر | G6: ضريبة (1.15 أو 0) | H6: مدين (علينا) | I6: دائن (مدفوع) | J6: الرصيد التراكمي | K6: المرجع (سند/فاتورة) | L6: ملاحظات التدقيق
B7: =IF(C7="","",CHOOSE(WEEKDAY(C7),"الأحد","الاثنين","الثلاثاء","الأربعاء","الخميس","الجمعة","السبت")) -> الجمعة | C7: 46318 | D7: برتقال عصير | E7: 79 | F7: 85 | G7: 1.15 | H7: =ROUND(E7*F7*IF(G7>1,G7,1),2) -> 7722.25 | J7: =IF(COUNTA(C7:D7)=0,"",ROUND(SUM(H$7:H7)-SUM(I$7:I7),2)) -> 7722.25
B8: =IF(C8="","",CHOOSE(WEEKDAY(C8),"الأحد","الاثنين","الثلاثاء","الأربعاء","الخميس","الجمعة","السبت")) -> السبت | C8: 46319 | D8: سداد سند/19041 | I8: 1000 | J8: =IF(COUNTA(C8:D8)=0,"",ROUND(SUM(H$7:H8)-SUM(I$7:I8),2)) -> 6722.25 | K8: سند 19041
B9: =IF(C9="","",CHOOSE(WEEKDAY(C9),"الأحد","الاثنين","الثلاثاء","الأربعاء","الخميس","الجمعة","السبت")) -> الاثنين | C9: 46321 | D9: سداد سند/19096 | I9: 1000 | J9: =IF(COUNTA(C9:D9)=0,"",ROUND(SUM(H$7:H9)-SUM(I$7:I9),2)) -> 5722.25 | K9: سند 19096
B10: =IF(C10="","",CHOOSE(WEEKDAY(C10),"الأحد","الاثنين","الثلاثاء","الأربعاء","الخميس","الجمعة","السبت")) -> الأربعاء | C10: 46323 | D10: سداد سند/19147 | I10: 2000 | J10: =IF(COUNTA(C10:D10)=0,"",ROUND(SUM(H$7:H10)-SUM(I$7:I10),2)) -> 3722.25 | K10: سند 19147
B11: =IF(C11="","",CHOOSE(WEEKDAY(C11),"الأحد","الاثنين","الثلاثاء","الأربعاء","الخميس","الجمعة","السبت")) -> الخميس | C11: 46324 | D11: كيوي | E11: 96 | F11: 33 | G11: 1.15 | H11: =ROUND(E11*F11*IF(G11>1,G11,1),2) -> 3643.2 | J11: =IF(COUNTA(C11:D11)=0,"",ROUND(SUM(H$7:H11)-SUM(I$7:I11),2)) -> 7365.45
B12: =IF(C12="","",CHOOSE(WEEKDAY(C12),"الأحد","الاثنين","الثلاثاء","الأربعاء","الخميس","الجمعة","السبت")) -> الجمعة | C12: 46325 | D12: سداد سند/19203 | I12: 2000 | J12: =IF(COUNTA(C12:D12)=0,"",ROUND(SUM(H$7:H12)-SUM(I$7:I12),2)) -> 5365.45 | K12: سند 19203
B13: =IF(C13="","",CHOOSE(WEEKDAY(C13),"الأحد","الاثنين","الثلاثاء","الأربعاء","الخميس","الجمعة","السبت")) | J13: =IF(COUNTA(C13:D13)=0,"",ROUND(SUM(H$7:H13)-SUM(I$7:I13),2))
B14: =IF(C14="","",CHOOSE(WEEKDAY(C14),"الأحد","الاثنين","الثلاثاء","الأربعاء","الخميس","الجمعة","السبت")) | J14: =IF(COUNTA(C14:D14)=0,"",ROUND(SUM(H$7:H14)-SUM(I$7:I14),2))
B15: =IF(C15="","",CHOOSE(WEEKDAY(C15),"الأحد","الاثنين","الثلاثاء","الأربعاء","الخميس","الجمعة","السبت")) | J15: =IF(COUNTA(C15:D15)=0,"",ROUND(SUM(H$7:H15)-SUM(I$7:I15),2))
B16: =IF(C16="","",CHOOSE(WEEKDAY(C16),"الأحد","الاثنين","الثلاثاء","الأربعاء","الخميس","الجمعة","السبت")) | J16: =IF(COUNTA(C16:D16)=0,"",ROUND(SUM(H$7:H16)-SUM(I$7:I16),2))
B17: =IF(C17="","",CHOOSE(WEEKDAY(C17),"الأحد","الاثنين","الثلاثاء","الأربعاء","الخميس","الجمعة","السبت")) | J17: =IF(COUNTA(C17:D17)=0,"",ROUND(SUM(H$7:H17)-SUM(I$7:I17),2))
B18: =IF(C18="","",CHOOSE(WEEKDAY(C18),"الأحد","الاثنين","الثلاثاء","الأربعاء","الخميس","الجمعة","السبت")) | J18: =IF(COUNTA(C18:D18)=0,"",ROUND(SUM(H$7:H18)-SUM(I$7:I18),2))
B19: =IF(C19="","",CHOOSE(WEEKDAY(C19),"الأحد","الاثنين","الثلاثاء","الأربعاء","الخميس","الجمعة","السبت")) | J19: =IF(COUNTA(C19:D19)=0,"",ROUND(SUM(H$7:H19)-SUM(I$7:I19),2))
B20: =IF(C20="","",CHOOSE(WEEKDAY(C20),"الأحد","الاثنين","الثلاثاء","الأربعاء","الخميس","الجمعة","السبت")) | J20: =IF(COUNTA(C20:D20)=0,"",ROUND(SUM(H$7:H20)-SUM(I$7:I20),2))
B21: =IF(C21="","",CHOOSE(WEEKDAY(C21),"الأحد","الاثنين","الثلاثاء","الأربعاء","الخميس","الجمعة","السبت")) | J21: =IF(COUNTA(C21:D21)=0,"",ROUND(SUM(H$7:H21)-SUM(I$7:I21),2))
B22: =IF(C22="","",CHOOSE(WEEKDAY(C22),"الأحد","الاثنين","الثلاثاء","الأربعاء","الخميس","الجمعة","السبت")) | J22: =IF(COUNTA(C22:D22)=0,"",ROUND(SUM(H$7:H22)-SUM(I$7:I22),2))
B23: =IF(C23="","",CHOOSE(WEEKDAY(C23),"الأحد","الاثنين","الثلاثاء","الأربعاء","الخميس","الجمعة","السبت")) | J23: =IF(COUNTA(C23:D23)=0,"",ROUND(SUM(H$7:H23)-SUM(I$7:I23),2))
B24: =IF(C24="","",CHOOSE(WEEKDAY(C24),"الأحد","الاثنين","الثلاثاء","الأربعاء","الخميس","الجمعة","السبت")) | J24: =IF(COUNTA(C24:D24)=0,"",ROUND(SUM(H$7:H24)-SUM(I$7:I24),2))
... B52: =IF(C52="","",CHOOSE(WEEKDAY(C52),"الأحد","الاثنين","الثلاثاء","الأربعاء","الخميس","الجمعة","السبت")) | J52: =IF(COUNTA(C52:D52)=0,"",ROUND(SUM(H$7:H52)-SUM(I$7:I52),2))

Sheet جبار البيشي
B1: كشف حساب — جبار البيشي
B2: حساب مورد — المدين: مشتريات (مستحق علينا) · الدائن: مدفوعات وخصومات
B3: ملخص | D3: من تاريخ | E3: إلى تاريخ | F3: إجمالي المدين | G3: إجمالي الدائن | H3: الرصيد | I3: ضريبة القيمة المضافة | J3: آخر سداد | K3: الحالة | L3: الخانات الصفراء = إدخال يدوي · باقي الأعمدة معادلات. للإضافة: اكتب في أول صف فارغ.
D4: =IF(COUNT(C7:C1000)=0,"",MIN(C7:C1000)) -> 46297 | E4: =IF(COUNT(C7:C1000)=0,"",MAX(C7:C1000)) -> 46325 | F4: =SUM(H7:H1000) -> 146146.6 | G4: =SUM(I7:I1000) -> 117176.55 | H4: =ROUND(F4-G4,2) -> 28970.05 | I4: =ROUND(SUMPRODUCT((G7:G1000>1)*E7:E1000*F7:F1000*(G7:G1000-1)),2) -> 19062.6 | J4: =IF(COUNTIFS(I7:I1000,">0",E7:E1000,"")=0,"",_xlfn.MAXIFS(C7:C1000,I7:I1000,">0",E7:E1000,"")) -> 46324 | K4: =IF(ABS(H4)<0.01,"مسدد",IF(H4>0,"مستحق علينا","رصيد لنا")) -> مستحق علينا
B5: ← العودة للملخص
B6: اليوم | C6: التاريخ | D6: البيان / الصنف | E6: العدد | F6: السعر | G6: ضريبة (1.15 أو 0) | H6: مدين (علينا) | I6: دائن (مدفوع) | J6: الرصيد التراكمي | K6: المرجع (سند/فاتورة) | L6: ملاحظات التدقيق
B7: =IF(C7="","",CHOOSE(WEEKDAY(C7),"الأحد","الاثنين","الثلاثاء","الأربعاء","الخميس","الجمعة","السبت")) -> الجمعة | C7: 46297 | D7: فراولة | E7: 60 | F7: 85 | G7: 1.15 | H7: =ROUND(E7*F7*IF(G7>1,G7,1),2) -> 5865 | J7: =IF(COUNTA(C7:D7)=0,"",ROUND(SUM(H$7:H7)-SUM(I$7:I7),2)) -> 5865
B8: =IF(C8="","",CHOOSE(WEEKDAY(C8),"الأحد","الاثنين","الثلاثاء","الأربعاء","الخميس","الجمعة","السبت")) -> السبت | C8: 46298 | D8: بخارة تركي | E8: 295 | F8: 20 | G8: 1.15 | H8: =ROUND(E8*F8*IF(G8>1,G8,1),2) -> 6785 | J8: =IF(COUNTA(C8:D8)=0,"",ROUND(SUM(H$7:H8)-SUM(I$7:I8),2)) -> 12650
B9: =IF(C9="","",CHOOSE(WEEKDAY(C9),"الأحد","الاثنين","الثلاثاء","الأربعاء","الخميس","الجمعة","السبت")) -> السبت | C9: 46298 | D9: فراولة | E9: 33 | F9: 80 | G9: 1.15 | H9: =ROUND(E9*F9*IF(G9>1,G9,1),2) -> 3036 | J9: =IF(COUNTA(C9:D9)=0,"",ROUND(SUM(H$7:H9)-SUM(I$7:I9),2)) -> 15686
B10: =IF(C10="","",CHOOSE(WEEKDAY(C10),"الأحد","الاثنين","الثلاثاء","الأربعاء","الخميس","الجمعة","السبت")) -> الأحد | C10: 46299 | D10: سداد حوالة مجني | I10: 4508 | J10: =IF(COUNTA(C10:D10)=0,"",ROUND(SUM(H$7:H10)-SUM(I$7:I10),2)) -> 11178
B11: =IF(C11="","",CHOOSE(WEEKDAY(C11),"الأحد","الاثنين","الثلاثاء","الأربعاء","الخميس","الجمعة","السبت")) -> الأحد | C11: 46299 | D11: سداد حوالة مصنع امداد | I11: 362.25 | J11: =IF(COUNTA(C11:D11)=0,"",ROUND(SUM(H$7:H11)-SUM(I$7:I11),2)) -> 10815.75
B12: =IF(C12="","",CHOOSE(WEEKDAY(C12),"الأحد","الاثنين","الثلاثاء","الأربعاء","الخميس","الجمعة","السبت")) -> الاثنين | C12: 46300 | D12: سداد فاتورة مصنع امداد افوكادو مقاصه | I12: 770.5 | J12: =IF(COUNTA(C12:D12)=0,"",ROUND(SUM(H$7:H12)-SUM(I$7:I12),2)) -> 10045.25
B13: =IF(C13="","",CHOOSE(WEEKDAY(C13),"الأحد","الاثنين","الثلاثاء","الأربعاء","الخميس","الجمعة","السبت")) -> الثلاثاء | C13: 46301 | D13: رمان وسط | E13: 215 | F13: 16 | G13: 1.15 | H13: =ROUND(E13*F13*IF(G13>1,G13,1),2) -> 3956 | J13: =IF(COUNTA(C13:D13)=0,"",ROUND(SUM(H$7:H13)-SUM(I$7:I13),2)) -> 14001.25
B14: =IF(C14="","",CHOOSE(WEEKDAY(C14),"الأحد","الاثنين","الثلاثاء","الأربعاء","الخميس","الجمعة","السبت")) -> الثلاثاء | C14: 46301 | D14: نكتارين | E14: 9 | F14: 11 | G14: 1.15 | H14: =ROUND(E14*F14*IF(G14>1,G14,1),2) -> 113.85 | J14: =IF(COUNTA(C14:D14)=0,"",ROUND(SUM(H$7:H14)-SUM(I$7:I14),2)) -> 14115.1
B15: =IF(C15="","",CHOOSE(WEEKDAY(C15),"الأحد","الاثنين","الثلاثاء","الأربعاء","الخميس","الجمعة","السبت")) -> الثلاثاء | C15: 46301 | D15: سداد مقاصه مع فاتورة أبو عجاج رمان | I15: 4048 | J15: =IF(COUNTA(C15:D15)=0,"",ROUND(SUM(H$7:H15)-SUM(I$7:I15),2)) -> 10067.1
B16: =IF(C16="","",CHOOSE(WEEKDAY(C16),"الأحد","الاثنين","الثلاثاء","الأربعاء","الخميس","الجمعة","السبت")) -> الأربعاء | C16: 46302 | D16: نكتارين | E16: 26 | F16: 11 | G16: 1.15 | H16: =ROUND(E16*F16*IF(G16>1,G16,1),2) -> 328.9 | J16: =IF(COUNTA(C16:D16)=0,"",ROUND(SUM(H$7:H16)-SUM(I$7:I16),2)) -> 10396
B17: =IF(C17="","",CHOOSE(WEEKDAY(C17),"الأحد","الاثنين","الثلاثاء","الأربعاء","الخميس","الجمعة","السبت")) -> الخميس | C17: 46303 | D17: فراولة | E17: 80 | F17: 95 | G17: 1.15 | H17: =ROUND(E17*F17*IF(G17>1,G17,1),2) -> 8740 | J17: =IF(COUNTA(C17:D17)=0,"",ROUND(SUM(H$7:H17)-SUM(I$7:I17),2)) -> 19136
B18: =IF(C18="","",CHOOSE(WEEKDAY(C18),"الأحد","الاثنين","الثلاثاء","الأربعاء","الخميس","الجمعة","السبت")) -> الجمعة | C18: 46304 | D18: رمان وسط | E18: 220 | F18: 15 | G18: 1.15 | H18: =ROUND(E18*F18*IF(G18>1,G18,1),2) -> 3795 | J18: =IF(COUNTA(C18:D18)=0,"",ROUND(SUM(H$7:H18)-SUM(I$7:I18),2)) -> 22931
B19: =IF(C19="","",CHOOSE(WEEKDAY(C19),"الأحد","الاثنين","الثلاثاء","الأربعاء","الخميس","الجمعة","السبت")) -> الجمعة | C19: 46304 | D19: فراولة | E19: 74 | F19: 100 | G19: 1.15 | H19: =ROUND(E19*F19*IF(G19>1,G19,1),2) -> 8510 | J19: =IF(COUNTA(C19:D19)=0,"",ROUND(SUM(H$7:H19)-SUM(I$7:I19),2)) -> 31441
B20: =IF(C20="","",CHOOSE(WEEKDAY(C20),"الأحد","الاثنين","الثلاثاء","الأربعاء","الخميس","الجمعة","السبت")) -> الجمعة | C20: 46304 | D20: ليمون تركي | E20: 100 | F20: 30 | G20: 1.15 | H20: =ROUND(E20*F20*IF(G20>1,G20,1),2) -> 3450 | J20: =IF(COUNTA(C20:D20)=0,"",ROUND(SUM(H$7:H20)-SUM(I$7:I20),2)) -> 34891
B21: =IF(C21="","",CHOOSE(WEEKDAY(C21),"الأحد","الاثنين","الثلاثاء","الأربعاء","الخميس","الجمعة","السبت")) -> الجمعة | C21: 46304 | D21: مقاصه مع صادق مكه | I21: 8935.5 | J21: =IF(COUNTA(C21:D21)=0,"",ROUND(SUM(H$7:H21)-SUM(I$7:I21),2)) -> 25955.5
B22: =IF(C22="","",CHOOSE(WEEKDAY(C22),"الأحد","الاثنين","الثلاثاء","الأربعاء","الخميس","الجمعة","السبت")) -> السبت | C22: 46305 | D22: كمثري عكاظ | E22: 112 | F22: 6 | G22: 1.15 | H22: =ROUND(E22*F22*IF(G22>1,G22,1),2) -> 772.8 | J22: =IF(COUNTA(C22:D22)=0,"",ROUND(SUM(H$7:H22)-SUM(I$7:I22),2)) -> 26728.3
B23: =IF(C23="","",CHOOSE(WEEKDAY(C23),"الأحد","الاثنين","الثلاثاء","الأربعاء","الخميس","الجمعة","السبت")) -> السبت | C23: 46305 | D23: بخارة صحن | E23: 24 | F23: 9 | G23: 1.15 | H23: =ROUND(E23*F23*IF(G23>1,G23,1),2) -> 248.4 | J23: =IF(COUNTA(C23:D23)=0,"",ROUND(SUM(H$7:H23)-SUM(I$7:I23),2)) -> 26976.7
B24: =IF(C24="","",CHOOSE(WEEKDAY(C24),"الأحد","الاثنين","الثلاثاء","الأربعاء","الخميس","الجمعة","السبت")) -> السبت | C24: 46305 | D24: عنب مشكل | E24: 16 | F24: 8 | G24: 1.15 | H24: =ROUND(E24*F24*IF(G24>1,G24,1),2) -> 147.2 | J24: =IF(COUNTA(C24:D24)=0,"",ROUND(SUM(H$7:H24)-SUM(I$7:I24),2)) -> 27123.9
B25: =IF(C25="","",CHOOSE(WEEKDAY(C25),"الأحد","الاثنين","الثلاثاء","الأربعاء","الخميس","الجمعة","السبت")) -> الأحد | C25: 46306 | D25: ليمون تركي | E25: 100 | F25: 25 | G25: 1.15 | H25: =ROUND(E25*F25*IF(G25>1,G25,1),2) -> 2875 | J25: =IF(COUNTA(C25:D25)=0,"",ROUND(SUM(H$7:H25)-SUM(I$7:I25),2)) -> 29998.9
B26: =IF(C26="","",CHOOSE(WEEKDAY(C26),"الأحد","الاثنين","الثلاثاء","الأربعاء","الخميس","الجمعة","السبت")) -> الأحد | C26: 46306 | D26: كمثري صحن | E26: 48 | F26: 8 | G26: 1.15 | H26: =ROUND(E26*F26*IF(G26>1,G26,1),2) -> 441.6 | J26: =IF(COUNTA(C26:D26)=0,"",ROUND(SUM(H$7:H26)-SUM(I$7:I26),2)) -> 30440.5
B27: =IF(C27="","",CHOOSE(WEEKDAY(C27),"الأحد","الاثنين","الثلاثاء","الأربعاء","الخميس","الجمعة","السبت")) -> الأحد | C27: 46306 | D27: عنب مشكل | E27: 48 | F27: 8 | G27: 1.15 | H27: =ROUND(E27*F27*IF(G27>1,G27,1),2) -> 441.6 | J27: =IF(COUNTA(C27:D27)=0,"",ROUND(SUM(H$7:H27)-SUM(I$7:I27),2)) -> 30882.1
B28: =IF(C28="","",CHOOSE(WEEKDAY(C28),"الأحد","الاثنين","الثلاثاء","الأربعاء","الخميس","الجمعة","السبت")) -> الأحد | C28: 46306 | D28: حوالة نقاوة بلس | I28: 7728 | J28: =IF(COUNTA(C28:D28)=0,"",ROUND(SUM(H$7:H28)-SUM(I$7:I28),2)) -> 23154.1
B29: =IF(C29="","",CHOOSE(WEEKDAY(C29),"الأحد","الاثنين","الثلاثاء","الأربعاء","الخميس","الجمعة","السبت")) -> الاثنين | C29: 46307 | D29: كمثري صحن | E29: 40 | F29: 8 | G29: 1.15 | H29: =ROUND(E29*F29*IF(G29>1,G29,1),2) -> 368 | J29: =IF(COUNTA(C29:D29)=0,"",ROUND(SUM(H$7:H29)-SUM(I$7:I29),2)) -> 23522.1
B30: =IF(C30="","",CHOOSE(WEEKDAY(C30),"الأحد","الاثنين","الثلاثاء","الأربعاء","الخميس","الجمعة","السبت")) -> الاثنين | C30: 46307 | D30: بخارة صحن | E30: 16 | F30: 8 | G30: 1.15 | H30: =ROUND(E30*F30*IF(G30>1,G30,1),2) -> 147.2 | J30: =IF(COUNTA(C30:D30)=0,"",ROUND(SUM(H$7:H30)-SUM(I$7:I30),2)) -> 23669.3
B31: =IF(C31="","",CHOOSE(WEEKDAY(C31),"الأحد","الاثنين","الثلاثاء","الأربعاء","الخميس","الجمعة","السبت")) -> الاثنين | C31: 46307 | D31: كمثري عكاظ | E31: 96 | F31: 7 | G31: 1.15 | H31: =ROUND(E31*F31*IF(G31>1,G31,1),2) -> 772.8 | J31: =IF(COUNTA(C31:D31)=0,"",ROUND(SUM(H$7:H31)-SUM(I$7:I31),2)) -> 24442.1
B32: =IF(C32="","",CHOOSE(WEEKDAY(C32),"الأحد","الاثنين","الثلاثاء","الأربعاء","الخميس","الجمعة","السبت")) -> الاثنين | C32: 46307 | D32: كمثري عكاظ | E32: 15 | F32: 5 | G32: 1.15 | H32: =ROUND(E32*F32*IF(G32>1,G32,1),2) -> 86.25 | J32: =IF(COUNTA(C32:D32)=0,"",ROUND(SUM(H$7:H32)-SUM(I$7:I32),2)) -> 24528.35
B33: =IF(C33="","",CHOOSE(WEEKDAY(C33),"الأحد","الاثنين","الثلاثاء","الأربعاء","الخميس","الجمعة","السبت")) -> الثلاثاء | C33: 46308 | D33: حوالة نقاوة بلس | I33: 5037 | J33: =IF(COUNTA(C33:D33)=0,"",ROUND(SUM(H$7:H33)-SUM(I$7:I33),2)) -> 19491.35 | K33: فاتورة 347
B34: =IF(C34="","",CHOOSE(WEEKDAY(C34),"الأحد","الاثنين","الثلاثاء","الأربعاء","الخميس","الجمعة","السبت")) -> الأربعاء | C34: 46309 | D34: كمثري عكاظ | E34: 80 | F34: 6 | G34: 1.15 | H34: =ROUND(E34*F34*IF(G34>1,G34,1),2) -> 552 | J34: =IF(COUNTA(C34:D34)=0,"",ROUND(SUM(H$7:H34)-SUM(I$7:I34),2)) -> 20043.35
B35: =IF(C35="","",CHOOSE(WEEKDAY(C35),"الأحد","الاثنين","الثلاثاء","الأربعاء","الخميس","الجمعة","السبت")) -> الخميس | C35: 46310 | D35: فراولة | E35: 50 | F35: 100 | G35: 1.15 | H35: =ROUND(E35*F35*IF(G35>1,G35,1),2) -> 5750 | J35: =IF(COUNTA(C35:D35)=0,"",ROUND(SUM(H$7:H35)-SUM(I$7:I35),2)) -> 25793.35
B36: =IF(C36="","",CHOOSE(WEEKDAY(C36),"الأحد","الاثنين","الثلاثاء","الأربعاء","الخميس","الجمعة","السبت")) -> الخميس | C36: 46310 | D36: رمان وسط | E36: 220 | F36: 15 | G36: 1.15 | H36: =ROUND(E36*F36*IF(G36>1,G36,1),2) -> 3795 | J36: =IF(COUNTA(C36:D36)=0,"",ROUND(SUM(H$7:H36)-SUM(I$7:I36),2)) -> 29588.35
B37: =IF(C37="","",CHOOSE(WEEKDAY(C37),"الأحد","الاثنين","الثلاثاء","الأربعاء","الخميس","الجمعة","السبت")) -> الخميس | C37: 46310 | D37: تفاح احمر | E37: 10 | F37: 8 | G37: 1.15 | H37: =ROUND(E37*F37*IF(G37>1,G37,1),2) -> 92 | J37: =IF(COUNTA(C37:D37)=0,"",ROUND(SUM(H$7:H37)-SUM(I$7:I37),2)) -> 29680.35
B38: =IF(C38="","",CHOOSE(WEEKDAY(C38),"الأحد","الاثنين","الثلاثاء","الأربعاء","الخميس","الجمعة","السبت")) -> الجمعة | C38: 46311 | D38: فراولة | E38: 42 | F38: 100 | G38: 1.15 | H38: =ROUND(E38*F38*IF(G38>1,G38,1),2) -> 4830 | J38: =IF(COUNTA(C38:D38)=0,"",ROUND(SUM(H$7:H38)-SUM(I$7:I38),2)) -> 34510.35
B39: =IF(C39="","",CHOOSE(WEEKDAY(C39),"الأحد","الاثنين","الثلاثاء","الأربعاء","الخميس","الجمعة","السبت")) -> الأحد | C39: 46313 | D39: تفاح احمر | E39: 20 | F39: 8 | G39: 1.15 | H39: =ROUND(E39*F39*IF(G39>1,G39,1),2) -> 184 | J39: =IF(COUNTA(C39:D39)=0,"",ROUND(SUM(H$7:H39)-SUM(I$7:I39),2)) -> 34694.35
B40: =IF(C40="","",CHOOSE(WEEKDAY(C40),"الأحد","الاثنين","الثلاثاء","الأربعاء","الخميس","الجمعة","السبت")) -> الأحد | C40: 46313 | D40: رمان وسط | E40: 210 | F40: 16 | G40: 1.15 | H40: =ROUND(E40*F40*IF(G40>1,G40,1),2) -> 3864 | J40: =IF(COUNTA(C40:D40)=0,"",ROUND(SUM(H$7:H40)-SUM(I$7:I40),2)) -> 38558.35
B41: =IF(C41="","",CHOOSE(WEEKDAY(C41),"الأحد","الاثنين","الثلاثاء","الأربعاء","الخميس","الجمعة","السبت")) -> الأحد | C41: 46313 | D41: فراولة | E41: 50 | F41: 100 | G41: 1.15 | H41: =ROUND(E41*F41*IF(G41>1,G41,1),2) -> 5750 | J41: =IF(COUNTA(C41:D41)=0,"",ROUND(SUM(H$7:H41)-SUM(I$7:I41),2)) -> 44308.35
B42: =IF(C42="","",CHOOSE(WEEKDAY(C42),"الأحد","الاثنين","الثلاثاء","الأربعاء","الخميس","الجمعة","السبت")) -> الأحد | C42: 46313 | D42: حوالة نقاوة بلس | I42: 2428 | J42: =IF(COUNTA(C42:D42)=0,"",ROUND(SUM(H$7:H42)-SUM(I$7:I42),2)) -> 41880.35 | K42: فاتورة 361
B43: =IF(C43="","",CHOOSE(WEEKDAY(C43),"الأحد","الاثنين","الثلاثاء","الأربعاء","الخميس","الجمعة","السبت")) -> الاثنين | C43: 46314 | D43: عنب تركي | E43: 90 | F43: 65 | G43: 1.15 | H43: =ROUND(E43*F43*IF(G43>1,G43,1),2) -> 6727.5 | J43: =IF(COUNTA(C43:D43)=0,"",ROUND(SUM(H$7:H43)-SUM(I$7:I43),2)) -> 48607.85
B44: =IF(C44="","",CHOOSE(WEEKDAY(C44),"الأحد","الاثنين","الثلاثاء","الأربعاء","الخميس","الجمعة","السبت")) -> الاثنين | C44: 46314 | D44: كاكا لبناني | E44: 350 | F44: 16 | G44: 1.15 | H44: =ROUND(E44*F44*IF(G44>1,G44,1),2) -> 6440 | J44: =IF(COUNTA(C44:D44)=0,"",ROUND(SUM(H$7:H44)-SUM(I$7:I44),2)) -> 55047.85
B45: =IF(C45="","",CHOOSE(WEEKDAY(C45),"الأحد","الاثنين","الثلاثاء","الأربعاء","الخميس","الجمعة","السبت")) -> الثلاثاء | C45: 46315 | D45: حوالة الحساني | I45: 6626.3 | J45: =IF(COUNTA(C45:D45)=0,"",ROUND(SUM(H$7:H45)-SUM(I$7:I45),2)) -> 48421.55
B46: =IF(C46="","",CHOOSE(WEEKDAY(C46),"الأحد","الاثنين","الثلاثاء","الأربعاء","الخميس","الجمعة","السبت")) -> الأربعاء | C46: 46316 | D46: عنب تركي | E46: 70 | F46: 64 | G46: 1.15 | H46: =ROUND(E46*F46*IF(G46>1,G46,1),2) -> 5152 | J46: =IF(COUNTA(C46:D46)=0,"",ROUND(SUM(H$7:H46)-SUM(I$7:I46),2)) -> 53573.55
B47: =IF(C47="","",CHOOSE(WEEKDAY(C47),"الأحد","الاثنين","الثلاثاء","الأربعاء","الخميس","الجمعة","السبت")) -> الخميس | C47: 46317 | D47: كاكا لبناني | E47: 415 | F47: 16 | G47: 1.15 | H47: =ROUND(E47*F47*IF(G47>1,G47,1),2) -> 7636 | J47: =IF(COUNTA(C47:D47)=0,"",ROUND(SUM(H$7:H47)-SUM(I$7:I47),2)) -> 61209.55
B48: =IF(C48="","",CHOOSE(WEEKDAY(C48),"الأحد","الاثنين","الثلاثاء","الأربعاء","الخميس","الجمعة","السبت")) -> الخميس | C48: 46317 | D48: فراولة | E48: 84 | F48: 105 | G48: 1.15 | H48: =ROUND(E48*F48*IF(G48>1,G48,1),2) -> 10143 | J48: =IF(COUNTA(C48:D48)=0,"",ROUND(SUM(H$7:H48)-SUM(I$7:I48),2)) -> 71352.55
B49: =IF(C49="","",CHOOSE(WEEKDAY(C49),"الأحد","الاثنين","الثلاثاء","الأربعاء","الخميس","الجمعة","السبت")) -> الخميس | C49: 46317 | D49: سداد سند/6787 | I49: 15000 | J49: =IF(COUNTA(C49:D49)=0,"",ROUND(SUM(H$7:H49)-SUM(I$7:I49),2)) -> 56352.55 | K49: سند 6787
B50: =IF(C50="","",CHOOSE(WEEKDAY(C50),"الأحد","الاثنين","الثلاثاء","الأربعاء","الخميس","الجمعة","السبت")) -> الخميس | C50: 46317 | D50: حوالة بنكية محمد عادل | I50: 3000 | J50: =IF(COUNTA(C50:D50)=0,"",ROUND(SUM(H$7:H50)-SUM(I$7:I50),2)) -> 53352.55 | K50: فاتورة 349/362/368
B51: =IF(C51="","",CHOOSE(WEEKDAY(C51),"الأحد","الاثنين","الثلاثاء","الأربعاء","الخميس","الجمعة","السبت")) -> الجمعة | C51: 46318 | D51: عنب تركي | E51: 10 | F51: 63 | G51: 1.15 | H51: =ROUND(E51*F51*IF(G51>1,G51,1),2) -> 724.5 | J51: =IF(COUNTA(C51:D51)=0,"",ROUND(SUM(H$7:H51)-SUM(I$7:I51),2)) -> 54077.05
B52: =IF(C52="","",CHOOSE(WEEKDAY(C52),"الأحد","الاثنين","الثلاثاء","الأربعاء","الخميس","الجمعة","السبت")) -> السبت | C52: 46319 | D52: عنب تركي | E52: 74 | F52: 59 | G52: 1.15 | H52: =ROUND(E52*F52*IF(G52>1,G52,1),2) -> 5020.9 | J52: =IF(COUNTA(C52:D52)=0,"",ROUND(SUM(H$7:H52)-SUM(I$7:I52),2)) -> 59097.95
B53: =IF(C53="","",CHOOSE(WEEKDAY(C53),"الأحد","الاثنين","الثلاثاء","الأربعاء","الخميس","الجمعة","السبت")) -> السبت | C53: 46319 | D53: فراولة | E53: 100 | F53: 100 | G53: 1.15 | H53: =ROUND(E53*F53*IF(G53>1,G53,1),2) -> 11500 | J53: =IF(COUNTA(C53:D53)=0,"",ROUND(SUM(H$7:H53)-SUM(I$7:I53),2)) -> 70597.95
B54: =IF(C54="","",CHOOSE(WEEKDAY(C54),"الأحد","الاثنين","الثلاثاء","الأربعاء","الخميس","الجمعة","السبت")) -> السبت | C54: 46319 | D54: شبكة تحويل سند/6713 | I54: 22 | J54: =IF(COUNTA(C54:D54)=0,"",ROUND(SUM(H$7:H54)-SUM(I$7:I54),2)) -> 70575.95 | K54: سند 6713
B55: =IF(C55="","",CHOOSE(WEEKDAY(C55),"الأحد","الاثنين","الثلاثاء","الأربعاء","الخميس","الجمعة","السبت")) -> الأحد | C55: 46320 | D55: سداد سند/5568 | I55: 10000 | J55: =IF(COUNTA(C55:D55)=0,"",ROUND(SUM(H$7:H55)-SUM(I$7:I55),2)) -> 60575.95 | K55: سند 5568
B56: =IF(C56="","",CHOOSE(WEEKDAY(C56),"الأحد","الاثنين","الثلاثاء","الأربعاء","الخميس","الجمعة","السبت")) -> الأحد | C56: 46320 | D56: افندي تركي | E56: 130 | F56: 12 | G56: 1.15 | H56: =ROUND(E56*F56*IF(G56>1,G56,1),2) -> 1794 | J56: =IF(COUNTA(C56:D56)=0,"",ROUND(SUM(H$7:H56)-SUM(I$7:I56),2)) -> 62369.95
B57: =IF(C57="","",CHOOSE(WEEKDAY(C57),"الأحد","الاثنين","الثلاثاء","الأربعاء","الخميس","الجمعة","السبت")) -> الأحد | C57: 46320 | D57: حوالة بنكية نقاوة بلس | I57: 7000 | J57: =IF(COUNTA(C57:D57)=0,"",ROUND(SUM(H$7:H57)-SUM(I$7:I57),2)) -> 55369.95 | K57: فاتورة 406
B58: =IF(C58="","",CHOOSE(WEEKDAY(C58),"الأحد","الاثنين","الثلاثاء","الأربعاء","الخميس","الجمعة","السبت")) -> الاثنين | C58: 46321 | D58: عنب تركي | E58: 48 | F58: 58 | G58: 1.15 | H58: =ROUND(E58*F58*IF(G58>1,G58,1),2) -> 3201.6 | J58: =IF(COUNTA(C58:D58)=0,"",ROUND(SUM(H$7:H58)-SUM(I$7:I58),2)) -> 58571.55
B59: =IF(C59="","",CHOOSE(WEEKDAY(C59),"الأحد","الاثنين","الثلاثاء","الأربعاء","الخميس","الجمعة","السبت")) -> الاثنين | C59: 46321 | D59: حوالة بنكية محمد عادل | I59: 7800 | J59: =IF(COUNTA(C59:D59)=0,"",ROUND(SUM(H$7:H59)-SUM(I$7:I59),2)) -> 50771.55 | K59: فاتورة 371/394/409/419
B60: =IF(C60="","",CHOOSE(WEEKDAY(C60),"الأحد","الاثنين","الثلاثاء","الأربعاء","الخميس","الجمعة","السبت")) -> الاثنين | C60: 46321 | D60: حوالة بنكية نقاوة بلس | I60: 5110 | J60: =IF(COUNTA(C60:D60)=0,"",ROUND(SUM(H$7:H60)-SUM(I$7:I60),2)) -> 45661.55 | K60: فاتورة 406
B61: =IF(C61="","",CHOOSE(WEEKDAY(C61),"الأحد","الاثنين","الثلاثاء","الأربعاء","الخميس","الجمعة","السبت")) -> الثلاثاء | C61: 46322 | D61: سداد سند/5578 | I61: 15000 | J61: =IF(COUNTA(C61:D61)=0,"",ROUND(SUM(H$7:H61)-SUM(I$7:I61),2)) -> 30661.55 | K61: سند 5578
B62: =IF(C62="","",CHOOSE(WEEKDAY(C62),"الأحد","الاثنين","الثلاثاء","الأربعاء","الخميس","الجمعة","السبت")) -> الأربعاء | C62: 46323 | D62: شبكة تحويل سند/6718 | I62: 45 | J62: =IF(COUNTA(C62:D62)=0,"",ROUND(SUM(H$7:H62)-SUM(I$7:I62),2)) -> 30616.55 | K62: سند 6718
B63: =IF(C63="","",CHOOSE(WEEKDAY(C63),"الأحد","الاثنين","الثلاثاء","الأربعاء","الخميس","الجمعة","السبت")) -> الأربعاء | C63: 46323 | D63: حوالة بنكية نقاوة بلس | I63: 5000 | J63: =IF(COUNTA(C63:D63)=0,"",ROUND(SUM(H$7:H63)-SUM(I$7:I63),2)) -> 25616.55
B64: =IF(C64="","",CHOOSE(WEEKDAY(C64),"الأحد","الاثنين","الثلاثاء","الأربعاء","الخميس","الجمعة","السبت")) -> الأربعاء | C64: 46323 | D64: حوالة بنكية محمود الساعي | I64: 4275 | J64: =IF(COUNTA(C64:D64)=0,"",ROUND(SUM(H$7:H64)-SUM(I$7:I64),2)) -> 21341.55
B65: =IF(C65="","",CHOOSE(WEEKDAY(C65),"الأحد","الاثنين","الثلاثاء","الأربعاء","الخميس","الجمعة","السبت")) -> الأربعاء | C65: 46323 | D65: حوالة بنكية نقاوة بلس | I65: 4326 | J65: =IF(COUNTA(C65:D65)=0,"",ROUND(SUM(H$7:H65)-SUM(I$7:I65),2)) -> 17015.55
B66: =IF(C66="","",CHOOSE(WEEKDAY(C66),"الأحد","الاثنين","الثلاثاء","الأربعاء","الخميس","الجمعة","السبت")) -> الخميس | C66: 46324 | D66: شبكة تحويل سند/6719 | I66: 155 | J66: =IF(COUNTA(C66:D66)=0,"",ROUND(SUM(H$7:H66)-SUM(I$7:I66),2)) -> 16860.55 | K66: سند 6719
B67: =IF(C67="","",CHOOSE(WEEKDAY(C67),"الأحد","الاثنين","الثلاثاء","الأربعاء","الخميس","الجمعة","السبت")) -> الخميس | C67: 46324 | D67: فراولة | E67: 99 | F67: 100 | G67: 1.15 | H67: =ROUND(E67*F67*IF(G67>1,G67,1),2) -> 11385 | J67: =IF(COUNTA(C67:D67)=0,"",ROUND(SUM(H$7:H67)-SUM(I$7:I67),2)) -> 28245.55
B68: =IF(C68="","",CHOOSE(WEEKDAY(C68),"الأحد","الاثنين","الثلاثاء","الأربعاء","الخميس","الجمعة","السبت")) -> الخميس | C68: 46324 | D68: فراولة | E68: 1 | F68: 90 | G68: 1.15 | H68: =ROUND(E68*F68*IF(G68>1,G68,1),2) -> 103.5 | J68: =IF(COUNTA(C68:D68)=0,"",ROUND(SUM(H$7:H68)-SUM(I$7:I68),2)) -> 28349.05
B69: =IF(C69="","",CHOOSE(WEEKDAY(C69),"الأحد","الاثنين","الثلاثاء","الأربعاء","الخميس","الجمعة","السبت")) -> الجمعة | C69: 46325 | D69: جريب فروت | E69: 9 | F69: 60 | G69: 1.15 | H69: =ROUND(E69*F69*IF(G69>1,G69,1),2) -> 621 | J69: =IF(COUNTA(C69:D69)=0,"",ROUND(SUM(H$7:H69)-SUM(I$7:I69),2)) -> 28970.05
B70: =IF(C70="","",CHOOSE(WEEKDAY(C70),"الأحد","الاثنين","الثلاثاء","الأربعاء","الخميس","الجمعة","السبت")) | J70: =IF(COUNTA(C70:D70)=0,"",ROUND(SUM(H$7:H70)-SUM(I$7:I70),2))
B71: =IF(C71="","",CHOOSE(WEEKDAY(C71),"الأحد","الاثنين","الثلاثاء","الأربعاء","الخميس","الجمعة","السبت")) | J71: =IF(COUNTA(C71:D71)=0,"",ROUND(SUM(H$7:H71)-SUM(I$7:I71),2))
B72: =IF(C72="","",CHOOSE(WEEKDAY(C72),"الأحد","الاثنين","الثلاثاء","الأربعاء","الخميس","الجمعة","السبت")) | J72: =IF(COUNTA(C72:D72)=0,"",ROUND(SUM(H$7:H72)-SUM(I$7:I72),2))
B73: =IF(C73="","",CHOOSE(WEEKDAY(C73),"الأحد","الاثنين","الثلاثاء","الأربعاء","الخميس","الجمعة","السبت")) | J73: =IF(COUNTA(C73:D73)=0,"",ROUND(SUM(H$7:H73)-SUM(I$7:I73),2))
B74: =IF(C74="","",CHOOSE(WEEKDAY(C74),"الأحد","الاثنين","الثلاثاء","الأربعاء","الخميس","الجمعة","السبت")) | J74: =IF(COUNTA(C74:D74)=0,"",ROUND(SUM(H$7:H74)-SUM(I$7:I74),2))
B75: =IF(C75="","",CHOOSE(WEEKDAY(C75),"الأحد","الاثنين","الثلاثاء","الأربعاء","الخميس","الجمعة","السبت")) | J75: =IF(COUNTA(C75:D75)=0,"",ROUND(SUM(H$7:H75)-SUM(I$7:I75),2))
B76: =IF(C76="","",CHOOSE(WEEKDAY(C76),"الأحد","الاثنين","الثلاثاء","الأربعاء","الخميس","الجمعة","السبت")) | J76: =IF(COUNTA(C76:D76)=0,"",ROUND(SUM(H$7:H76)-SUM(I$7:I76),2))
B77: =IF(C77="","",CHOOSE(WEEKDAY(C77),"الأحد","الاثنين","الثلاثاء","الأربعاء","الخميس","الجمعة","السبت")) | J77: =IF(COUNTA(C77:D77)=0,"",ROUND(SUM(H$7:H77)-SUM(I$7:I77),2))
B78: =IF(C78="","",CHOOSE(WEEKDAY(C78),"الأحد","الاثنين","الثلاثاء","الأربعاء","الخميس","الجمعة","السبت")) | J78: =IF(COUNTA(C78:D78)=0,"",ROUND(SUM(H$7:H78)-SUM(I$7:I78),2))
B79: =IF(C79="","",CHOOSE(WEEKDAY(C79),"الأحد","الاثنين","الثلاثاء","الأربعاء","الخميس","الجمعة","السبت")) | J79: =IF(COUNTA(C79:D79)=0,"",ROUND(SUM(H$7:H79)-SUM(I$7:I79),2))
B80: =IF(C80="","",CHOOSE(WEEKDAY(C80),"الأحد","الاثنين","الثلاثاء","الأربعاء","الخميس","الجمعة","السبت")) | J80: =IF(COUNTA(C80:D80)=0,"",ROUND(SUM(H$7:H80)-SUM(I$7:I80),2))
B81: =IF(C81="","",CHOOSE(WEEKDAY(C81),"الأحد","الاثنين","الثلاثاء","الأربعاء","الخميس","الجمعة","السبت")) | J81: =IF(COUNTA(C81:D81)=0,"",ROUND(SUM(H$7:H81)-SUM(I$7:I81),2))
... B109: =IF(C109="","",CHOOSE(WEEKDAY(C109),"الأحد","الاثنين","الثلاثاء","الأربعاء","الخميس","الجمعة","السبت")) | J109: =IF(COUNTA(C109:D109)=0,"",ROUND(SUM(H$7:H109)-SUM(I$7:I109),2))

Sheet عزم الانجاز
B1: كشف حساب — عزم الإنجاز
B2: حساب مورد — المدين: مشتريات (مستحق علينا) · الدائن: مدفوعات وخصومات
B3: ملخص | D3: من تاريخ | E3: إلى تاريخ | F3: إجمالي المدين | G3: إجمالي الدائن | H3: الرصيد | I3: ضريبة القيمة المضافة | J3: آخر سداد | K3: الحالة | L3: الخانات الصفراء = إدخال يدوي · باقي الأعمدة معادلات. للإضافة: اكتب في أول صف فارغ.
D4: =IF(COUNT(C7:C1000)=0,"",MIN(C7:C1000)) -> 46317 | E4: =IF(COUNT(C7:C1000)=0,"",MAX(C7:C1000)) -> 46324 | F4: =SUM(H7:H1000) -> 3312 | G4: =SUM(I7:I1000) -> 3310 | H4: =ROUND(F4-G4,2) -> 2 | I4: =ROUND(SUMPRODUCT((G7:G1000>1)*E7:E1000*F7:F1000*(G7:G1000-1)),2) -> 432 | J4: =IF(COUNTIFS(I7:I1000,">0",E7:E1000,"")=0,"",_xlfn.MAXIFS(C7:C1000,I7:I1000,">0",E7:E1000,"")) -> 46324 | K4: =IF(ABS(H4)<0.01,"مسدد",IF(H4>0,"مستحق علينا","رصيد لنا")) -> مستحق علينا
B5: ← العودة للملخص
B6: اليوم | C6: التاريخ | D6: البيان / الصنف | E6: العدد | F6: السعر | G6: ضريبة (1.15 أو 0) | H6: مدين (علينا) | I6: دائن (مدفوع) | J6: الرصيد التراكمي | K6: المرجع (سند/فاتورة) | L6: ملاحظات التدقيق
B7: =IF(C7="","",CHOOSE(WEEKDAY(C7),"الأحد","الاثنين","الثلاثاء","الأربعاء","الخميس","الجمعة","السبت")) -> الخميس | C7: 46317 | D7: كعك علب | E7: 40 | F7: 30 | G7: 1.15 | H7: =ROUND(E7*F7*IF(G7>1,G7,1),2) -> 1380 | J7: =IF(COUNTA(C7:D7)=0,"",ROUND(SUM(H$7:H7)-SUM(I$7:I7),2)) -> 1380
B8: =IF(C8="","",CHOOSE(WEEKDAY(C8),"الأحد","الاثنين","الثلاثاء","الأربعاء","الخميس","الجمعة","السبت")) -> الخميس | C8: 46317 | D8: خوخ علب | E8: 30 | F8: 32 | G8: 1.15 | H8: =ROUND(E8*F8*IF(G8>1,G8,1),2) -> 1104 | J8: =IF(COUNTA(C8:D8)=0,"",ROUND(SUM(H$7:H8)-SUM(I$7:I8),2)) -> 2484
B9: =IF(C9="","",CHOOSE(WEEKDAY(C9),"الأحد","الاثنين","الثلاثاء","الأربعاء","الخميس","الجمعة","السبت")) -> الخميس | C9: 46317 | D9: نكترين علب | E9: 30 | F9: 24 | G9: 1.15 | H9: =ROUND(E9*F9*IF(G9>1,G9,1),2) -> 828 | J9: =IF(COUNTA(C9:D9)=0,"",ROUND(SUM(H$7:H9)-SUM(I$7:I9),2)) -> 3312
B10: =IF(C10="","",CHOOSE(WEEKDAY(C10),"الأحد","الاثنين","الثلاثاء","الأربعاء","الخميس","الجمعة","السبت")) -> الأحد | C10: 46320 | D10: سداد سند/79896 | I10: 1000 | J10: =IF(COUNTA(C10:D10)=0,"",ROUND(SUM(H$7:H10)-SUM(I$7:I10),2)) -> 2312 | K10: سند 79896
B11: =IF(C11="","",CHOOSE(WEEKDAY(C11),"الأحد","الاثنين","الثلاثاء","الأربعاء","الخميس","الجمعة","السبت")) -> الثلاثاء | C11: 46322 | D11: سداد سند/79948 | I11: 1000 | J11: =IF(COUNTA(C11:D11)=0,"",ROUND(SUM(H$7:H11)-SUM(I$7:I11),2)) -> 1312 | K11: سند 79948
B12: =IF(C12="","",CHOOSE(WEEKDAY(C12),"الأحد","الاثنين","الثلاثاء","الأربعاء","الخميس","الجمعة","السبت")) -> الخميس | C12: 46324 | D12: سداد سند/79988 | I12: 1310 | J12: =IF(COUNTA(C12:D12)=0,"",ROUND(SUM(H$7:H12)-SUM(I$7:I12),2)) -> 2 | K12: سند 79988
B13: =IF(C13="","",CHOOSE(WEEKDAY(C13),"الأحد","الاثنين","الثلاثاء","الأربعاء","الخميس","الجمعة","السبت")) | J13: =IF(COUNTA(C13:D13)=0,"",ROUND(SUM(H$7:H13)-SUM(I$7:I13),2))
B14: =IF(C14="","",CHOOSE(WEEKDAY(C14),"الأحد","الاثنين","الثلاثاء","الأربعاء","الخميس","الجمعة","السبت")) | J14: =IF(COUNTA(C14:D14)=0,"",ROUND(SUM(H$7:H14)-SUM(I$7:I14),2))
B15: =IF(C15="","",CHOOSE(WEEKDAY(C15),"الأحد","الاثنين","الثلاثاء","الأربعاء","الخميس","الجمعة","السبت")) | J15: =IF(COUNTA(C15:D15)=0,"",ROUND(SUM(H$7:H15)-SUM(I$7:I15),2))
B16: =IF(C16="","",CHOOSE(WEEKDAY(C16),"الأحد","الاثنين","الثلاثاء","الأربعاء","الخميس","الجمعة","السبت")) | J16: =IF(COUNTA(C16:D16)=0,"",ROUND(SUM(H$7:H16)-SUM(I$7:I16),2))
B17: =IF(C17="","",CHOOSE(WEEKDAY(C17),"الأحد","الاثنين","الثلاثاء","الأربعاء","الخميس","الجمعة","السبت")) | J17: =IF(COUNTA(C17:D17)=0,"",ROUND(SUM(H$7:H17)-SUM(I$7:I17),2))
B18: =IF(C18="","",CHOOSE(WEEKDAY(C18),"الأحد","الاثنين","الثلاثاء","الأربعاء","الخميس","الجمعة","السبت")) | J18: =IF(COUNTA(C18:D18)=0,"",ROUND(SUM(H$7:H18)-SUM(I$7:I18),2))
B19: =IF(C19="","",CHOOSE(WEEKDAY(C19),"الأحد","الاثنين","الثلاثاء","الأربعاء","الخميس","الجمعة","السبت")) | J19: =IF(COUNTA(C19:D19)=0,"",ROUND(SUM(H$7:H19)-SUM(I$7:I19),2))
B20: =IF(C20="","",CHOOSE(WEEKDAY(C20),"الأحد","الاثنين","الثلاثاء","الأربعاء","الخميس","الجمعة","السبت")) | J20: =IF(COUNTA(C20:D20)=0,"",ROUND(SUM(H$7:H20)-SUM(I$7:I20),2))
B21: =IF(C21="","",CHOOSE(WEEKDAY(C21),"الأحد","الاثنين","الثلاثاء","الأربعاء","الخميس","الجمعة","السبت")) | J21: =IF(COUNTA(C21:D21)=0,"",ROUND(SUM(H$7:H21)-SUM(I$7:I21),2))
B22: =IF(C22="","",CHOOSE(WEEKDAY(C22),"الأحد","الاثنين","الثلاثاء","الأربعاء","الخميس","الجمعة","السبت")) | J22: =IF(COUNTA(C22:D22)=0,"",ROUND(SUM(H$7:H22)-SUM(I$7:I22),2))
B23: =IF(C23="","",CHOOSE(WEEKDAY(C23),"الأحد","الاثنين","الثلاثاء","الأربعاء","الخميس","الجمعة","السبت")) | J23: =IF(COUNTA(C23:D23)=0,"",ROUND(SUM(H$7:H23)-SUM(I$7:I23),2))
B24: =IF(C24="","",CHOOSE(WEEKDAY(C24),"الأحد","الاثنين","الثلاثاء","الأربعاء","الخميس","الجمعة","السبت")) | J24: =IF(COUNTA(C24:D24)=0,"",ROUND(SUM(H$7:H24)-SUM(I$7:I24),2))
... B52: =IF(C52="","",CHOOSE(WEEKDAY(C52),"الأحد","الاثنين","الثلاثاء","الأربعاء","الخميس","الجمعة","السبت")) | J52: =IF(COUNTA(C52:D52)=0,"",ROUND(SUM(H$7:H52)-SUM(I$7:I52),2))

Sheet ثمار العالمي
B1: كشف حساب — ثمار العالمي
B2: حساب مورد — المدين: مشتريات (مستحق علينا) · الدائن: مدفوعات وخصومات
B3: ملخص | D3: من تاريخ | E3: إلى تاريخ | F3: إجمالي المدين | G3: إجمالي الدائن | H3: الرصيد | I3: ضريبة القيمة المضافة | J3: آخر سداد | K3: الحالة | L3: الخانات الصفراء = إدخال يدوي · باقي الأعمدة معادلات. للإضافة: اكتب في أول صف فارغ.
D4: =IF(COUNT(C7:C1000)=0,"",MIN(C7:C1000)) -> 46305 | E4: =IF(COUNT(C7:C1000)=0,"",MAX(C7:C1000)) -> 46306 | F4: =SUM(H7:H1000) -> 349.6 | G4: =SUM(I7:I1000) -> 350 | H4: =ROUND(F4-G4,2) -> -0.4 | I4: =ROUND(SUMPRODUCT((G7:G1000>1)*E7:E1000*F7:F1000*(G7:G1000-1)),2) -> 45.6 | J4: =IF(COUNTIFS(I7:I1000,">0",E7:E1000,"")=0,"",_xlfn.MAXIFS(C7:C1000,I7:I1000,">0",E7:E1000,"")) -> 46306 | K4: =IF(ABS(H4)<0.01,"مسدد",IF(H4>0,"مستحق علينا","رصيد لنا")) -> رصيد لنا
B5: ← العودة للملخص
B6: اليوم | C6: التاريخ | D6: البيان / الصنف | E6: العدد | F6: السعر | G6: ضريبة (1.15 أو 0) | H6: مدين (علينا) | I6: دائن (مدفوع) | J6: الرصيد التراكمي | K6: المرجع (سند/فاتورة) | L6: ملاحظات التدقيق
B7: =IF(C7="","",CHOOSE(WEEKDAY(C7),"الأحد","الاثنين","الثلاثاء","الأربعاء","الخميس","الجمعة","السبت")) -> السبت | C7: 46305 | D7: مانجو | E7: 19 | F7: 16 | G7: 1.15 | H7: =ROUND(E7*F7*IF(G7>1,G7,1),2) -> 349.6 | J7: =IF(COUNTA(C7:D7)=0,"",ROUND(SUM(H$7:H7)-SUM(I$7:I7),2)) -> 349.6
B8: =IF(C8="","",CHOOSE(WEEKDAY(C8),"الأحد","الاثنين","الثلاثاء","الأربعاء","الخميس","الجمعة","السبت")) -> الأحد | C8: 46306 | D8: سداد | I8: 350 | J8: =IF(COUNTA(C8:D8)=0,"",ROUND(SUM(H$7:H8)-SUM(I$7:I8),2)) -> -0.4
B9: =IF(C9="","",CHOOSE(WEEKDAY(C9),"الأحد","الاثنين","الثلاثاء","الأربعاء","الخميس","الجمعة","السبت")) | J9: =IF(COUNTA(C9:D9)=0,"",ROUND(SUM(H$7:H9)-SUM(I$7:I9),2))
B10: =IF(C10="","",CHOOSE(WEEKDAY(C10),"الأحد","الاثنين","الثلاثاء","الأربعاء","الخميس","الجمعة","السبت")) | J10: =IF(COUNTA(C10:D10)=0,"",ROUND(SUM(H$7:H10)-SUM(I$7:I10),2))
B11: =IF(C11="","",CHOOSE(WEEKDAY(C11),"الأحد","الاثنين","الثلاثاء","الأربعاء","الخميس","الجمعة","السبت")) | J11: =IF(COUNTA(C11:D11)=0,"",ROUND(SUM(H$7:H11)-SUM(I$7:I11),2))
B12: =IF(C12="","",CHOOSE(WEEKDAY(C12),"الأحد","الاثنين","الثلاثاء","الأربعاء","الخميس","الجمعة","السبت")) | J12: =IF(COUNTA(C12:D12)=0,"",ROUND(SUM(H$7:H12)-SUM(I$7:I12),2))
B13: =IF(C13="","",CHOOSE(WEEKDAY(C13),"الأحد","الاثنين","الثلاثاء","الأربعاء","الخميس","الجمعة","السبت")) | J13: =IF(COUNTA(C13:D13)=0,"",ROUND(SUM(H$7:H13)-SUM(I$7:I13),2))
B14: =IF(C14="","",CHOOSE(WEEKDAY(C14),"الأحد","الاثنين","الثلاثاء","الأربعاء","الخميس","الجمعة","السبت")) | J14: =IF(COUNTA(C14:D14)=0,"",ROUND(SUM(H$7:H14)-SUM(I$7:I14),2))
B15: =IF(C15="","",CHOOSE(WEEKDAY(C15),"الأحد","الاثنين","الثلاثاء","الأربعاء","الخميس","الجمعة","السبت")) | J15: =IF(COUNTA(C15:D15)=0,"",ROUND(SUM(H$7:H15)-SUM(I$7:I15),2))
B16: =IF(C16="","",CHOOSE(WEEKDAY(C16),"الأحد","الاثنين","الثلاثاء","الأربعاء","الخميس","الجمعة","السبت")) | J16: =IF(COUNTA(C16:D16)=0,"",ROUND(SUM(H$7:H16)-SUM(I$7:I16),2))
B17: =IF(C17="","",CHOOSE(WEEKDAY(C17),"الأحد","الاثنين","الثلاثاء","الأربعاء","الخميس","الجمعة","السبت")) | J17: =IF(COUNTA(C17:D17)=0,"",ROUND(SUM(H$7:H17)-SUM(I$7:I17),2))
B18: =IF(C18="","",CHOOSE(WEEKDAY(C18),"الأحد","الاثنين","الثلاثاء","الأربعاء","الخميس","الجمعة","السبت")) | J18: =IF(COUNTA(C18:D18)=0,"",ROUND(SUM(H$7:H18)-SUM(I$7:I18),2))
B19: =IF(C19="","",CHOOSE(WEEKDAY(C19),"الأحد","الاثنين","الثلاثاء","الأربعاء","الخميس","الجمعة","السبت")) | J19: =IF(COUNTA(C19:D19)=0,"",ROUND(SUM(H$7:H19)-SUM(I$7:I19),2))
B20: =IF(C20="","",CHOOSE(WEEKDAY(C20),"الأحد","الاثنين","الثلاثاء","الأربعاء","الخميس","الجمعة","السبت")) | J20: =IF(COUNTA(C20:D20)=0,"",ROUND(SUM(H$7:H20)-SUM(I$7:I20),2))
... B48: =IF(C48="","",CHOOSE(WEEKDAY(C48),"الأحد","الاثنين","الثلاثاء","الأربعاء","الخميس","الجمعة","السبت")) | J48: =IF(COUNTA(C48:D48)=0,"",ROUND(SUM(H$7:H48)-SUM(I$7:I48),2))

Sheet عبدالرحمن قدري
B1: كشف حساب — عبدالرحمن قدري
B2: حساب مورد — المدين: مشتريات (مستحق علينا) · الدائن: مدفوعات وخصومات
B3: ملخص | D3: من تاريخ | E3: إلى تاريخ | F3: إجمالي المدين | G3: إجمالي الدائن | H3: الرصيد | I3: ضريبة القيمة المضافة | J3: آخر سداد | K3: الحالة | L3: الخانات الصفراء = إدخال يدوي · باقي الأعمدة معادلات. للإضافة: اكتب في أول صف فارغ.
D4: =IF(COUNT(C7:C1000)=0,"",MIN(C7:C1000)) -> 46313 | E4: =IF(COUNT(C7:C1000)=0,"",MAX(C7:C1000)) -> 46321 | F4: =SUM(H7:H1000) -> 460 | G4: =SUM(I7:I1000) -> 460 | H4: =ROUND(F4-G4,2) -> 0 | I4: =ROUND(SUMPRODUCT((G7:G1000>1)*E7:E1000*F7:F1000*(G7:G1000-1)),2) -> 60 | J4: =IF(COUNTIFS(I7:I1000,">0",E7:E1000,"")=0,"",_xlfn.MAXIFS(C7:C1000,I7:I1000,">0",E7:E1000,"")) -> 46321 | K4: =IF(ABS(H4)<0.01,"مسدد",IF(H4>0,"مستحق علينا","رصيد لنا")) -> مسدد
B5: ← العودة للملخص
B6: اليوم | C6: التاريخ | D6: البيان / الصنف | E6: العدد | F6: السعر | G6: ضريبة (1.15 أو 0) | H6: مدين (علينا) | I6: دائن (مدفوع) | J6: الرصيد التراكمي | K6: المرجع (سند/فاتورة) | L6: ملاحظات التدقيق
B7: =IF(C7="","",CHOOSE(WEEKDAY(C7),"الأحد","الاثنين","الثلاثاء","الأربعاء","الخميس","الجمعة","السبت")) -> الأحد | C7: 46313 | D7: نكترين وزن | E7: 20 | F7: 20 | G7: 1.15 | H7: =ROUND(E7*F7*IF(G7>1,G7,1),2) -> 460 | J7: =IF(COUNTA(C7:D7)=0,"",ROUND(SUM(H$7:H7)-SUM(I$7:I7),2)) -> 460
B8: =IF(C8="","",CHOOSE(WEEKDAY(C8),"الأحد","الاثنين","الثلاثاء","الأربعاء","الخميس","الجمعة","السبت")) -> الاثنين | C8: 46321 | D8: سداد | I8: 460 | J8: =IF(COUNTA(C8:D8)=0,"",ROUND(SUM(H$7:H8)-SUM(I$7:I8),2)) -> 0
B9: =IF(C9="","",CHOOSE(WEEKDAY(C9),"الأحد","الاثنين","الثلاثاء","الأربعاء","الخميس","الجمعة","السبت")) | J9: =IF(COUNTA(C9:D9)=0,"",ROUND(SUM(H$7:H9)-SUM(I$7:I9),2))
B10: =IF(C10="","",CHOOSE(WEEKDAY(C10),"الأحد","الاثنين","الثلاثاء","الأربعاء","الخميس","الجمعة","السبت")) | J10: =IF(COUNTA(C10:D10)=0,"",ROUND(SUM(H$7:H10)-SUM(I$7:I10),2))
B11: =IF(C11="","",CHOOSE(WEEKDAY(C11),"الأحد","الاثنين","الثلاثاء","الأربعاء","الخميس","الجمعة","السبت")) | J11: =IF(COUNTA(C11:D11)=0,"",ROUND(SUM(H$7:H11)-SUM(I$7:I11),2))
B12: =IF(C12="","",CHOOSE(WEEKDAY(C12),"الأحد","الاثنين","الثلاثاء","الأربعاء","الخميس","الجمعة","السبت")) | J12: =IF(COUNTA(C12:D12)=0,"",ROUND(SUM(H$7:H12)-SUM(I$7:I12),2))
B13: =IF(C13="","",CHOOSE(WEEKDAY(C13),"الأحد","الاثنين","الثلاثاء","الأربعاء","الخميس","الجمعة","السبت")) | J13: =IF(COUNTA(C13:D13)=0,"",ROUND(SUM(H$7:H13)-SUM(I$7:I13),2))
B14: =IF(C14="","",CHOOSE(WEEKDAY(C14),"الأحد","الاثنين","الثلاثاء","الأربعاء","الخميس","الجمعة","السبت")) | J14: =IF(COUNTA(C14:D14)=0,"",ROUND(SUM(H$7:H14)-SUM(I$7:I14),2))
B15: =IF(C15="","",CHOOSE(WEEKDAY(C15),"الأحد","الاثنين","الثلاثاء","الأربعاء","الخميس","الجمعة","السبت")) | J15: =IF(COUNTA(C15:D15)=0,"",ROUND(SUM(H$7:H15)-SUM(I$7:I15),2))
B16: =IF(C16="","",CHOOSE(WEEKDAY(C16),"الأحد","الاثنين","الثلاثاء","الأربعاء","الخميس","الجمعة","السبت")) | J16: =IF(COUNTA(C16:D16)=0,"",ROUND(SUM(H$7:H16)-SUM(I$7:I16),2))
B17: =IF(C17="","",CHOOSE(WEEKDAY(C17),"الأحد","الاثنين","الثلاثاء","الأربعاء","الخميس","الجمعة","السبت")) | J17: =IF(COUNTA(C17:D17)=0,"",ROUND(SUM(H$7:H17)-SUM(I$7:I17),2))
B18: =IF(C18="","",CHOOSE(WEEKDAY(C18),"الأحد","الاثنين","الثلاثاء","الأربعاء","الخميس","الجمعة","السبت")) | J18: =IF(COUNTA(C18:D18)=0,"",ROUND(SUM(H$7:H18)-SUM(I$7:I18),2))
B19: =IF(C19="","",CHOOSE(WEEKDAY(C19),"الأحد","الاثنين","الثلاثاء","الأربعاء","الخميس","الجمعة","السبت")) | J19: =IF(COUNTA(C19:D19)=0,"",ROUND(SUM(H$7:H19)-SUM(I$7:I19),2))
B20: =IF(C20="","",CHOOSE(WEEKDAY(C20),"الأحد","الاثنين","الثلاثاء","الأربعاء","الخميس","الجمعة","السبت")) | J20: =IF(COUNTA(C20:D20)=0,"",ROUND(SUM(H$7:H20)-SUM(I$7:I20),2))
... B48: =IF(C48="","",CHOOSE(WEEKDAY(C48),"الأحد","الاثنين","الثلاثاء","الأربعاء","الخميس","الجمعة","السبت")) | J48: =IF(COUNTA(C48:D48)=0,"",ROUND(SUM(H$7:H48)-SUM(I$7:I48),2))

Sheet معتصم الحصباني
B1: كشف حساب — معتصم الحصباني
B2: حساب مورد — المدين: مشتريات (مستحق علينا) · الدائن: مدفوعات وخصومات
B3: ملخص | D3: من تاريخ | E3: إلى تاريخ | F3: إجمالي المدين | G3: إجمالي الدائن | H3: الرصيد | I3: ضريبة القيمة المضافة | J3: آخر سداد | K3: الحالة | L3: الخانات الصفراء = إدخال يدوي · باقي الأعمدة معادلات. للإضافة: اكتب في أول صف فارغ.
D4: =IF(COUNT(C7:C1000)=0,"",MIN(C7:C1000)) -> 46324 | E4: =IF(COUNT(C7:C1000)=0,"",MAX(C7:C1000)) -> 46324 | F4: =SUM(H7:H1000) -> 2850.85 | G4: =SUM(I7:I1000) -> 0 | H4: =ROUND(F4-G4,2) -> 2850.85 | I4: =ROUND(SUMPRODUCT((G7:G1000>1)*E7:E1000*F7:F1000*(G7:G1000-1)),2) -> 371.85 | J4: =IF(COUNTIFS(I7:I1000,">0",E7:E1000,"")=0,"",_xlfn.MAXIFS(C7:C1000,I7:I1000,">0",E7:E1000,"")) | K4: =IF(ABS(H4)<0.01,"مسدد",IF(H4>0,"مستحق علينا","رصيد لنا")) -> مستحق علينا
B5: ← العودة للملخص
B6: اليوم | C6: التاريخ | D6: البيان / الصنف | E6: العدد | F6: السعر | G6: ضريبة (1.15 أو 0) | H6: مدين (علينا) | I6: دائن (مدفوع) | J6: الرصيد التراكمي | K6: المرجع (سند/فاتورة) | L6: ملاحظات التدقيق
B7: =IF(C7="","",CHOOSE(WEEKDAY(C7),"الأحد","الاثنين","الثلاثاء","الأربعاء","الخميس","الجمعة","السبت")) -> الخميس | C7: 46324 | D7: تفاح احمر | E7: 42 | F7: 45 | G7: 1.15 | H7: =ROUND(E7*F7*IF(G7>1,G7,1),2) -> 2173.5 | J7: =IF(COUNTA(C7:D7)=0,"",ROUND(SUM(H$7:H7)-SUM(I$7:I7),2)) -> 2173.5
B8: =IF(C8="","",CHOOSE(WEEKDAY(C8),"الأحد","الاثنين","الثلاثاء","الأربعاء","الخميس","الجمعة","السبت")) -> الخميس | C8: 46324 | D8: تفاح ابيض | E8: 19 | F8: 31 | G8: 1.15 | H8: =ROUND(E8*F8*IF(G8>1,G8,1),2) -> 677.35 | J8: =IF(COUNTA(C8:D8)=0,"",ROUND(SUM(H$7:H8)-SUM(I$7:I8),2)) -> 2850.85
B9: =IF(C9="","",CHOOSE(WEEKDAY(C9),"الأحد","الاثنين","الثلاثاء","الأربعاء","الخميس","الجمعة","السبت")) | J9: =IF(COUNTA(C9:D9)=0,"",ROUND(SUM(H$7:H9)-SUM(I$7:I9),2))
B10: =IF(C10="","",CHOOSE(WEEKDAY(C10),"الأحد","الاثنين","الثلاثاء","الأربعاء","الخميس","الجمعة","السبت")) | J10: =IF(COUNTA(C10:D10)=0,"",ROUND(SUM(H$7:H10)-SUM(I$7:I10),2))
B11: =IF(C11="","",CHOOSE(WEEKDAY(C11),"الأحد","الاثنين","الثلاثاء","الأربعاء","الخميس","الجمعة","السبت")) | J11: =IF(COUNTA(C11:D11)=0,"",ROUND(SUM(H$7:H11)-SUM(I$7:I11),2))
B12: =IF(C12="","",CHOOSE(WEEKDAY(C12),"الأحد","الاثنين","الثلاثاء","الأربعاء","الخميس","الجمعة","السبت")) | J12: =IF(COUNTA(C12:D12)=0,"",ROUND(SUM(H$7:H12)-SUM(I$7:I12),2))
B13: =IF(C13="","",CHOOSE(WEEKDAY(C13),"الأحد","الاثنين","الثلاثاء","الأربعاء","الخميس","الجمعة","السبت")) | J13: =IF(COUNTA(C13:D13)=0,"",ROUND(SUM(H$7:H13)-SUM(I$7:I13),2))
B14: =IF(C14="","",CHOOSE(WEEKDAY(C14),"الأحد","الاثنين","الثلاثاء","الأربعاء","الخميس","الجمعة","السبت")) | J14: =IF(COUNTA(C14:D14)=0,"",ROUND(SUM(H$7:H14)-SUM(I$7:I14),2))
B15: =IF(C15="","",CHOOSE(WEEKDAY(C15),"الأحد","الاثنين","الثلاثاء","الأربعاء","الخميس","الجمعة","السبت")) | J15: =IF(COUNTA(C15:D15)=0,"",ROUND(SUM(H$7:H15)-SUM(I$7:I15),2))
B16: =IF(C16="","",CHOOSE(WEEKDAY(C16),"الأحد","الاثنين","الثلاثاء","الأربعاء","الخميس","الجمعة","السبت")) | J16: =IF(COUNTA(C16:D16)=0,"",ROUND(SUM(H$7:H16)-SUM(I$7:I16),2))
B17: =IF(C17="","",CHOOSE(WEEKDAY(C17),"الأحد","الاثنين","الثلاثاء","الأربعاء","الخميس","الجمعة","السبت")) | J17: =IF(COUNTA(C17:D17)=0,"",ROUND(SUM(H$7:H17)-SUM(I$7:I17),2))
B18: =IF(C18="","",CHOOSE(WEEKDAY(C18),"الأحد","الاثنين","الثلاثاء","الأربعاء","الخميس","الجمعة","السبت")) | J18: =IF(COUNTA(C18:D18)=0,"",ROUND(SUM(H$7:H18)-SUM(I$7:I18),2))
B19: =IF(C19="","",CHOOSE(WEEKDAY(C19),"الأحد","الاثنين","الثلاثاء","الأربعاء","الخميس","الجمعة","السبت")) | J19: =IF(COUNTA(C19:D19)=0,"",ROUND(SUM(H$7:H19)-SUM(I$7:I19),2))
B20: =IF(C20="","",CHOOSE(WEEKDAY(C20),"الأحد","الاثنين","الثلاثاء","الأربعاء","الخميس","الجمعة","السبت")) | J20: =IF(COUNTA(C20:D20)=0,"",ROUND(SUM(H$7:H20)-SUM(I$7:I20),2))
... B48: =IF(C48="","",CHOOSE(WEEKDAY(C48),"الأحد","الاثنين","الثلاثاء","الأربعاء","الخميس","الجمعة","السبت")) | J48: =IF(COUNTA(C48:D48)=0,"",ROUND(SUM(H$7:H48)-SUM(I$7:I48),2))

Sheet عبر الاقليم
B1: كشف حساب — عبر الإقليم
B2: حساب مورد — المدين: مشتريات (مستحق علينا) · الدائن: مدفوعات وخصومات
B3: ملخص | D3: من تاريخ | E3: إلى تاريخ | F3: إجمالي المدين | G3: إجمالي الدائن | H3: الرصيد | I3: ضريبة القيمة المضافة | J3: آخر سداد | K3: الحالة | L3: الخانات الصفراء = إدخال يدوي · باقي الأعمدة معادلات. للإضافة: اكتب في أول صف فارغ.
D4: =IF(COUNT(C7:C1000)=0,"",MIN(C7:C1000)) -> 46297 | E4: =IF(COUNT(C7:C1000)=0,"",MAX(C7:C1000)) -> 46324 | F4: =SUM(H7:H1000) -> 34935.65 | G4: =SUM(I7:I1000) -> 20673 | H4: =ROUND(F4-G4,2) -> 14262.65 | I4: =ROUND(SUMPRODUCT((G7:G1000>1)*E7:E1000*F7:F1000*(G7:G1000-1)),2) -> 3394.65 | J4: =IF(COUNTIFS(I7:I1000,">0",E7:E1000,"")=0,"",_xlfn.MAXIFS(C7:C1000,I7:I1000,">0",E7:E1000,"")) -> 46322 | K4: =IF(ABS(H4)<0.01,"مسدد",IF(H4>0,"مستحق علينا","رصيد لنا")) -> مستحق علينا
B5: ← العودة للملخص
B6: اليوم | C6: التاريخ | D6: البيان / الصنف | E6: العدد | F6: السعر | G6: ضريبة (1.15 أو 0) | H6: مدين (علينا) | I6: دائن (مدفوع) | J6: الرصيد التراكمي | K6: المرجع (سند/فاتورة) | L6: ملاحظات التدقيق
B7: =IF(C7="","",CHOOSE(WEEKDAY(C7),"الأحد","الاثنين","الثلاثاء","الأربعاء","الخميس","الجمعة","السبت")) -> الجمعة | C7: 46297 | D7: جزر صيني | E7: 86 | F7: 18 | G7: 1.15 | H7: =ROUND(E7*F7*IF(G7>1,G7,1),2) -> 1780.2 | J7: =IF(COUNTA(C7:D7)=0,"",ROUND(SUM(H$7:H7)-SUM(I$7:I7),2)) -> 1780.2
B8: =IF(C8="","",CHOOSE(WEEKDAY(C8),"الأحد","الاثنين","الثلاثاء","الأربعاء","الخميس","الجمعة","السبت")) -> السبت | C8: 46298 | D8: نكترين علبة | E8: 40 | F8: 24 | G8: 1.15 | H8: =ROUND(E8*F8*IF(G8>1,G8,1),2) -> 1104 | J8: =IF(COUNTA(C8:D8)=0,"",ROUND(SUM(H$7:H8)-SUM(I$7:I8),2)) -> 2884.2
B9: =IF(C9="","",CHOOSE(WEEKDAY(C9),"الأحد","الاثنين","الثلاثاء","الأربعاء","الخميس","الجمعة","السبت")) -> الأحد | C9: 46299 | D9: كعك علبة | E9: 40 | F9: 31.45 | G9: 1.15 | H9: =ROUND(E9*F9*IF(G9>1,G9,1),2) -> 1446.7 | J9: =IF(COUNTA(C9:D9)=0,"",ROUND(SUM(H$7:H9)-SUM(I$7:I9),2)) -> 4330.9
B10: =IF(C10="","",CHOOSE(WEEKDAY(C10),"الأحد","الاثنين","الثلاثاء","الأربعاء","الخميس","الجمعة","السبت")) -> الثلاثاء | C10: 46301 | D10: سداد حوالة محيط دلتا | I10: 2769 | J10: =IF(COUNTA(C10:D10)=0,"",ROUND(SUM(H$7:H10)-SUM(I$7:I10),2)) -> 1561.9
B11: =IF(C11="","",CHOOSE(WEEKDAY(C11),"الأحد","الاثنين","الثلاثاء","الأربعاء","الخميس","الجمعة","السبت")) -> الأربعاء | C11: 46302 | D11: تفاح | E11: 4 | F11: 48 | G11: 1.15 | H11: =ROUND(E11*F11*IF(G11>1,G11,1),2) -> 220.8 | J11: =IF(COUNTA(C11:D11)=0,"",ROUND(SUM(H$7:H11)-SUM(I$7:I11),2)) -> 1782.7
B12: =IF(C12="","",CHOOSE(WEEKDAY(C12),"الأحد","الاثنين","الثلاثاء","الأربعاء","الخميس","الجمعة","السبت")) -> الخميس | C12: 46303 | D12: كعك علبة | E12: 40 | F12: 36 | G12: 0 | H12: =ROUND(E12*F12*IF(G12>1,G12,1),2) -> 1440 | J12: =IF(COUNTA(C12:D12)=0,"",ROUND(SUM(H$7:H12)-SUM(I$7:I12),2)) -> 3222.7
B13: =IF(C13="","",CHOOSE(WEEKDAY(C13),"الأحد","الاثنين","الثلاثاء","الأربعاء","الخميس","الجمعة","السبت")) -> الخميس | C13: 46303 | D13: نكترين علبة | E13: 20 | F13: 25 | G13: 0 | H13: =ROUND(E13*F13*IF(G13>1,G13,1),2) -> 500 | J13: =IF(COUNTA(C13:D13)=0,"",ROUND(SUM(H$7:H13)-SUM(I$7:I13),2)) -> 3722.7
B14: =IF(C14="","",CHOOSE(WEEKDAY(C14),"الأحد","الاثنين","الثلاثاء","الأربعاء","الخميس","الجمعة","السبت")) -> الخميس | C14: 46303 | D14: خوخ | E14: 30 | F14: 36 | G14: 0 | H14: =ROUND(E14*F14*IF(G14>1,G14,1),2) -> 1080 | J14: =IF(COUNTA(C14:D14)=0,"",ROUND(SUM(H$7:H14)-SUM(I$7:I14),2)) -> 4802.7
B15: =IF(C15="","",CHOOSE(WEEKDAY(C15),"الأحد","الاثنين","الثلاثاء","الأربعاء","الخميس","الجمعة","السبت")) -> السبت | C15: 46305 | D15: سداد نقدي | I15: 104 | J15: =IF(COUNTA(C15:D15)=0,"",ROUND(SUM(H$7:H15)-SUM(I$7:I15),2)) -> 4698.7
B16: =IF(C16="","",CHOOSE(WEEKDAY(C16),"الأحد","الاثنين","الثلاثاء","الأربعاء","الخميس","الجمعة","السبت")) -> السبت | C16: 46305 | D16: رمان وسط | E16: 198 | F16: 15 | G16: 1.15 | H16: =ROUND(E16*F16*IF(G16>1,G16,1),2) -> 3415.5 | J16: =IF(COUNTA(C16:D16)=0,"",ROUND(SUM(H$7:H16)-SUM(I$7:I16),2)) -> 8114.2
B17: =IF(C17="","",CHOOSE(WEEKDAY(C17),"الأحد","الاثنين","الثلاثاء","الأربعاء","الخميس","الجمعة","السبت")) -> الأحد | C17: 46306 | D17: رمان وسط | E17: 200 | F17: 15 | G17: 1.15 | H17: =ROUND(E17*F17*IF(G17>1,G17,1),2) -> 3450 | J17: =IF(COUNTA(C17:D17)=0,"",ROUND(SUM(H$7:H17)-SUM(I$7:I17),2)) -> 11564.2
B18: =IF(C18="","",CHOOSE(WEEKDAY(C18),"الأحد","الاثنين","الثلاثاء","الأربعاء","الخميس","الجمعة","السبت")) -> الاثنين | C18: 46307 | D18: نكترين علبة | E18: 20 | F18: 28 | G18: 0 | H18: =ROUND(E18*F18*IF(G18>1,G18,1),2) -> 560 | J18: =IF(COUNTA(C18:D18)=0,"",ROUND(SUM(H$7:H18)-SUM(I$7:I18),2)) -> 12124.2
B19: =IF(C19="","",CHOOSE(WEEKDAY(C19),"الأحد","الاثنين","الثلاثاء","الأربعاء","الخميس","الجمعة","السبت")) -> الاثنين | C19: 46307 | D19: خوخ علب | E19: 20 | F19: 38 | G19: 0 | H19: =ROUND(E19*F19*IF(G19>1,G19,1),2) -> 760 | J19: =IF(COUNTA(C19:D19)=0,"",ROUND(SUM(H$7:H19)-SUM(I$7:I19),2)) -> 12884.2
B20: =IF(C20="","",CHOOSE(WEEKDAY(C20),"الأحد","الاثنين","الثلاثاء","الأربعاء","الخميس","الجمعة","السبت")) -> الاثنين | C20: 46307 | D20: كعك علبة | E20: 30 | F20: 38 | G20: 0 | H20: =ROUND(E20*F20*IF(G20>1,G20,1),2) -> 1140 | J20: =IF(COUNTA(C20:D20)=0,"",ROUND(SUM(H$7:H20)-SUM(I$7:I20),2)) -> 14024.2
B21: =IF(C21="","",CHOOSE(WEEKDAY(C21),"الأحد","الاثنين","الثلاثاء","الأربعاء","الخميس","الجمعة","السبت")) -> الأربعاء | C21: 46309 | D21: كعك علبة | E21: 40 | F21: 37 | G21: 0 | H21: =ROUND(E21*F21*IF(G21>1,G21,1),2) -> 1480 | J21: =IF(COUNTA(C21:D21)=0,"",ROUND(SUM(H$7:H21)-SUM(I$7:I21),2)) -> 15504.2
B22: =IF(C22="","",CHOOSE(WEEKDAY(C22),"الأحد","الاثنين","الثلاثاء","الأربعاء","الخميس","الجمعة","السبت")) -> الأربعاء | C22: 46309 | D22: خوخ علب | E22: 30 | F22: 37 | G22: 0 | H22: =ROUND(E22*F22*IF(G22>1,G22,1),2) -> 1110 | J22: =IF(COUNTA(C22:D22)=0,"",ROUND(SUM(H$7:H22)-SUM(I$7:I22),2)) -> 16614.2
B23: =IF(C23="","",CHOOSE(WEEKDAY(C23),"الأحد","الاثنين","الثلاثاء","الأربعاء","الخميس","الجمعة","السبت")) -> الأربعاء | C23: 46309 | D23: نكترين علبة | E23: 30 | F23: 28 | G23: 0 | H23: =ROUND(E23*F23*IF(G23>1,G23,1),2) -> 840 | J23: =IF(COUNTA(C23:D23)=0,"",ROUND(SUM(H$7:H23)-SUM(I$7:I23),2)) -> 17454.2
B24: =IF(C24="","",CHOOSE(WEEKDAY(C24),"الأحد","الاثنين","الثلاثاء","الأربعاء","الخميس","الجمعة","السبت")) -> الأربعاء | C24: 46309 | D24: سداد سند/12743 | I24: 1000 | J24: =IF(COUNTA(C24:D24)=0,"",ROUND(SUM(H$7:H24)-SUM(I$7:I24),2)) -> 16454.2 | K24: سند 12743
B25: =IF(C25="","",CHOOSE(WEEKDAY(C25),"الأحد","الاثنين","الثلاثاء","الأربعاء","الخميس","الجمعة","السبت")) -> الأربعاء | C25: 46309 | D25: سداد حوالة محيط دلتا /12871 | I25: 1400 | J25: =IF(COUNTA(C25:D25)=0,"",ROUND(SUM(H$7:H25)-SUM(I$7:I25),2)) -> 15054.2
B26: =IF(C26="","",CHOOSE(WEEKDAY(C26),"الأحد","الاثنين","الثلاثاء","الأربعاء","الخميس","الجمعة","السبت")) -> الخميس | C26: 46310 | D26: تفاح | E26: 69 | F26: 48 | G26: 1.15 | H26: =ROUND(E26*F26*IF(G26>1,G26,1),2) -> 3808.8 | J26: =IF(COUNTA(C26:D26)=0,"",ROUND(SUM(H$7:H26)-SUM(I$7:I26),2)) -> 18863
B27: =IF(C27="","",CHOOSE(WEEKDAY(C27),"الأحد","الاثنين","الثلاثاء","الأربعاء","الخميس","الجمعة","السبت")) -> الأحد | C27: 46313 | D27: سداد سند/12829 | I27: 3500 | J27: =IF(COUNTA(C27:D27)=0,"",ROUND(SUM(H$7:H27)-SUM(I$7:I27),2)) -> 15363 | K27: سند 12829
B28: =IF(C28="","",CHOOSE(WEEKDAY(C28),"الأحد","الاثنين","الثلاثاء","الأربعاء","الخميس","الجمعة","السبت")) -> الخميس | C28: 46317 | D28: سداد سند/12901 | I28: 5900 | J28: =IF(COUNTA(C28:D28)=0,"",ROUND(SUM(H$7:H28)-SUM(I$7:I28),2)) -> 9463 | K28: سند 12901
B29: =IF(C29="","",CHOOSE(WEEKDAY(C29),"الأحد","الاثنين","الثلاثاء","الأربعاء","الخميس","الجمعة","السبت")) -> السبت | C29: 46319 | D29: سداد سند/7882 | I29: 1000 | J29: =IF(COUNTA(C29:D29)=0,"",ROUND(SUM(H$7:H29)-SUM(I$7:I29),2)) -> 8463 | K29: سند 7882
B30: =IF(C30="","",CHOOSE(WEEKDAY(C30),"الأحد","الاثنين","الثلاثاء","الأربعاء","الخميس","الجمعة","السبت")) -> السبت | C30: 46319 | D30: رمان وسط | E30: 215 | F30: 17 | G30: 1.15 | H30: =ROUND(E30*F30*IF(G30>1,G30,1),2) -> 4203.25 | J30: =IF(COUNTA(C30:D30)=0,"",ROUND(SUM(H$7:H30)-SUM(I$7:I30),2)) -> 12666.25
B31: =IF(C31="","",CHOOSE(WEEKDAY(C31),"الأحد","الاثنين","الثلاثاء","الأربعاء","الخميس","الجمعة","السبت")) -> الاثنين | C31: 46321 | D31: رمان وسط | E31: 73 | F31: 17 | G31: 1.15 | H31: =ROUND(E31*F31*IF(G31>1,G31,1),2) -> 1427.15 | J31: =IF(COUNTA(C31:D31)=0,"",ROUND(SUM(H$7:H31)-SUM(I$7:I31),2)) -> 14093.4
B32: =IF(C32="","",CHOOSE(WEEKDAY(C32),"الأحد","الاثنين","الثلاثاء","الأربعاء","الخميس","الجمعة","السبت")) -> الثلاثاء | C32: 46322 | D32: سداد سند/7922 | I32: 5000 | J32: =IF(COUNTA(C32:D32)=0,"",ROUND(SUM(H$7:H32)-SUM(I$7:I32),2)) -> 9093.4 | K32: سند 7922
B33: =IF(C33="","",CHOOSE(WEEKDAY(C33),"الأحد","الاثنين","الثلاثاء","الأربعاء","الخميس","الجمعة","السبت")) -> الثلاثاء | C33: 46322 | D33: كيوي | E33: 21 | F33: 40 | G33: 1.15 | H33: =ROUND(E33*F33*IF(G33>1,G33,1),2) -> 966 | J33: =IF(COUNTA(C33:D33)=0,"",ROUND(SUM(H$7:H33)-SUM(I$7:I33),2)) -> 10059.4
B34: =IF(C34="","",CHOOSE(WEEKDAY(C34),"الأحد","الاثنين","الثلاثاء","الأربعاء","الخميس","الجمعة","السبت")) -> الخميس | C34: 46324 | D34: رمان وسط | E34: 215 | F34: 17 | G34: 1.15 | H34: =ROUND(E34*F34*IF(G34>1,G34,1),2) -> 4203.25 | J34: =IF(COUNTA(C34:D34)=0,"",ROUND(SUM(H$7:H34)-SUM(I$7:I34),2)) -> 14262.65
B35: =IF(C35="","",CHOOSE(WEEKDAY(C35),"الأحد","الاثنين","الثلاثاء","الأربعاء","الخميس","الجمعة","السبت")) | J35: =IF(COUNTA(C35:D35)=0,"",ROUND(SUM(H$7:H35)-SUM(I$7:I35),2))
B36: =IF(C36="","",CHOOSE(WEEKDAY(C36),"الأحد","الاثنين","الثلاثاء","الأربعاء","الخميس","الجمعة","السبت")) | J36: =IF(COUNTA(C36:D36)=0,"",ROUND(SUM(H$7:H36)-SUM(I$7:I36),2))
B37: =IF(C37="","",CHOOSE(WEEKDAY(C37),"الأحد","الاثنين","الثلاثاء","الأربعاء","الخميس","الجمعة","السبت")) | J37: =IF(COUNTA(C37:D37)=0,"",ROUND(SUM(H$7:H37)-SUM(I$7:I37),2))
B38: =IF(C38="","",CHOOSE(WEEKDAY(C38),"الأحد","الاثنين","الثلاثاء","الأربعاء","الخميس","الجمعة","السبت")) | J38: =IF(COUNTA(C38:D38)=0,"",ROUND(SUM(H$7:H38)-SUM(I$7:I38),2))
B39: =IF(C39="","",CHOOSE(WEEKDAY(C39),"الأحد","الاثنين","الثلاثاء","الأربعاء","الخميس","الجمعة","السبت")) | J39: =IF(COUNTA(C39:D39)=0,"",ROUND(SUM(H$7:H39)-SUM(I$7:I39),2))
B40: =IF(C40="","",CHOOSE(WEEKDAY(C40),"الأحد","الاثنين","الثلاثاء","الأربعاء","الخميس","الجمعة","السبت")) | J40: =IF(COUNTA(C40:D40)=0,"",ROUND(SUM(H$7:H40)-SUM(I$7:I40),2))
B41: =IF(C41="","",CHOOSE(WEEKDAY(C41),"الأحد","الاثنين","الثلاثاء","الأربعاء","الخميس","الجمعة","السبت")) | J41: =IF(COUNTA(C41:D41)=0,"",ROUND(SUM(H$7:H41)-SUM(I$7:I41),2))
B42: =IF(C42="","",CHOOSE(WEEKDAY(C42),"الأحد","الاثنين","الثلاثاء","الأربعاء","الخميس","الجمعة","السبت")) | J42: =IF(COUNTA(C42:D42)=0,"",ROUND(SUM(H$7:H42)-SUM(I$7:I42),2))
B43: =IF(C43="","",CHOOSE(WEEKDAY(C43),"الأحد","الاثنين","الثلاثاء","الأربعاء","الخميس","الجمعة","السبت")) | J43: =IF(COUNTA(C43:D43)=0,"",ROUND(SUM(H$7:H43)-SUM(I$7:I43),2))
B44: =IF(C44="","",CHOOSE(WEEKDAY(C44),"الأحد","الاثنين","الثلاثاء","الأربعاء","الخميس","الجمعة","السبت")) | J44: =IF(COUNTA(C44:D44)=0,"",ROUND(SUM(H$7:H44)-SUM(I$7:I44),2))
B45: =IF(C45="","",CHOOSE(WEEKDAY(C45),"الأحد","الاثنين","الثلاثاء","الأربعاء","الخميس","الجمعة","السبت")) | J45: =IF(COUNTA(C45:D45)=0,"",ROUND(SUM(H$7:H45)-SUM(I$7:I45),2))
B46: =IF(C46="","",CHOOSE(WEEKDAY(C46),"الأحد","الاثنين","الثلاثاء","الأربعاء","الخميس","الجمعة","السبت")) | J46: =IF(COUNTA(C46:D46)=0,"",ROUND(SUM(H$7:H46)-SUM(I$7:I46),2))
... B74: =IF(C74="","",CHOOSE(WEEKDAY(C74),"الأحد","الاثنين","الثلاثاء","الأربعاء","الخميس","الجمعة","السبت")) | J74: =IF(COUNTA(C74:D74)=0,"",ROUND(SUM(H$7:H74)-SUM(I$7:I74),2))

Sheet العجم
B1: كشف حساب — العجم
B2: حساب مورد — المدين: مشتريات (مستحق علينا) · الدائن: مدفوعات وخصومات
B3: ملخص | D3: من تاريخ | E3: إلى تاريخ | F3: إجمالي المدين | G3: إجمالي الدائن | H3: الرصيد | I3: ضريبة القيمة المضافة | J3: آخر سداد | K3: الحالة | L3: الخانات الصفراء = إدخال يدوي · باقي الأعمدة معادلات. للإضافة: اكتب في أول صف فارغ.
D4: =IF(COUNT(C7:C1000)=0,"",MIN(C7:C1000)) -> 46308 | E4: =IF(COUNT(C7:C1000)=0,"",MAX(C7:C1000)) -> 46321 | F4: =SUM(H7:H1000) -> 15680.25 | G4: =SUM(I7:I1000) -> 13900 | H4: =ROUND(F4-G4,2) -> 1780.25 | I4: =ROUND(SUMPRODUCT((G7:G1000>1)*E7:E1000*F7:F1000*(G7:G1000-1)),2) -> 2045.25 | J4: =IF(COUNTIFS(I7:I1000,">0",E7:E1000,"")=0,"",_xlfn.MAXIFS(C7:C1000,I7:I1000,">0",E7:E1000,"")) -> 46321 | K4: =IF(ABS(H4)<0.01,"مسدد",IF(H4>0,"مستحق علينا","رصيد لنا")) -> مستحق علينا
B5: ← العودة للملخص
B6: اليوم | C6: التاريخ | D6: البيان / الصنف | E6: العدد | F6: السعر | G6: ضريبة (1.15 أو 0) | H6: مدين (علينا) | I6: دائن (مدفوع) | J6: الرصيد التراكمي | K6: المرجع (سند/فاتورة) | L6: ملاحظات التدقيق
B7: =IF(C7="","",CHOOSE(WEEKDAY(C7),"الأحد","الاثنين","الثلاثاء","الأربعاء","الخميس","الجمعة","السبت")) -> الثلاثاء | C7: 46308 | D7: افندي | E7: 104 | F7: 35 | G7: 1.15 | H7: =ROUND(E7*F7*IF(G7>1,G7,1),2) -> 4186 | J7: =IF(COUNTA(C7:D7)=0,"",ROUND(SUM(H$7:H7)-SUM(I$7:I7),2)) -> 4186
B8: =IF(C8="","",CHOOSE(WEEKDAY(C8),"الأحد","الاثنين","الثلاثاء","الأربعاء","الخميس","الجمعة","السبت")) -> الثلاثاء | C8: 46308 | D8: افندي | E8: 75 | F8: 35 | G8: 1.15 | H8: =ROUND(E8*F8*IF(G8>1,G8,1),2) -> 3018.75 | J8: =IF(COUNTA(C8:D8)=0,"",ROUND(SUM(H$7:H8)-SUM(I$7:I8),2)) -> 7204.75
B9: =IF(C9="","",CHOOSE(WEEKDAY(C9),"الأحد","الاثنين","الثلاثاء","الأربعاء","الخميس","الجمعة","السبت")) -> الأربعاء | C9: 46309 | D9: سداد سند/16761 | I9: 1000 | J9: =IF(COUNTA(C9:D9)=0,"",ROUND(SUM(H$7:H9)-SUM(I$7:I9),2)) -> 6204.75 | K9: سند 16761
B10: =IF(C10="","",CHOOSE(WEEKDAY(C10),"الأحد","الاثنين","الثلاثاء","الأربعاء","الخميس","الجمعة","السبت")) -> الجمعة | C10: 46311 | D10: سداد سند/16800 | I10: 2500 | J10: =IF(COUNTA(C10:D10)=0,"",ROUND(SUM(H$7:H10)-SUM(I$7:I10),2)) -> 3704.75 | K10: سند 16800
B11: =IF(C11="","",CHOOSE(WEEKDAY(C11),"الأحد","الاثنين","الثلاثاء","الأربعاء","الخميس","الجمعة","السبت")) -> الأحد | C11: 46313 | D11: سداد سند/16833 | I11: 2000 | J11: =IF(COUNTA(C11:D11)=0,"",ROUND(SUM(H$7:H11)-SUM(I$7:I11),2)) -> 1704.75 | K11: سند 16833
B12: =IF(C12="","",CHOOSE(WEEKDAY(C12),"الأحد","الاثنين","الثلاثاء","الأربعاء","الخميس","الجمعة","السبت")) -> الثلاثاء | C12: 46315 | D12: سداد سند/16867 | I12: 1400 | J12: =IF(COUNTA(C12:D12)=0,"",ROUND(SUM(H$7:H12)-SUM(I$7:I12),2)) -> 304.75 | K12: سند 16867
B13: =IF(C13="","",CHOOSE(WEEKDAY(C13),"الأحد","الاثنين","الثلاثاء","الأربعاء","الخميس","الجمعة","السبت")) -> الثلاثاء | C13: 46315 | D13: كيوي | E13: 110 | F13: 24 | G13: 1.15 | H13: =ROUND(E13*F13*IF(G13>1,G13,1),2) -> 3036 | J13: =IF(COUNTA(C13:D13)=0,"",ROUND(SUM(H$7:H13)-SUM(I$7:I13),2)) -> 3340.75
B14: =IF(C14="","",CHOOSE(WEEKDAY(C14),"الأحد","الاثنين","الثلاثاء","الأربعاء","الخميس","الجمعة","السبت")) -> الأربعاء | C14: 46316 | D14: كيوي | E14: 110 | F14: 23 | G14: 1.15 | H14: =ROUND(E14*F14*IF(G14>1,G14,1),2) -> 2909.5 | J14: =IF(COUNTA(C14:D14)=0,"",ROUND(SUM(H$7:H14)-SUM(I$7:I14),2)) -> 6250.25
B15: =IF(C15="","",CHOOSE(WEEKDAY(C15),"الأحد","الاثنين","الثلاثاء","الأربعاء","الخميس","الجمعة","السبت")) -> الخميس | C15: 46317 | D15: سداد سند/16898 | I15: 2000 | J15: =IF(COUNTA(C15:D15)=0,"",ROUND(SUM(H$7:H15)-SUM(I$7:I15),2)) -> 4250.25 | K15: سند 16898
B16: =IF(C16="","",CHOOSE(WEEKDAY(C16),"الأحد","الاثنين","الثلاثاء","الأربعاء","الخميس","الجمعة","السبت")) -> السبت | C16: 46319 | D16: سداد سند/16918 | I16: 2000 | J16: =IF(COUNTA(C16:D16)=0,"",ROUND(SUM(H$7:H16)-SUM(I$7:I16),2)) -> 2250.25 | K16: سند 16918
B17: =IF(C17="","",CHOOSE(WEEKDAY(C17),"الأحد","الاثنين","الثلاثاء","الأربعاء","الخميس","الجمعة","السبت")) -> الأحد | C17: 46320 | D17: كيوي | E17: 110 | F17: 20 | G17: 1.15 | H17: =ROUND(E17*F17*IF(G17>1,G17,1),2) -> 2530 | J17: =IF(COUNTA(C17:D17)=0,"",ROUND(SUM(H$7:H17)-SUM(I$7:I17),2)) -> 4780.25
B18: =IF(C18="","",CHOOSE(WEEKDAY(C18),"الأحد","الاثنين","الثلاثاء","الأربعاء","الخميس","الجمعة","السبت")) -> الاثنين | C18: 46321 | D18: سداد سند/16958 | I18: 3000 | J18: =IF(COUNTA(C18:D18)=0,"",ROUND(SUM(H$7:H18)-SUM(I$7:I18),2)) -> 1780.25 | K18: سند 16958
B19: =IF(C19="","",CHOOSE(WEEKDAY(C19),"الأحد","الاثنين","الثلاثاء","الأربعاء","الخميس","الجمعة","السبت")) | J19: =IF(COUNTA(C19:D19)=0,"",ROUND(SUM(H$7:H19)-SUM(I$7:I19),2))
B20: =IF(C20="","",CHOOSE(WEEKDAY(C20),"الأحد","الاثنين","الثلاثاء","الأربعاء","الخميس","الجمعة","السبت")) | J20: =IF(COUNTA(C20:D20)=0,"",ROUND(SUM(H$7:H20)-SUM(I$7:I20),2))
B21: =IF(C21="","",CHOOSE(WEEKDAY(C21),"الأحد","الاثنين","الثلاثاء","الأربعاء","الخميس","الجمعة","السبت")) | J21: =IF(COUNTA(C21:D21)=0,"",ROUND(SUM(H$7:H21)-SUM(I$7:I21),2))
B22: =IF(C22="","",CHOOSE(WEEKDAY(C22),"الأحد","الاثنين","الثلاثاء","الأربعاء","الخميس","الجمعة","السبت")) | J22: =IF(COUNTA(C22:D22)=0,"",ROUND(SUM(H$7:H22)-SUM(I$7:I22),2))
B23: =IF(C23="","",CHOOSE(WEEKDAY(C23),"الأحد","الاثنين","الثلاثاء","الأربعاء","الخميس","الجمعة","السبت")) | J23: =IF(COUNTA(C23:D23)=0,"",ROUND(SUM(H$7:H23)-SUM(I$7:I23),2))
B24: =IF(C24="","",CHOOSE(WEEKDAY(C24),"الأحد","الاثنين","الثلاثاء","الأربعاء","الخميس","الجمعة","السبت")) | J24: =IF(COUNTA(C24:D24)=0,"",ROUND(SUM(H$7:H24)-SUM(I$7:I24),2))
B25: =IF(C25="","",CHOOSE(WEEKDAY(C25),"الأحد","الاثنين","الثلاثاء","الأربعاء","الخميس","الجمعة","السبت")) | J25: =IF(COUNTA(C25:D25)=0,"",ROUND(SUM(H$7:H25)-SUM(I$7:I25),2))
B26: =IF(C26="","",CHOOSE(WEEKDAY(C26),"الأحد","الاثنين","الثلاثاء","الأربعاء","الخميس","الجمعة","السبت")) | J26: =IF(COUNTA(C26:D26)=0,"",ROUND(SUM(H$7:H26)-SUM(I$7:I26),2))
B27: =IF(C27="","",CHOOSE(WEEKDAY(C27),"الأحد","الاثنين","الثلاثاء","الأربعاء","الخميس","الجمعة","السبت")) | J27: =IF(COUNTA(C27:D27)=0,"",ROUND(SUM(H$7:H27)-SUM(I$7:I27),2))
B28: =IF(C28="","",CHOOSE(WEEKDAY(C28),"الأحد","الاثنين","الثلاثاء","الأربعاء","الخميس","الجمعة","السبت")) | J28: =IF(COUNTA(C28:D28)=0,"",ROUND(SUM(H$7:H28)-SUM(I$7:I28),2))
B29: =IF(C29="","",CHOOSE(WEEKDAY(C29),"الأحد","الاثنين","الثلاثاء","الأربعاء","الخميس","الجمعة","السبت")) | J29: =IF(COUNTA(C29:D29)=0,"",ROUND(SUM(H$7:H29)-SUM(I$7:I29),2))
B30: =IF(C30="","",CHOOSE(WEEKDAY(C30),"الأحد","الاثنين","الثلاثاء","الأربعاء","الخميس","الجمعة","السبت")) | J30: =IF(COUNTA(C30:D30)=0,"",ROUND(SUM(H$7:H30)-SUM(I$7:I30),2))
... B58: =IF(C58="","",CHOOSE(WEEKDAY(C58),"الأحد","الاثنين","الثلاثاء","الأربعاء","الخميس","الجمعة","السبت")) | J58: =IF(COUNTA(C58:D58)=0,"",ROUND(SUM(H$7:H58)-SUM(I$7:I58),2))

Sheet البشري
B1: كشف حساب — البشري
B2: حساب مورد — المدين: مشتريات (مستحق علينا) · الدائن: مدفوعات وخصومات
B3: ملخص | D3: من تاريخ | E3: إلى تاريخ | F3: إجمالي المدين | G3: إجمالي الدائن | H3: الرصيد | I3: ضريبة القيمة المضافة | J3: آخر سداد | K3: الحالة | L3: الخانات الصفراء = إدخال يدوي · باقي الأعمدة معادلات. للإضافة: اكتب في أول صف فارغ.
D4: =IF(COUNT(C7:C1000)=0,"",MIN(C7:C1000)) -> 46303 | E4: =IF(COUNT(C7:C1000)=0,"",MAX(C7:C1000)) -> 46324 | F4: =SUM(H7:H1000) -> 37806.25 | G4: =SUM(I7:I1000) -> 24500 | H4: =ROUND(F4-G4,2) -> 13306.25 | I4: =ROUND(SUMPRODUCT((G7:G1000>1)*E7:E1000*F7:F1000*(G7:G1000-1)),2) -> 4931.25 | J4: =IF(COUNTIFS(I7:I1000,">0",E7:E1000,"")=0,"",_xlfn.MAXIFS(C7:C1000,I7:I1000,">0",E7:E1000,"")) -> 46324 | K4: =IF(ABS(H4)<0.01,"مسدد",IF(H4>0,"مستحق علينا","رصيد لنا")) -> مستحق علينا
B5: ← العودة للملخص
B6: اليوم | C6: التاريخ | D6: البيان / الصنف | E6: العدد | F6: السعر | G6: ضريبة (1.15 أو 0) | H6: مدين (علينا) | I6: دائن (مدفوع) | J6: الرصيد التراكمي | K6: المرجع (سند/فاتورة) | L6: ملاحظات التدقيق
B7: =IF(C7="","",CHOOSE(WEEKDAY(C7),"الأحد","الاثنين","الثلاثاء","الأربعاء","الخميس","الجمعة","السبت")) -> الخميس | C7: 46303 | D7: رمان مصري | E7: 190 | F7: 10 | G7: 1.15 | H7: =ROUND(E7*F7*IF(G7>1,G7,1),2) -> 2185 | J7: =IF(COUNTA(C7:D7)=0,"",ROUND(SUM(H$7:H7)-SUM(I$7:I7),2)) -> 2185
B8: =IF(C8="","",CHOOSE(WEEKDAY(C8),"الأحد","الاثنين","الثلاثاء","الأربعاء","الخميس","الجمعة","السبت")) -> الخميس | C8: 46303 | D8: رمان مصري | E8: 200 | F8: 10 | G8: 1.15 | H8: =ROUND(E8*F8*IF(G8>1,G8,1),2) -> 2300 | J8: =IF(COUNTA(C8:D8)=0,"",ROUND(SUM(H$7:H8)-SUM(I$7:I8),2)) -> 4485
B9: =IF(C9="","",CHOOSE(WEEKDAY(C9),"الأحد","الاثنين","الثلاثاء","الأربعاء","الخميس","الجمعة","السبت")) -> الخميس | C9: 46303 | D9: مقاصه مع رجب | I9: 2300 | J9: =IF(COUNTA(C9:D9)=0,"",ROUND(SUM(H$7:H9)-SUM(I$7:I9),2)) -> 2185
B10: =IF(C10="","",CHOOSE(WEEKDAY(C10),"الأحد","الاثنين","الثلاثاء","الأربعاء","الخميس","الجمعة","السبت")) -> الجمعة | C10: 46304 | D10: سداد سند/09235 | I10: 500 | J10: =IF(COUNTA(C10:D10)=0,"",ROUND(SUM(H$7:H10)-SUM(I$7:I10),2)) -> 1685 | K10: سند 09235
B11: =IF(C11="","",CHOOSE(WEEKDAY(C11),"الأحد","الاثنين","الثلاثاء","الأربعاء","الخميس","الجمعة","السبت")) -> الاثنين | C11: 46307 | D11: رمان مصري | E11: 200 | F11: 11 | G11: 1.15 | H11: =ROUND(E11*F11*IF(G11>1,G11,1),2) -> 2530 | J11: =IF(COUNTA(C11:D11)=0,"",ROUND(SUM(H$7:H11)-SUM(I$7:I11),2)) -> 4215
B12: =IF(C12="","",CHOOSE(WEEKDAY(C12),"الأحد","الاثنين","الثلاثاء","الأربعاء","الخميس","الجمعة","السبت")) -> الاثنين | C12: 46307 | D12: سداد سند/09123 | I12: 500 | J12: =IF(COUNTA(C12:D12)=0,"",ROUND(SUM(H$7:H12)-SUM(I$7:I12),2)) -> 3715 | K12: سند 09123
B13: =IF(C13="","",CHOOSE(WEEKDAY(C13),"الأحد","الاثنين","الثلاثاء","الأربعاء","الخميس","الجمعة","السبت")) -> الثلاثاء | C13: 46308 | D13: رمان مصري | E13: 200 | F13: 11.5 | G13: 1.15 | H13: =ROUND(E13*F13*IF(G13>1,G13,1),2) -> 2645 | J13: =IF(COUNTA(C13:D13)=0,"",ROUND(SUM(H$7:H13)-SUM(I$7:I13),2)) -> 6360
B14: =IF(C14="","",CHOOSE(WEEKDAY(C14),"الأحد","الاثنين","الثلاثاء","الأربعاء","الخميس","الجمعة","السبت")) -> الأربعاء | C14: 46309 | D14: سداد سند/09021 | I14: 1000 | J14: =IF(COUNTA(C14:D14)=0,"",ROUND(SUM(H$7:H14)-SUM(I$7:I14),2)) -> 5360 | K14: سند 09021
B15: =IF(C15="","",CHOOSE(WEEKDAY(C15),"الأحد","الاثنين","الثلاثاء","الأربعاء","الخميس","الجمعة","السبت")) -> الجمعة | C15: 46311 | D15: سداد سند/09099 | I15: 1000 | J15: =IF(COUNTA(C15:D15)=0,"",ROUND(SUM(H$7:H15)-SUM(I$7:I15),2)) -> 4360 | K15: سند 09099
B16: =IF(C16="","",CHOOSE(WEEKDAY(C16),"الأحد","الاثنين","الثلاثاء","الأربعاء","الخميس","الجمعة","السبت")) -> الاثنين | C16: 46314 | D16: سداد سند/14633 | I16: 1000 | J16: =IF(COUNTA(C16:D16)=0,"",ROUND(SUM(H$7:H16)-SUM(I$7:I16),2)) -> 3360 | K16: سند 14633
B17: =IF(C17="","",CHOOSE(WEEKDAY(C17),"الأحد","الاثنين","الثلاثاء","الأربعاء","الخميس","الجمعة","السبت")) -> الأربعاء | C17: 46316 | D17: رمان مصري | E17: 30 | F17: 11 | G17: 1.15 | H17: =ROUND(E17*F17*IF(G17>1,G17,1),2) -> 379.5 | J17: =IF(COUNTA(C17:D17)=0,"",ROUND(SUM(H$7:H17)-SUM(I$7:I17),2)) -> 3739.5
B18: =IF(C18="","",CHOOSE(WEEKDAY(C18),"الأحد","الاثنين","الثلاثاء","الأربعاء","الخميس","الجمعة","السبت")) -> الأربعاء | C18: 46316 | D18: فراولة | E18: 20 | F18: 105 | G18: 1.15 | H18: =ROUND(E18*F18*IF(G18>1,G18,1),2) -> 2415 | J18: =IF(COUNTA(C18:D18)=0,"",ROUND(SUM(H$7:H18)-SUM(I$7:I18),2)) -> 6154.5
B19: =IF(C19="","",CHOOSE(WEEKDAY(C19),"الأحد","الاثنين","الثلاثاء","الأربعاء","الخميس","الجمعة","السبت")) -> الأربعاء | C19: 46316 | D19: سداد سند/15544 | I19: 1200 | J19: =IF(COUNTA(C19:D19)=0,"",ROUND(SUM(H$7:H19)-SUM(I$7:I19),2)) -> 4954.5 | K19: سند 15544
B20: =IF(C20="","",CHOOSE(WEEKDAY(C20),"الأحد","الاثنين","الثلاثاء","الأربعاء","الخميس","الجمعة","السبت")) -> الخميس | C20: 46317 | D20: سداد سند/15833 | I20: 1000 | J20: =IF(COUNTA(C20:D20)=0,"",ROUND(SUM(H$7:H20)-SUM(I$7:I20),2)) -> 3954.5 | K20: سند 15833
B21: =IF(C21="","",CHOOSE(WEEKDAY(C21),"الأحد","الاثنين","الثلاثاء","الأربعاء","الخميس","الجمعة","السبت")) -> الجمعة | C21: 46318 | D21: تفاح سلة | E21: 71 | F21: 42 | G21: 1.15 | H21: =ROUND(E21*F21*IF(G21>1,G21,1),2) -> 3429.3 | J21: =IF(COUNTA(C21:D21)=0,"",ROUND(SUM(H$7:H21)-SUM(I$7:I21),2)) -> 7383.8
B22: =IF(C22="","",CHOOSE(WEEKDAY(C22),"الأحد","الاثنين","الثلاثاء","الأربعاء","الخميس","الجمعة","السبت")) -> السبت | C22: 46319 | D22: سداد سند/15558 | I22: 2000 | J22: =IF(COUNTA(C22:D22)=0,"",ROUND(SUM(H$7:H22)-SUM(I$7:I22),2)) -> 5383.8 | K22: سند 15558
B23: =IF(C23="","",CHOOSE(WEEKDAY(C23),"الأحد","الاثنين","الثلاثاء","الأربعاء","الخميس","الجمعة","السبت")) -> الأحد | C23: 46320 | D23: تفاح سلة | E23: 67 | F23: 42 | G23: 1.15 | H23: =ROUND(E23*F23*IF(G23>1,G23,1),2) -> 3236.1 | J23: =IF(COUNTA(C23:D23)=0,"",ROUND(SUM(H$7:H23)-SUM(I$7:I23),2)) -> 8619.9
B24: =IF(C24="","",CHOOSE(WEEKDAY(C24),"الأحد","الاثنين","الثلاثاء","الأربعاء","الخميس","الجمعة","السبت")) -> الأحد | C24: 46320 | D24: فراولة | E24: 59 | F24: 105 | G24: 1.15 | H24: =ROUND(E24*F24*IF(G24>1,G24,1),2) -> 7124.25 | J24: =IF(COUNTA(C24:D24)=0,"",ROUND(SUM(H$7:H24)-SUM(I$7:I24),2)) -> 15744.15
B25: =IF(C25="","",CHOOSE(WEEKDAY(C25),"الأحد","الاثنين","الثلاثاء","الأربعاء","الخميس","الجمعة","السبت")) -> الأحد | C25: 46320 | D25: فراولة | E25: 1 | F25: 61 | G25: 1.15 | H25: =ROUND(E25*F25*IF(G25>1,G25,1),2) -> 70.15 | J25: =IF(COUNTA(C25:D25)=0,"",ROUND(SUM(H$7:H25)-SUM(I$7:I25),2)) -> 15814.3
B26: =IF(C26="","",CHOOSE(WEEKDAY(C26),"الأحد","الاثنين","الثلاثاء","الأربعاء","الخميس","الجمعة","السبت")) -> الاثنين | C26: 46321 | D26: سداد سند/15595 | I26: 10000 | J26: =IF(COUNTA(C26:D26)=0,"",ROUND(SUM(H$7:H26)-SUM(I$7:I26),2)) -> 5814.3 | K26: سند 15595
B27: =IF(C27="","",CHOOSE(WEEKDAY(C27),"الأحد","الاثنين","الثلاثاء","الأربعاء","الخميس","الجمعة","السبت")) -> الثلاثاء | C27: 46322 | D27: كيوي | E27: 103 | F27: 33 | G27: 1.15 | H27: =ROUND(E27*F27*IF(G27>1,G27,1),2) -> 3908.85 | J27: =IF(COUNTA(C27:D27)=0,"",ROUND(SUM(H$7:H27)-SUM(I$7:I27),2)) -> 9723.15
B28: =IF(C28="","",CHOOSE(WEEKDAY(C28),"الأحد","الاثنين","الثلاثاء","الأربعاء","الخميس","الجمعة","السبت")) -> الأربعاء | C28: 46323 | D28: سداد سند/15919 | I28: 2000 | J28: =IF(COUNTA(C28:D28)=0,"",ROUND(SUM(H$7:H28)-SUM(I$7:I28),2)) -> 7723.15 | K28: سند 15919
B29: =IF(C29="","",CHOOSE(WEEKDAY(C29),"الأحد","الاثنين","الثلاثاء","الأربعاء","الخميس","الجمعة","السبت")) -> الأربعاء | C29: 46323 | D29: كيوي | E29: 112 | F29: 32 | G29: 1.15 | H29: =ROUND(E29*F29*IF(G29>1,G29,1),2) -> 4121.6 | J29: =IF(COUNTA(C29:D29)=0,"",ROUND(SUM(H$7:H29)-SUM(I$7:I29),2)) -> 11844.75
B30: =IF(C30="","",CHOOSE(WEEKDAY(C30),"الأحد","الاثنين","الثلاثاء","الأربعاء","الخميس","الجمعة","السبت")) -> الخميس | C30: 46324 | D30: سداد سند/15951 | I30: 2000 | J30: =IF(COUNTA(C30:D30)=0,"",ROUND(SUM(H$7:H30)-SUM(I$7:I30),2)) -> 9844.75 | K30: سند 15951
B31: =IF(C31="","",CHOOSE(WEEKDAY(C31),"الأحد","الاثنين","الثلاثاء","الأربعاء","الخميس","الجمعة","السبت")) -> الخميس | C31: 46324 | D31: تفاح سلة | E31: 70 | F31: 43 | G31: 1.15 | H31: =ROUND(E31*F31*IF(G31>1,G31,1),2) -> 3461.5 | J31: =IF(COUNTA(C31:D31)=0,"",ROUND(SUM(H$7:H31)-SUM(I$7:I31),2)) -> 13306.25
B32: =IF(C32="","",CHOOSE(WEEKDAY(C32),"الأحد","الاثنين","الثلاثاء","الأربعاء","الخميس","الجمعة","السبت")) | J32: =IF(COUNTA(C32:D32)=0,"",ROUND(SUM(H$7:H32)-SUM(I$7:I32),2))
B33: =IF(C33="","",CHOOSE(WEEKDAY(C33),"الأحد","الاثنين","الثلاثاء","الأربعاء","الخميس","الجمعة","السبت")) | J33: =IF(COUNTA(C33:D33)=0,"",ROUND(SUM(H$7:H33)-SUM(I$7:I33),2))
B34: =IF(C34="","",CHOOSE(WEEKDAY(C34),"الأحد","الاثنين","الثلاثاء","الأربعاء","الخميس","الجمعة","السبت")) | J34: =IF(COUNTA(C34:D34)=0,"",ROUND(SUM(H$7:H34)-SUM(I$7:I34),2))
B35: =IF(C35="","",CHOOSE(WEEKDAY(C35),"الأحد","الاثنين","الثلاثاء","الأربعاء","الخميس","الجمعة","السبت")) | J35: =IF(COUNTA(C35:D35)=0,"",ROUND(SUM(H$7:H35)-SUM(I$7:I35),2))
B36: =IF(C36="","",CHOOSE(WEEKDAY(C36),"الأحد","الاثنين","الثلاثاء","الأربعاء","الخميس","الجمعة","السبت")) | J36: =IF(COUNTA(C36:D36)=0,"",ROUND(SUM(H$7:H36)-SUM(I$7:I36),2))
B37: =IF(C37="","",CHOOSE(WEEKDAY(C37),"الأحد","الاثنين","الثلاثاء","الأربعاء","الخميس","الجمعة","السبت")) | J37: =IF(COUNTA(C37:D37)=0,"",ROUND(SUM(H$7:H37)-SUM(I$7:I37),2))
B38: =IF(C38="","",CHOOSE(WEEKDAY(C38),"الأحد","الاثنين","الثلاثاء","الأربعاء","الخميس","الجمعة","السبت")) | J38: =IF(COUNTA(C38:D38)=0,"",ROUND(SUM(H$7:H38)-SUM(I$7:I38),2))
B39: =IF(C39="","",CHOOSE(WEEKDAY(C39),"الأحد","الاثنين","الثلاثاء","الأربعاء","الخميس","الجمعة","السبت")) | J39: =IF(COUNTA(C39:D39)=0,"",ROUND(SUM(H$7:H39)-SUM(I$7:I39),2))
B40: =IF(C40="","",CHOOSE(WEEKDAY(C40),"الأحد","الاثنين","الثلاثاء","الأربعاء","الخميس","الجمعة","السبت")) | J40: =IF(COUNTA(C40:D40)=0,"",ROUND(SUM(H$7:H40)-SUM(I$7:I40),2))
B41: =IF(C41="","",CHOOSE(WEEKDAY(C41),"الأحد","الاثنين","الثلاثاء","الأربعاء","الخميس","الجمعة","السبت")) | J41: =IF(COUNTA(C41:D41)=0,"",ROUND(SUM(H$7:H41)-SUM(I$7:I41),2))
B42: =IF(C42="","",CHOOSE(WEEKDAY(C42),"الأحد","الاثنين","الثلاثاء","الأربعاء","الخميس","الجمعة","السبت")) | J42: =IF(COUNTA(C42:D42)=0,"",ROUND(SUM(H$7:H42)-SUM(I$7:I42),2))
B43: =IF(C43="","",CHOOSE(WEEKDAY(C43),"الأحد","الاثنين","الثلاثاء","الأربعاء","الخميس","الجمعة","السبت")) | J43: =IF(COUNTA(C43:D43)=0,"",ROUND(SUM(H$7:H43)-SUM(I$7:I43),2))
... B71: =IF(C71="","",CHOOSE(WEEKDAY(C71),"الأحد","الاثنين","الثلاثاء","الأربعاء","الخميس","الجمعة","السبت")) | J71: =IF(COUNTA(C71:D71)=0,"",ROUND(SUM(H$7:H71)-SUM(I$7:I71),2))

Sheet نجمة العالم
B1: كشف حساب — نجمة العالم
B2: حساب مورد — المدين: مشتريات (مستحق علينا) · الدائن: مدفوعات وخصومات
B3: ملخص | D3: من تاريخ | E3: إلى تاريخ | F3: إجمالي المدين | G3: إجمالي الدائن | H3: الرصيد | I3: ضريبة القيمة المضافة | J3: آخر سداد | K3: الحالة | L3: الخانات الصفراء = إدخال يدوي · باقي الأعمدة معادلات. للإضافة: اكتب في أول صف فارغ.
D4: =IF(COUNT(C7:C1000)=0,"",MIN(C7:C1000)) -> 46320 | E4: =IF(COUNT(C7:C1000)=0,"",MAX(C7:C1000)) -> 46324 | F4: =SUM(H7:H1000) -> 9008 | G4: =SUM(I7:I1000) -> 3700 | H4: =ROUND(F4-G4,2) -> 5308 | I4: =ROUND(SUMPRODUCT((G7:G1000>1)*E7:E1000*F7:F1000*(G7:G1000-1)),2) -> 888 | J4: =IF(COUNTIFS(I7:I1000,">0",E7:E1000,"")=0,"",_xlfn.MAXIFS(C7:C1000,I7:I1000,">0",E7:E1000,"")) -> 46324 | K4: =IF(ABS(H4)<0.01,"مسدد",IF(H4>0,"مستحق علينا","رصيد لنا")) -> مستحق علينا
B5: ← العودة للملخص
B6: اليوم | C6: التاريخ | D6: البيان / الصنف | E6: العدد | F6: السعر | G6: ضريبة (1.15 أو 0) | H6: مدين (علينا) | I6: دائن (مدفوع) | J6: الرصيد التراكمي | K6: المرجع (سند/فاتورة) | L6: ملاحظات التدقيق
B7: =IF(C7="","",CHOOSE(WEEKDAY(C7),"الأحد","الاثنين","الثلاثاء","الأربعاء","الخميس","الجمعة","السبت")) -> الأحد | C7: 46320 | D7: افندي | E7: 40 | F7: 55 | G7: 0 | H7: =ROUND(E7*F7*IF(G7>1,G7,1),2) -> 2200 | J7: =IF(COUNTA(C7:D7)=0,"",ROUND(SUM(H$7:H7)-SUM(I$7:I7),2)) -> 2200
B8: =IF(C8="","",CHOOSE(WEEKDAY(C8),"الأحد","الاثنين","الثلاثاء","الأربعاء","الخميس","الجمعة","السبت")) -> الاثنين | C8: 46321 | D8: برتقال عصير | E8: 80 | F8: 74 | G8: 1.15 | H8: =ROUND(E8*F8*IF(G8>1,G8,1),2) -> 6808 | J8: =IF(COUNTA(C8:D8)=0,"",ROUND(SUM(H$7:H8)-SUM(I$7:I8),2)) -> 9008
B9: =IF(C9="","",CHOOSE(WEEKDAY(C9),"الأحد","الاثنين","الثلاثاء","الأربعاء","الخميس","الجمعة","السبت")) -> الثلاثاء | C9: 46322 | D9: سداد نقدي | I9: 2200 | J9: =IF(COUNTA(C9:D9)=0,"",ROUND(SUM(H$7:H9)-SUM(I$7:I9),2)) -> 6808
B10: =IF(C10="","",CHOOSE(WEEKDAY(C10),"الأحد","الاثنين","الثلاثاء","الأربعاء","الخميس","الجمعة","السبت")) -> الخميس | C10: 46324 | D10: سداد سند/016360 | I10: 1500 | J10: =IF(COUNTA(C10:D10)=0,"",ROUND(SUM(H$7:H10)-SUM(I$7:I10),2)) -> 5308 | K10: سند 016360
B11: =IF(C11="","",CHOOSE(WEEKDAY(C11),"الأحد","الاثنين","الثلاثاء","الأربعاء","الخميس","الجمعة","السبت")) | J11: =IF(COUNTA(C11:D11)=0,"",ROUND(SUM(H$7:H11)-SUM(I$7:I11),2))
B12: =IF(C12="","",CHOOSE(WEEKDAY(C12),"الأحد","الاثنين","الثلاثاء","الأربعاء","الخميس","الجمعة","السبت")) | J12: =IF(COUNTA(C12:D12)=0,"",ROUND(SUM(H$7:H12)-SUM(I$7:I12),2))
B13: =IF(C13="","",CHOOSE(WEEKDAY(C13),"الأحد","الاثنين","الثلاثاء","الأربعاء","الخميس","الجمعة","السبت")) | J13: =IF(COUNTA(C13:D13)=0,"",ROUND(SUM(H$7:H13)-SUM(I$7:I13),2))
B14: =IF(C14="","",CHOOSE(WEEKDAY(C14),"الأحد","الاثنين","الثلاثاء","الأربعاء","الخميس","الجمعة","السبت")) | J14: =IF(COUNTA(C14:D14)=0,"",ROUND(SUM(H$7:H14)-SUM(I$7:I14),2))
B15: =IF(C15="","",CHOOSE(WEEKDAY(C15),"الأحد","الاثنين","الثلاثاء","الأربعاء","الخميس","الجمعة","السبت")) | J15: =IF(COUNTA(C15:D15)=0,"",ROUND(SUM(H$7:H15)-SUM(I$7:I15),2))
B16: =IF(C16="","",CHOOSE(WEEKDAY(C16),"الأحد","الاثنين","الثلاثاء","الأربعاء","الخميس","الجمعة","السبت")) | J16: =IF(COUNTA(C16:D16)=0,"",ROUND(SUM(H$7:H16)-SUM(I$7:I16),2))
B17: =IF(C17="","",CHOOSE(WEEKDAY(C17),"الأحد","الاثنين","الثلاثاء","الأربعاء","الخميس","الجمعة","السبت")) | J17: =IF(COUNTA(C17:D17)=0,"",ROUND(SUM(H$7:H17)-SUM(I$7:I17),2))
B18: =IF(C18="","",CHOOSE(WEEKDAY(C18),"الأحد","الاثنين","الثلاثاء","الأربعاء","الخميس","الجمعة","السبت")) | J18: =IF(COUNTA(C18:D18)=0,"",ROUND(SUM(H$7:H18)-SUM(I$7:I18),2))
B19: =IF(C19="","",CHOOSE(WEEKDAY(C19),"الأحد","الاثنين","الثلاثاء","الأربعاء","الخميس","الجمعة","السبت")) | J19: =IF(COUNTA(C19:D19)=0,"",ROUND(SUM(H$7:H19)-SUM(I$7:I19),2))
B20: =IF(C20="","",CHOOSE(WEEKDAY(C20),"الأحد","الاثنين","الثلاثاء","الأربعاء","الخميس","الجمعة","السبت")) | J20: =IF(COUNTA(C20:D20)=0,"",ROUND(SUM(H$7:H20)-SUM(I$7:I20),2))
B21: =IF(C21="","",CHOOSE(WEEKDAY(C21),"الأحد","الاثنين","الثلاثاء","الأربعاء","الخميس","الجمعة","السبت")) | J21: =IF(COUNTA(C21:D21)=0,"",ROUND(SUM(H$7:H21)-SUM(I$7:I21),2))
B22: =IF(C22="","",CHOOSE(WEEKDAY(C22),"الأحد","الاثنين","الثلاثاء","الأربعاء","الخميس","الجمعة","السبت")) | J22: =IF(COUNTA(C22:D22)=0,"",ROUND(SUM(H$7:H22)-SUM(I$7:I22),2))
... B50: =IF(C50="","",CHOOSE(WEEKDAY(C50),"الأحد","الاثنين","الثلاثاء","الأربعاء","الخميس","الجمعة","السبت")) | J50: =IF(COUNTA(C50:D50)=0,"",ROUND(SUM(H$7:H50)-SUM(I$7:I50),2))

Sheet الاغذية الطازجة
B1: كشف حساب — الأغذية الطازجة
B2: حساب مورد — المدين: مشتريات (مستحق علينا) · الدائن: مدفوعات وخصومات
B3: ملخص | D3: من تاريخ | E3: إلى تاريخ | F3: إجمالي المدين | G3: إجمالي الدائن | H3: الرصيد | I3: ضريبة القيمة المضافة | J3: آخر سداد | K3: الحالة | L3: الخانات الصفراء = إدخال يدوي · باقي الأعمدة معادلات. للإضافة: اكتب في أول صف فارغ.
D4: =IF(COUNT(C7:C1000)=0,"",MIN(C7:C1000)) -> 46310 | E4: =IF(COUNT(C7:C1000)=0,"",MAX(C7:C1000)) -> 46325 | F4: =SUM(H7:H1000) -> 24788.25 | G4: =SUM(I7:I1000) -> 7000 | H4: =ROUND(F4-G4,2) -> 17788.25 | I4: =ROUND(SUMPRODUCT((G7:G1000>1)*E7:E1000*F7:F1000*(G7:G1000-1)),2) -> 3233.25 | J4: =IF(COUNTIFS(I7:I1000,">0",E7:E1000,"")=0,"",_xlfn.MAXIFS(C7:C1000,I7:I1000,">0",E7:E1000,"")) -> 46324 | K4: =IF(ABS(H4)<0.01,"مسدد",IF(H4>0,"مستحق علينا","رصيد لنا")) -> مستحق علينا
B5: ← العودة للملخص
B6: اليوم | C6: التاريخ | D6: البيان / الصنف | E6: العدد | F6: السعر | G6: ضريبة (1.15 أو 0) | H6: مدين (علينا) | I6: دائن (مدفوع) | J6: الرصيد التراكمي | K6: المرجع (سند/فاتورة) | L6: ملاحظات التدقيق
B7: =IF(C7="","",CHOOSE(WEEKDAY(C7),"الأحد","الاثنين","الثلاثاء","الأربعاء","الخميس","الجمعة","السبت")) -> الخميس | C7: 46310 | D7: افندي افريقي | E7: 98 | F7: 70 | G7: 1.15 | H7: =ROUND(E7*F7*IF(G7>1,G7,1),2) -> 7889 | J7: =IF(COUNTA(C7:D7)=0,"",ROUND(SUM(H$7:H7)-SUM(I$7:I7),2)) -> 7889 | L7: اسم اليوم الأصلي لا يطابق التاريخ
B8: =IF(C8="","",CHOOSE(WEEKDAY(C8),"الأحد","الاثنين","الثلاثاء","الأربعاء","الخميس","الجمعة","السبت")) -> الاثنين | C8: 46321 | D8: افندي افريقي | E8: 93 | F8: 70 | G8: 1.15 | H8: =ROUND(E8*F8*IF(G8>1,G8,1),2) -> 7486.5 | J8: =IF(COUNTA(C8:D8)=0,"",ROUND(SUM(H$7:H8)-SUM(I$7:I8),2)) -> 15375.5
B9: =IF(C9="","",CHOOSE(WEEKDAY(C9),"الأحد","الاثنين","الثلاثاء","الأربعاء","الخميس","الجمعة","السبت")) -> الثلاثاء | C9: 46322 | D9: سداد سند/18904 | I9: 2000 | J9: =IF(COUNTA(C9:D9)=0,"",ROUND(SUM(H$7:H9)-SUM(I$7:I9),2)) -> 13375.5 | K9: سند 18904
B10: =IF(C10="","",CHOOSE(WEEKDAY(C10),"الأحد","الاثنين","الثلاثاء","الأربعاء","الخميس","الجمعة","السبت")) -> الأربعاء | C10: 46323 | D10: افندي افريقي | E10: 90 | F10: 70 | G10: 1.15 | H10: =ROUND(E10*F10*IF(G10>1,G10,1),2) -> 7245 | J10: =IF(COUNTA(C10:D10)=0,"",ROUND(SUM(H$7:H10)-SUM(I$7:I10),2)) -> 20620.5
B11: =IF(C11="","",CHOOSE(WEEKDAY(C11),"الأحد","الاثنين","الثلاثاء","الأربعاء","الخميس","الجمعة","السبت")) -> الأربعاء | C11: 46323 | D11: جرين فروت | E11: 5 | F11: 55 | G11: 1.15 | H11: =ROUND(E11*F11*IF(G11>1,G11,1),2) -> 316.25 | J11: =IF(COUNTA(C11:D11)=0,"",ROUND(SUM(H$7:H11)-SUM(I$7:I11),2)) -> 20936.75
B12: =IF(C12="","",CHOOSE(WEEKDAY(C12),"الأحد","الاثنين","الثلاثاء","الأربعاء","الخميس","الجمعة","السبت")) -> الخميس | C12: 46324 | D12: سداد سند/18940 | I12: 5000 | J12: =IF(COUNTA(C12:D12)=0,"",ROUND(SUM(H$7:H12)-SUM(I$7:I12),2)) -> 15936.75 | K12: سند 18940
B13: =IF(C13="","",CHOOSE(WEEKDAY(C13),"الأحد","الاثنين","الثلاثاء","الأربعاء","الخميس","الجمعة","السبت")) -> الجمعة | C13: 46325 | D13: افندي افريقي | E13: 23 | F13: 70 | G13: 1.15 | H13: =ROUND(E13*F13*IF(G13>1,G13,1),2) -> 1851.5 | J13: =IF(COUNTA(C13:D13)=0,"",ROUND(SUM(H$7:H13)-SUM(I$7:I13),2)) -> 17788.25
B14: =IF(C14="","",CHOOSE(WEEKDAY(C14),"الأحد","الاثنين","الثلاثاء","الأربعاء","الخميس","الجمعة","السبت")) | J14: =IF(COUNTA(C14:D14)=0,"",ROUND(SUM(H$7:H14)-SUM(I$7:I14),2))
B15: =IF(C15="","",CHOOSE(WEEKDAY(C15),"الأحد","الاثنين","الثلاثاء","الأربعاء","الخميس","الجمعة","السبت")) | J15: =IF(COUNTA(C15:D15)=0,"",ROUND(SUM(H$7:H15)-SUM(I$7:I15),2))
B16: =IF(C16="","",CHOOSE(WEEKDAY(C16),"الأحد","الاثنين","الثلاثاء","الأربعاء","الخميس","الجمعة","السبت")) | J16: =IF(COUNTA(C16:D16)=0,"",ROUND(SUM(H$7:H16)-SUM(I$7:I16),2))
B17: =IF(C17="","",CHOOSE(WEEKDAY(C17),"الأحد","الاثنين","الثلاثاء","الأربعاء","الخميس","الجمعة","السبت")) | J17: =IF(COUNTA(C17:D17)=0,"",ROUND(SUM(H$7:H17)-SUM(I$7:I17),2))
B18: =IF(C18="","",CHOOSE(WEEKDAY(C18),"الأحد","الاثنين","الثلاثاء","الأربعاء","الخميس","الجمعة","السبت")) | J18: =IF(COUNTA(C18:D18)=0,"",ROUND(SUM(H$7:H18)-SUM(I$7:I18),2))
B19: =IF(C19="","",CHOOSE(WEEKDAY(C19),"الأحد","الاثنين","الثلاثاء","الأربعاء","الخميس","الجمعة","السبت")) | J19: =IF(COUNTA(C19:D19)=0,"",ROUND(SUM(H$7:H19)-SUM(I$7:I19),2))
B20: =IF(C20="","",CHOOSE(WEEKDAY(C20),"الأحد","الاثنين","الثلاثاء","الأربعاء","الخميس","الجمعة","السبت")) | J20: =IF(COUNTA(C20:D20)=0,"",ROUND(SUM(H$7:H20)-SUM(I$7:I20),2))
B21: =IF(C21="","",CHOOSE(WEEKDAY(C21),"الأحد","الاثنين","الثلاثاء","الأربعاء","الخميس","الجمعة","السبت")) | J21: =IF(COUNTA(C21:D21)=0,"",ROUND(SUM(H$7:H21)-SUM(I$7:I21),2))
B22: =IF(C22="","",CHOOSE(WEEKDAY(C22),"الأحد","الاثنين","الثلاثاء","الأربعاء","الخميس","الجمعة","السبت")) | J22: =IF(COUNTA(C22:D22)=0,"",ROUND(SUM(H$7:H22)-SUM(I$7:I22),2))
B23: =IF(C23="","",CHOOSE(WEEKDAY(C23),"الأحد","الاثنين","الثلاثاء","الأربعاء","الخميس","الجمعة","السبت")) | J23: =IF(COUNTA(C23:D23)=0,"",ROUND(SUM(H$7:H23)-SUM(I$7:I23),2))
B24: =IF(C24="","",CHOOSE(WEEKDAY(C24),"الأحد","الاثنين","الثلاثاء","الأربعاء","الخميس","الجمعة","السبت")) | J24: =IF(COUNTA(C24:D24)=0,"",ROUND(SUM(H$7:H24)-SUM(I$7:I24),2))
B25: =IF(C25="","",CHOOSE(WEEKDAY(C25),"الأحد","الاثنين","الثلاثاء","الأربعاء","الخميس","الجمعة","السبت")) | J25: =IF(COUNTA(C25:D25)=0,"",ROUND(SUM(H$7:H25)-SUM(I$7:I25),2))
... B53: =IF(C53="","",CHOOSE(WEEKDAY(C53),"الأحد","الاثنين","الثلاثاء","الأربعاء","الخميس","الجمعة","السبت")) | J53: =IF(COUNTA(C53:D53)=0,"",ROUND(SUM(H$7:H53)-SUM(I$7:I53),2))

Sheet جوري فروت
B1: كشف حساب — جوري فروت
B2: حساب مورد — المدين: مشتريات (مستحق علينا) · الدائن: مدفوعات وخصومات
B3: ملخص | D3: من تاريخ | E3: إلى تاريخ | F3: إجمالي المدين | G3: إجمالي الدائن | H3: الرصيد | I3: ضريبة القيمة المضافة | J3: آخر سداد | K3: الحالة | L3: الخانات الصفراء = إدخال يدوي · باقي الأعمدة معادلات. للإضافة: اكتب في أول صف فارغ.
D4: =IF(COUNT(C7:C1000)=0,"",MIN(C7:C1000)) -> 46323 | E4: =IF(COUNT(C7:C1000)=0,"",MAX(C7:C1000)) -> 46324 | F4: =SUM(H7:H1000) -> 2925.6 | G4: =SUM(I7:I1000) -> 2410 | H4: =ROUND(F4-G4,2) -> 515.6 | I4: =ROUND(SUMPRODUCT((G7:G1000>1)*E7:E1000*F7:F1000*(G7:G1000-1)),2) -> 381.6 | J4: =IF(COUNTIFS(I7:I1000,">0",E7:E1000,"")=0,"",_xlfn.MAXIFS(C7:C1000,I7:I1000,">0",E7:E1000,"")) -> 46324 | K4: =IF(ABS(H4)<0.01,"مسدد",IF(H4>0,"مستحق علينا","رصيد لنا")) -> مستحق علينا
B5: ← العودة للملخص
B6: اليوم | C6: التاريخ | D6: البيان / الصنف | E6: العدد | F6: السعر | G6: ضريبة (1.15 أو 0) | H6: مدين (علينا) | I6: دائن (مدفوع) | J6: الرصيد التراكمي | K6: المرجع (سند/فاتورة) | L6: ملاحظات التدقيق
B7: =IF(C7="","",CHOOSE(WEEKDAY(C7),"الأحد","الاثنين","الثلاثاء","الأربعاء","الخميس","الجمعة","السبت")) -> الأربعاء | C7: 46323 | D7: تفاح احمر | E7: 32 | F7: 42 | G7: 1.15 | H7: =ROUND(E7*F7*IF(G7>1,G7,1),2) -> 1545.6 | J7: =IF(COUNTA(C7:D7)=0,"",ROUND(SUM(H$7:H7)-SUM(I$7:I7),2)) -> 1545.6
B8: =IF(C8="","",CHOOSE(WEEKDAY(C8),"الأحد","الاثنين","الثلاثاء","الأربعاء","الخميس","الجمعة","السبت")) -> الأربعاء | C8: 46323 | D8: تفاح اخضر | E8: 25 | F8: 30 | G8: 1.15 | H8: =ROUND(E8*F8*IF(G8>1,G8,1),2) -> 862.5 | J8: =IF(COUNTA(C8:D8)=0,"",ROUND(SUM(H$7:H8)-SUM(I$7:I8),2)) -> 2408.1
B9: =IF(C9="","",CHOOSE(WEEKDAY(C9),"الأحد","الاثنين","الثلاثاء","الأربعاء","الخميس","الجمعة","السبت")) -> الخميس | C9: 46324 | D9: سداد | I9: 2410 | J9: =IF(COUNTA(C9:D9)=0,"",ROUND(SUM(H$7:H9)-SUM(I$7:I9),2)) -> -1.9
B10: =IF(C10="","",CHOOSE(WEEKDAY(C10),"الأحد","الاثنين","الثلاثاء","الأربعاء","الخميس","الجمعة","السبت")) -> الخميس | C10: 46324 | D10: تفاح اخضر | E10: 15 | F10: 30 | G10: 1.15 | H10: =ROUND(E10*F10*IF(G10>1,G10,1),2) -> 517.5 | J10: =IF(COUNTA(C10:D10)=0,"",ROUND(SUM(H$7:H10)-SUM(I$7:I10),2)) -> 515.6
B11: =IF(C11="","",CHOOSE(WEEKDAY(C11),"الأحد","الاثنين","الثلاثاء","الأربعاء","الخميس","الجمعة","السبت")) | J11: =IF(COUNTA(C11:D11)=0,"",ROUND(SUM(H$7:H11)-SUM(I$7:I11),2))
B12: =IF(C12="","",CHOOSE(WEEKDAY(C12),"الأحد","الاثنين","الثلاثاء","الأربعاء","الخميس","الجمعة","السبت")) | J12: =IF(COUNTA(C12:D12)=0,"",ROUND(SUM(H$7:H12)-SUM(I$7:I12),2))
B13: =IF(C13="","",CHOOSE(WEEKDAY(C13),"الأحد","الاثنين","الثلاثاء","الأربعاء","الخميس","الجمعة","السبت")) | J13: =IF(COUNTA(C13:D13)=0,"",ROUND(SUM(H$7:H13)-SUM(I$7:I13),2))
B14: =IF(C14="","",CHOOSE(WEEKDAY(C14),"الأحد","الاثنين","الثلاثاء","الأربعاء","الخميس","الجمعة","السبت")) | J14: =IF(COUNTA(C14:D14)=0,"",ROUND(SUM(H$7:H14)-SUM(I$7:I14),2))
B15: =IF(C15="","",CHOOSE(WEEKDAY(C15),"الأحد","الاثنين","الثلاثاء","الأربعاء","الخميس","الجمعة","السبت")) | J15: =IF(COUNTA(C15:D15)=0,"",ROUND(SUM(H$7:H15)-SUM(I$7:I15),2))
B16: =IF(C16="","",CHOOSE(WEEKDAY(C16),"الأحد","الاثنين","الثلاثاء","الأربعاء","الخميس","الجمعة","السبت")) | J16: =IF(COUNTA(C16:D16)=0,"",ROUND(SUM(H$7:H16)-SUM(I$7:I16),2))
B17: =IF(C17="","",CHOOSE(WEEKDAY(C17),"الأحد","الاثنين","الثلاثاء","الأربعاء","الخميس","الجمعة","السبت")) | J17: =IF(COUNTA(C17:D17)=0,"",ROUND(SUM(H$7:H17)-SUM(I$7:I17),2))
B18: =IF(C18="","",CHOOSE(WEEKDAY(C18),"الأحد","الاثنين","الثلاثاء","الأربعاء","الخميس","الجمعة","السبت")) | J18: =IF(COUNTA(C18:D18)=0,"",ROUND(SUM(H$7:H18)-SUM(I$7:I18),2))
B19: =IF(C19="","",CHOOSE(WEEKDAY(C19),"الأحد","الاثنين","الثلاثاء","الأربعاء","الخميس","الجمعة","السبت")) | J19: =IF(COUNTA(C19:D19)=0,"",ROUND(SUM(H$7:H19)-SUM(I$7:I19),2))
B20: =IF(C20="","",CHOOSE(WEEKDAY(C20),"الأحد","الاثنين","الثلاثاء","الأربعاء","الخميس","الجمعة","السبت")) | J20: =IF(COUNTA(C20:D20)=0,"",ROUND(SUM(H$7:H20)-SUM(I$7:I20),2))
B21: =IF(C21="","",CHOOSE(WEEKDAY(C21),"الأحد","الاثنين","الثلاثاء","الأربعاء","الخميس","الجمعة","السبت")) | J21: =IF(COUNTA(C21:D21)=0,"",ROUND(SUM(H$7:H21)-SUM(I$7:I21),2))
B22: =IF(C22="","",CHOOSE(WEEKDAY(C22),"الأحد","الاثنين","الثلاثاء","الأربعاء","الخميس","الجمعة","السبت")) | J22: =IF(COUNTA(C22:D22)=0,"",ROUND(SUM(H$7:H22)-SUM(I$7:I22),2))
... B50: =IF(C50="","",CHOOSE(WEEKDAY(C50),"الأحد","الاثنين","الثلاثاء","الأربعاء","الخميس","الجمعة","السبت")) | J50: =IF(COUNTA(C50:D50)=0,"",ROUND(SUM(H$7:H50)-SUM(I$7:I50),2))

Sheet جابر القرشي
B1: كشف حساب — جابر القرشي
B2: حساب مورد — المدين: مشتريات (مستحق علينا) · الدائن: مدفوعات وخصومات
B3: ملخص | D3: من تاريخ | E3: إلى تاريخ | F3: إجمالي المدين | G3: إجمالي الدائن | H3: الرصيد | I3: ضريبة القيمة المضافة | J3: آخر سداد | K3: الحالة | L3: الخانات الصفراء = إدخال يدوي · باقي الأعمدة معادلات. للإضافة: اكتب في أول صف فارغ.
D4: =IF(COUNT(C7:C1000)=0,"",MIN(C7:C1000)) -> 46325 | E4: =IF(COUNT(C7:C1000)=0,"",MAX(C7:C1000)) -> 46325 | F4: =SUM(H7:H1000) -> 3956 | G4: =SUM(I7:I1000) -> 0 | H4: =ROUND(F4-G4,2) -> 3956 | I4: =ROUND(SUMPRODUCT((G7:G1000>1)*E7:E1000*F7:F1000*(G7:G1000-1)),2) -> 516 | J4: =IF(COUNTIFS(I7:I1000,">0",E7:E1000,"")=0,"",_xlfn.MAXIFS(C7:C1000,I7:I1000,">0",E7:E1000,"")) | K4: =IF(ABS(H4)<0.01,"مسدد",IF(H4>0,"مستحق علينا","رصيد لنا")) -> مستحق علينا
B5: ← العودة للملخص
B6: اليوم | C6: التاريخ | D6: البيان / الصنف | E6: العدد | F6: السعر | G6: ضريبة (1.15 أو 0) | H6: مدين (علينا) | I6: دائن (مدفوع) | J6: الرصيد التراكمي | K6: المرجع (سند/فاتورة) | L6: ملاحظات التدقيق
B7: =IF(C7="","",CHOOSE(WEEKDAY(C7),"الأحد","الاثنين","الثلاثاء","الأربعاء","الخميس","الجمعة","السبت")) -> الجمعة | C7: 46325 | D7: تفاح | E7: 80 | F7: 43 | G7: 1.15 | H7: =ROUND(E7*F7*IF(G7>1,G7,1),2) -> 3956 | J7: =IF(COUNTA(C7:D7)=0,"",ROUND(SUM(H$7:H7)-SUM(I$7:I7),2)) -> 3956
B8: =IF(C8="","",CHOOSE(WEEKDAY(C8),"الأحد","الاثنين","الثلاثاء","الأربعاء","الخميس","الجمعة","السبت")) | J8: =IF(COUNTA(C8:D8)=0,"",ROUND(SUM(H$7:H8)-SUM(I$7:I8),2))
B9: =IF(C9="","",CHOOSE(WEEKDAY(C9),"الأحد","الاثنين","الثلاثاء","الأربعاء","الخميس","الجمعة","السبت")) | J9: =IF(COUNTA(C9:D9)=0,"",ROUND(SUM(H$7:H9)-SUM(I$7:I9),2))
B10: =IF(C10="","",CHOOSE(WEEKDAY(C10),"الأحد","الاثنين","الثلاثاء","الأربعاء","الخميس","الجمعة","السبت")) | J10: =IF(COUNTA(C10:D10)=0,"",ROUND(SUM(H$7:H10)-SUM(I$7:I10),2))
B11: =IF(C11="","",CHOOSE(WEEKDAY(C11),"الأحد","الاثنين","الثلاثاء","الأربعاء","الخميس","الجمعة","السبت")) | J11: =IF(COUNTA(C11:D11)=0,"",ROUND(SUM(H$7:H11)-SUM(I$7:I11),2))
B12: =IF(C12="","",CHOOSE(WEEKDAY(C12),"الأحد","الاثنين","الثلاثاء","الأربعاء","الخميس","الجمعة","السبت")) | J12: =IF(COUNTA(C12:D12)=0,"",ROUND(SUM(H$7:H12)-SUM(I$7:I12),2))
B13: =IF(C13="","",CHOOSE(WEEKDAY(C13),"الأحد","الاثنين","الثلاثاء","الأربعاء","الخميس","الجمعة","السبت")) | J13: =IF(COUNTA(C13:D13)=0,"",ROUND(SUM(H$7:H13)-SUM(I$7:I13),2))
B14: =IF(C14="","",CHOOSE(WEEKDAY(C14),"الأحد","الاثنين","الثلاثاء","الأربعاء","الخميس","الجمعة","السبت")) | J14: =IF(COUNTA(C14:D14)=0,"",ROUND(SUM(H$7:H14)-SUM(I$7:I14),2))
B15: =IF(C15="","",CHOOSE(WEEKDAY(C15),"الأحد","الاثنين","الثلاثاء","الأربعاء","الخميس","الجمعة","السبت")) | J15: =IF(COUNTA(C15:D15)=0,"",ROUND(SUM(H$7:H15)-SUM(I$7:I15),2))
B16: =IF(C16="","",CHOOSE(WEEKDAY(C16),"الأحد","الاثنين","الثلاثاء","الأربعاء","الخميس","الجمعة","السبت")) | J16: =IF(COUNTA(C16:D16)=0,"",ROUND(SUM(H$7:H16)-SUM(I$7:I16),2))
B17: =IF(C17="","",CHOOSE(WEEKDAY(C17),"الأحد","الاثنين","الثلاثاء","الأربعاء","الخميس","الجمعة","السبت")) | J17: =IF(COUNTA(C17:D17)=0,"",ROUND(SUM(H$7:H17)-SUM(I$7:I17),2))
B18: =IF(C18="","",CHOOSE(WEEKDAY(C18),"الأحد","الاثنين","الثلاثاء","الأربعاء","الخميس","الجمعة","السبت")) | J18: =IF(COUNTA(C18:D18)=0,"",ROUND(SUM(H$7:H18)-SUM(I$7:I18),2))
B19: =IF(C19="","",CHOOSE(WEEKDAY(C19),"الأحد","الاثنين","الثلاثاء","الأربعاء","الخميس","الجمعة","السبت")) | J19: =IF(COUNTA(C19:D19)=0,"",ROUND(SUM(H$7:H19)-SUM(I$7:I19),2))
... B47: =IF(C47="","",CHOOSE(WEEKDAY(C47),"الأحد","الاثنين","الثلاثاء","الأربعاء","الخميس","الجمعة","السبت")) | J47: =IF(COUNTA(C47:D47)=0,"",ROUND(SUM(H$7:H47)-SUM(I$7:I47),2))

Sheet ثلاجة نخيل
B1: كشف حساب — ثلاجة نخيل
B2: حساب مورد — المدين: مشتريات (مستحق علينا) · الدائن: مدفوعات وخصومات
B3: ملخص | D3: من تاريخ | E3: إلى تاريخ | F3: إجمالي المدين | G3: إجمالي الدائن | H3: الرصيد | I3: ضريبة القيمة المضافة | J3: آخر سداد | K3: الحالة | L3: الخانات الصفراء = إدخال يدوي · باقي الأعمدة معادلات. للإضافة: اكتب في أول صف فارغ.
D4: =IF(COUNT(C7:C1000)=0,"",MIN(C7:C1000)) -> 46310 | E4: =IF(COUNT(C7:C1000)=0,"",MAX(C7:C1000)) -> 46325 | F4: =SUM(H7:H1000) -> 3391.35 | G4: =SUM(I7:I1000) -> 3390 | H4: =ROUND(F4-G4,2) -> 1.35 | I4: =ROUND(SUMPRODUCT((G7:G1000>1)*E7:E1000*F7:F1000*(G7:G1000-1)),2) -> 442.35 | J4: =IF(COUNTIFS(I7:I1000,">0",E7:E1000,"")=0,"",_xlfn.MAXIFS(C7:C1000,I7:I1000,">0",E7:E1000,"")) -> 46325 | K4: =IF(ABS(H4)<0.01,"مسدد",IF(H4>0,"مستحق علينا","رصيد لنا")) -> مستحق علينا
B5: ← العودة للملخص
B6: اليوم | C6: التاريخ | D6: البيان / الصنف | E6: العدد | F6: السعر | G6: ضريبة (1.15 أو 0) | H6: مدين (علينا) | I6: دائن (مدفوع) | J6: الرصيد التراكمي | K6: المرجع (سند/فاتورة) | L6: ملاحظات التدقيق
B7: =IF(C7="","",CHOOSE(WEEKDAY(C7),"الأحد","الاثنين","الثلاثاء","الأربعاء","الخميس","الجمعة","السبت")) -> الخميس | C7: 46310 | D7: فراولة | E7: 25 | F7: 95 | G7: 1.15 | H7: =ROUND(E7*F7*IF(G7>1,G7,1),2) -> 2731.25 | J7: =IF(COUNTA(C7:D7)=0,"",ROUND(SUM(H$7:H7)-SUM(I$7:I7),2)) -> 2731.25 | L7: اسم اليوم الأصلي لا يطابق التاريخ
B8: =IF(C8="","",CHOOSE(WEEKDAY(C8),"الأحد","الاثنين","الثلاثاء","الأربعاء","الخميس","الجمعة","السبت")) -> السبت | C8: 46312 | D8: فراولة | E8: 7 | F8: 82 | G8: 1.15 | H8: =ROUND(E8*F8*IF(G8>1,G8,1),2) -> 660.1 | J8: =IF(COUNTA(C8:D8)=0,"",ROUND(SUM(H$7:H8)-SUM(I$7:I8),2)) -> 3391.35 | L8: اسم اليوم الأصلي لا يطابق التاريخ
B9: =IF(C9="","",CHOOSE(WEEKDAY(C9),"الأحد","الاثنين","الثلاثاء","الأربعاء","الخميس","الجمعة","السبت")) -> الجمعة | C9: 46325 | D9: سداد سند/0205 | I9: 3390 | J9: =IF(COUNTA(C9:D9)=0,"",ROUND(SUM(H$7:H9)-SUM(I$7:I9),2)) -> 1.35 | K9: سند 0205
B10: =IF(C10="","",CHOOSE(WEEKDAY(C10),"الأحد","الاثنين","الثلاثاء","الأربعاء","الخميس","الجمعة","السبت")) | J10: =IF(COUNTA(C10:D10)=0,"",ROUND(SUM(H$7:H10)-SUM(I$7:I10),2))
B11: =IF(C11="","",CHOOSE(WEEKDAY(C11),"الأحد","الاثنين","الثلاثاء","الأربعاء","الخميس","الجمعة","السبت")) | J11: =IF(COUNTA(C11:D11)=0,"",ROUND(SUM(H$7:H11)-SUM(I$7:I11),2))
B12: =IF(C12="","",CHOOSE(WEEKDAY(C12),"الأحد","الاثنين","الثلاثاء","الأربعاء","الخميس","الجمعة","السبت")) | J12: =IF(COUNTA(C12:D12)=0,"",ROUND(SUM(H$7:H12)-SUM(I$7:I12),2))
B13: =IF(C13="","",CHOOSE(WEEKDAY(C13),"الأحد","الاثنين","الثلاثاء","الأربعاء","الخميس","الجمعة","السبت")) | J13: =IF(COUNTA(C13:D13)=0,"",ROUND(SUM(H$7:H13)-SUM(I$7:I13),2))
B14: =IF(C14="","",CHOOSE(WEEKDAY(C14),"الأحد","الاثنين","الثلاثاء","الأربعاء","الخميس","الجمعة","السبت")) | J14: =IF(COUNTA(C14:D14)=0,"",ROUND(SUM(H$7:H14)-SUM(I$7:I14),2))
B15: =IF(C15="","",CHOOSE(WEEKDAY(C15),"الأحد","الاثنين","الثلاثاء","الأربعاء","الخميس","الجمعة","السبت")) | J15: =IF(COUNTA(C15:D15)=0,"",ROUND(SUM(H$7:H15)-SUM(I$7:I15),2))
B16: =IF(C16="","",CHOOSE(WEEKDAY(C16),"الأحد","الاثنين","الثلاثاء","الأربعاء","الخميس","الجمعة","السبت")) | J16: =IF(COUNTA(C16:D16)=0,"",ROUND(SUM(H$7:H16)-SUM(I$7:I16),2))
B17: =IF(C17="","",CHOOSE(WEEKDAY(C17),"الأحد","الاثنين","الثلاثاء","الأربعاء","الخميس","الجمعة","السبت")) | J17: =IF(COUNTA(C17:D17)=0,"",ROUND(SUM(H$7:H17)-SUM(I$7:I17),2))
B18: =IF(C18="","",CHOOSE(WEEKDAY(C18),"الأحد","الاثنين","الثلاثاء","الأربعاء","الخميس","الجمعة","السبت")) | J18: =IF(COUNTA(C18:D18)=0,"",ROUND(SUM(H$7:H18)-SUM(I$7:I18),2))
B19: =IF(C19="","",CHOOSE(WEEKDAY(C19),"الأحد","الاثنين","الثلاثاء","الأربعاء","الخميس","الجمعة","السبت")) | J19: =IF(COUNTA(C19:D19)=0,"",ROUND(SUM(H$7:H19)-SUM(I$7:I19),2))
B20: =IF(C20="","",CHOOSE(WEEKDAY(C20),"الأحد","الاثنين","الثلاثاء","الأربعاء","الخميس","الجمعة","السبت")) | J20: =IF(COUNTA(C20:D20)=0,"",ROUND(SUM(H$7:H20)-SUM(I$7:I20),2))
B21: =IF(C21="","",CHOOSE(WEEKDAY(C21),"الأحد","الاثنين","الثلاثاء","الأربعاء","الخميس","الجمعة","السبت")) | J21: =IF(COUNTA(C21:D21)=0,"",ROUND(SUM(H$7:H21)-SUM(I$7:I21),2))
... B49: =IF(C49="","",CHOOSE(WEEKDAY(C49),"الأحد","الاثنين","الثلاثاء","الأربعاء","الخميس","الجمعة","السبت")) | J49: =IF(COUNTA(C49:D49)=0,"",ROUND(SUM(H$7:H49)-SUM(I$7:I49),2))

Sheet اباصرة
B1: كشف حساب — اباصرة
B2: حساب مورد — المدين: مشتريات (مستحق علينا) · الدائن: مدفوعات وخصومات
B3: ملخص | D3: من تاريخ | E3: إلى تاريخ | F3: إجمالي المدين | G3: إجمالي الدائن | H3: الرصيد | I3: ضريبة القيمة المضافة | J3: آخر سداد | K3: الحالة | L3: الخانات الصفراء = إدخال يدوي · باقي الأعمدة معادلات. للإضافة: اكتب في أول صف فارغ.
D4: =IF(COUNT(C7:C1000)=0,"",MIN(C7:C1000)) -> 46316 | E4: =IF(COUNT(C7:C1000)=0,"",MAX(C7:C1000)) -> 46319 | F4: =SUM(H7:H1000) -> 603.75 | G4: =SUM(I7:I1000) -> 603.75 | H4: =ROUND(F4-G4,2) -> 0 | I4: =ROUND(SUMPRODUCT((G7:G1000>1)*E7:E1000*F7:F1000*(G7:G1000-1)),2) -> 157.5 | J4: =IF(COUNTIFS(I7:I1000,">0",E7:E1000,"")=0,"",_xlfn.MAXIFS(C7:C1000,I7:I1000,">0",E7:E1000,"")) | K4: =IF(ABS(H4)<0.01,"مسدد",IF(H4>0,"مستحق علينا","رصيد لنا")) -> مسدد
B5: ← العودة للملخص
B6: اليوم | C6: التاريخ | D6: البيان / الصنف | E6: العدد | F6: السعر | G6: ضريبة (1.15 أو 0) | H6: مدين (علينا) | I6: دائن (مدفوع) | J6: الرصيد التراكمي | K6: المرجع (سند/فاتورة) | L6: ملاحظات التدقيق
B7: =IF(C7="","",CHOOSE(WEEKDAY(C7),"الأحد","الاثنين","الثلاثاء","الأربعاء","الخميس","الجمعة","السبت")) -> الأربعاء | C7: 46316 | D7: فراولة | E7: 5 | F7: 105 | G7: 1.15 | H7: =ROUND(E7*F7*IF(G7>1,G7,1),2) -> 603.75 | J7: =IF(COUNTA(C7:D7)=0,"",ROUND(SUM(H$7:H7)-SUM(I$7:I7),2)) -> 603.75
B8: =IF(C8="","",CHOOSE(WEEKDAY(C8),"الأحد","الاثنين","الثلاثاء","الأربعاء","الخميس","الجمعة","السبت")) -> السبت | C8: 46319 | D8: فراولة | E8: 5 | F8: 105 | G8: 1.15 | I8: =ROUND(E8*F8*IF(G8>1,G8,1),2) -> 603.75 | J8: =IF(COUNTA(C8:D8)=0,"",ROUND(SUM(H$7:H8)-SUM(I$7:I8),2)) -> 0 | L8: قيد عكسي: يرجى التأكيد
B9: =IF(C9="","",CHOOSE(WEEKDAY(C9),"الأحد","الاثنين","الثلاثاء","الأربعاء","الخميس","الجمعة","السبت")) | J9: =IF(COUNTA(C9:D9)=0,"",ROUND(SUM(H$7:H9)-SUM(I$7:I9),2))
B10: =IF(C10="","",CHOOSE(WEEKDAY(C10),"الأحد","الاثنين","الثلاثاء","الأربعاء","الخميس","الجمعة","السبت")) | J10: =IF(COUNTA(C10:D10)=0,"",ROUND(SUM(H$7:H10)-SUM(I$7:I10),2))
B11: =IF(C11="","",CHOOSE(WEEKDAY(C11),"الأحد","الاثنين","الثلاثاء","الأربعاء","الخميس","الجمعة","السبت")) | J11: =IF(COUNTA(C11:D11)=0,"",ROUND(SUM(H$7:H11)-SUM(I$7:I11),2))
B12: =IF(C12="","",CHOOSE(WEEKDAY(C12),"الأحد","الاثنين","الثلاثاء","الأربعاء","الخميس","الجمعة","السبت")) | J12: =IF(COUNTA(C12:D12)=0,"",ROUND(SUM(H$7:H12)-SUM(I$7:I12),2))
B13: =IF(C13="","",CHOOSE(WEEKDAY(C13),"الأحد","الاثنين","الثلاثاء","الأربعاء","الخميس","الجمعة","السبت")) | J13: =IF(COUNTA(C13:D13)=0,"",ROUND(SUM(H$7:H13)-SUM(I$7:I13),2))
B14: =IF(C14="","",CHOOSE(WEEKDAY(C14),"الأحد","الاثنين","الثلاثاء","الأربعاء","الخميس","الجمعة","السبت")) | J14: =IF(COUNTA(C14:D14)=0,"",ROUND(SUM(H$7:H14)-SUM(I$7:I14),2))
B15: =IF(C15="","",CHOOSE(WEEKDAY(C15),"الأحد","الاثنين","الثلاثاء","الأربعاء","الخميس","الجمعة","السبت")) | J15: =IF(COUNTA(C15:D15)=0,"",ROUND(SUM(H$7:H15)-SUM(I$7:I15),2))
B16: =IF(C16="","",CHOOSE(WEEKDAY(C16),"الأحد","الاثنين","الثلاثاء","الأربعاء","الخميس","الجمعة","السبت")) | J16: =IF(COUNTA(C16:D16)=0,"",ROUND(SUM(H$7:H16)-SUM(I$7:I16),2))
B17: =IF(C17="","",CHOOSE(WEEKDAY(C17),"الأحد","الاثنين","الثلاثاء","الأربعاء","الخميس","الجمعة","السبت")) | J17: =IF(COUNTA(C17:D17)=0,"",ROUND(SUM(H$7:H17)-SUM(I$7:I17),2))
B18: =IF(C18="","",CHOOSE(WEEKDAY(C18),"الأحد","الاثنين","الثلاثاء","الأربعاء","الخميس","الجمعة","السبت")) | J18: =IF(COUNTA(C18:D18)=0,"",ROUND(SUM(H$7:H18)-SUM(I$7:I18),2))
B19: =IF(C19="","",CHOOSE(WEEKDAY(C19),"الأحد","الاثنين","الثلاثاء","الأربعاء","الخميس","الجمعة","السبت")) | J19: =IF(COUNTA(C19:D19)=0,"",ROUND(SUM(H$7:H19)-SUM(I$7:I19),2))
B20: =IF(C20="","",CHOOSE(WEEKDAY(C20),"الأحد","الاثنين","الثلاثاء","الأربعاء","الخميس","الجمعة","السبت")) | J20: =IF(COUNTA(C20:D20)=0,"",ROUND(SUM(H$7:H20)-SUM(I$7:I20),2))
... B48: =IF(C48="","",CHOOSE(WEEKDAY(C48),"الأحد","الاثنين","الثلاثاء","الأربعاء","الخميس","الجمعة","السبت")) | J48: =IF(COUNTA(C48:D48)=0,"",ROUND(SUM(H$7:H48)-SUM(I$7:I48),2))

Sheet عبدالقادر
B1: كشف حساب — عبدالقادر
B2: حساب مورد — المدين: مشتريات (مستحق علينا) · الدائن: مدفوعات وخصومات
B3: ملخص | D3: من تاريخ | E3: إلى تاريخ | F3: إجمالي المدين | G3: إجمالي الدائن | H3: الرصيد | I3: ضريبة القيمة المضافة | J3: آخر سداد | K3: الحالة | L3: الخانات الصفراء = إدخال يدوي · باقي الأعمدة معادلات. للإضافة: اكتب في أول صف فارغ.
D4: =IF(COUNT(C7:C1000)=0,"",MIN(C7:C1000)) -> 46299 | E4: =IF(COUNT(C7:C1000)=0,"",MAX(C7:C1000)) -> 46317 | F4: =SUM(H7:H1000) -> 4505 | G4: =SUM(I7:I1000) -> 4505 | H4: =ROUND(F4-G4,2) -> 0 | I4: =ROUND(SUMPRODUCT((G7:G1000>1)*E7:E1000*F7:F1000*(G7:G1000-1)),2) -> 0 | J4: =IF(COUNTIFS(I7:I1000,">0",E7:E1000,"")=0,"",_xlfn.MAXIFS(C7:C1000,I7:I1000,">0",E7:E1000,"")) -> 46317 | K4: =IF(ABS(H4)<0.01,"مسدد",IF(H4>0,"مستحق علينا","رصيد لنا")) -> مسدد
B5: ← العودة للملخص
B6: اليوم | C6: التاريخ | D6: البيان / الصنف | E6: العدد | F6: السعر | G6: ضريبة (1.15 أو 0) | H6: مدين (علينا) | I6: دائن (مدفوع) | J6: الرصيد التراكمي | K6: المرجع (سند/فاتورة) | L6: ملاحظات التدقيق
B7: =IF(C7="","",CHOOSE(WEEKDAY(C7),"الأحد","الاثنين","الثلاثاء","الأربعاء","الخميس","الجمعة","السبت")) -> الأحد | C7: 46299 | D7: فراولة | E7: 6 | F7: 100 | G7: 0 | H7: =ROUND(E7*F7*IF(G7>1,G7,1),2) -> 600 | J7: =IF(COUNTA(C7:D7)=0,"",ROUND(SUM(H$7:H7)-SUM(I$7:I7),2)) -> 600
B8: =IF(C8="","",CHOOSE(WEEKDAY(C8),"الأحد","الاثنين","الثلاثاء","الأربعاء","الخميس","الجمعة","السبت")) -> الجمعة | C8: 46304 | D8: سداد فراولة | I8: 600 | J8: =IF(COUNTA(C8:D8)=0,"",ROUND(SUM(H$7:H8)-SUM(I$7:I8),2)) -> 0
B9: =IF(C9="","",CHOOSE(WEEKDAY(C9),"الأحد","الاثنين","الثلاثاء","الأربعاء","الخميس","الجمعة","السبت")) -> السبت | C9: 46305 | D9: فراولة | E9: 3 | F9: 115 | G9: 0 | H9: =ROUND(E9*F9*IF(G9>1,G9,1),2) -> 345 | J9: =IF(COUNTA(C9:D9)=0,"",ROUND(SUM(H$7:H9)-SUM(I$7:I9),2)) -> 345
B10: =IF(C10="","",CHOOSE(WEEKDAY(C10),"الأحد","الاثنين","الثلاثاء","الأربعاء","الخميس","الجمعة","السبت")) -> الثلاثاء | C10: 46308 | D10: فراولة | E10: 10 | F10: 120 | G10: 0 | H10: =ROUND(E10*F10*IF(G10>1,G10,1),2) -> 1200 | J10: =IF(COUNTA(C10:D10)=0,"",ROUND(SUM(H$7:H10)-SUM(I$7:I10),2)) -> 1545
B11: =IF(C11="","",CHOOSE(WEEKDAY(C11),"الأحد","الاثنين","الثلاثاء","الأربعاء","الخميس","الجمعة","السبت")) -> الأربعاء | C11: 46309 | D11: فراولة | E11: 20 | F11: 118 | G11: 0 | H11: =ROUND(E11*F11*IF(G11>1,G11,1),2) -> 2360 | J11: =IF(COUNTA(C11:D11)=0,"",ROUND(SUM(H$7:H11)-SUM(I$7:I11),2)) -> 3905
B12: =IF(C12="","",CHOOSE(WEEKDAY(C12),"الأحد","الاثنين","الثلاثاء","الأربعاء","الخميس","الجمعة","السبت")) -> الخميس | C12: 46310 | D12: دفعة | I12: 2000 | J12: =IF(COUNTA(C12:D12)=0,"",ROUND(SUM(H$7:H12)-SUM(I$7:I12),2)) -> 1905
B13: =IF(C13="","",CHOOSE(WEEKDAY(C13),"الأحد","الاثنين","الثلاثاء","الأربعاء","الخميس","الجمعة","السبت")) -> السبت | C13: 46312 | D13: دفعة | I13: 1000 | J13: =IF(COUNTA(C13:D13)=0,"",ROUND(SUM(H$7:H13)-SUM(I$7:I13),2)) -> 905
B14: =IF(C14="","",CHOOSE(WEEKDAY(C14),"الأحد","الاثنين","الثلاثاء","الأربعاء","الخميس","الجمعة","السبت")) -> الخميس | C14: 46317 | D14: سداد فراولة | I14: 900 | J14: =IF(COUNTA(C14:D14)=0,"",ROUND(SUM(H$7:H14)-SUM(I$7:I14),2)) -> 5
B15: =IF(C15="","",CHOOSE(WEEKDAY(C15),"الأحد","الاثنين","الثلاثاء","الأربعاء","الخميس","الجمعة","السبت")) -> الخميس | C15: 46317 | D15: خصم | I15: 5 | J15: =IF(COUNTA(C15:D15)=0,"",ROUND(SUM(H$7:H15)-SUM(I$7:I15),2)) -> 0
B16: =IF(C16="","",CHOOSE(WEEKDAY(C16),"الأحد","الاثنين","الثلاثاء","الأربعاء","الخميس","الجمعة","السبت")) | J16: =IF(COUNTA(C16:D16)=0,"",ROUND(SUM(H$7:H16)-SUM(I$7:I16),2))
B17: =IF(C17="","",CHOOSE(WEEKDAY(C17),"الأحد","الاثنين","الثلاثاء","الأربعاء","الخميس","الجمعة","السبت")) | J17: =IF(COUNTA(C17:D17)=0,"",ROUND(SUM(H$7:H17)-SUM(I$7:I17),2))
B18: =IF(C18="","",CHOOSE(WEEKDAY(C18),"الأحد","الاثنين","الثلاثاء","الأربعاء","الخميس","الجمعة","السبت")) | J18: =IF(COUNTA(C18:D18)=0,"",ROUND(SUM(H$7:H18)-SUM(I$7:I18),2))
B19: =IF(C19="","",CHOOSE(WEEKDAY(C19),"الأحد","الاثنين","الثلاثاء","الأربعاء","الخميس","الجمعة","السبت")) | J19: =IF(COUNTA(C19:D19)=0,"",ROUND(SUM(H$7:H19)-SUM(I$7:I19),2))
B20: =IF(C20="","",CHOOSE(WEEKDAY(C20),"الأحد","الاثنين","الثلاثاء","الأربعاء","الخميس","الجمعة","السبت")) | J20: =IF(COUNTA(C20:D20)=0,"",ROUND(SUM(H$7:H20)-SUM(I$7:I20),2))
B21: =IF(C21="","",CHOOSE(WEEKDAY(C21),"الأحد","الاثنين","الثلاثاء","الأربعاء","الخميس","الجمعة","السبت")) | J21: =IF(COUNTA(C21:D21)=0,"",ROUND(SUM(H$7:H21)-SUM(I$7:I21),2))
B22: =IF(C22="","",CHOOSE(WEEKDAY(C22),"الأحد","الاثنين","الثلاثاء","الأربعاء","الخميس","الجمعة","السبت")) | J22: =IF(COUNTA(C22:D22)=0,"",ROUND(SUM(H$7:H22)-SUM(I$7:I22),2))
B23: =IF(C23="","",CHOOSE(WEEKDAY(C23),"الأحد","الاثنين","الثلاثاء","الأربعاء","الخميس","الجمعة","السبت")) | J23: =IF(COUNTA(C23:D23)=0,"",ROUND(SUM(H$7:H23)-SUM(I$7:I23),2))
B24: =IF(C24="","",CHOOSE(WEEKDAY(C24),"الأحد","الاثنين","الثلاثاء","الأربعاء","الخميس","الجمعة","السبت")) | J24: =IF(COUNTA(C24:D24)=0,"",ROUND(SUM(H$7:H24)-SUM(I$7:I24),2))
B25: =IF(C25="","",CHOOSE(WEEKDAY(C25),"الأحد","الاثنين","الثلاثاء","الأربعاء","الخميس","الجمعة","السبت")) | J25: =IF(COUNTA(C25:D25)=0,"",ROUND(SUM(H$7:H25)-SUM(I$7:I25),2))
B26: =IF(C26="","",CHOOSE(WEEKDAY(C26),"الأحد","الاثنين","الثلاثاء","الأربعاء","الخميس","الجمعة","السبت")) | J26: =IF(COUNTA(C26:D26)=0,"",ROUND(SUM(H$7:H26)-SUM(I$7:I26),2))
B27: =IF(C27="","",CHOOSE(WEEKDAY(C27),"الأحد","الاثنين","الثلاثاء","الأربعاء","الخميس","الجمعة","السبت")) | J27: =IF(COUNTA(C27:D27)=0,"",ROUND(SUM(H$7:H27)-SUM(I$7:I27),2))
... B55: =IF(C55="","",CHOOSE(WEEKDAY(C55),"الأحد","الاثنين","الثلاثاء","الأربعاء","الخميس","الجمعة","السبت")) | J55: =IF(COUNTA(C55:D55)=0,"",ROUND(SUM(H$7:H55)-SUM(I$7:I55),2))

Sheet نخبه الاغصان
B1: كشف حساب — نخبة الاغصان
B2: حساب مورد — المدين: مشتريات (مستحق علينا) · الدائن: مدفوعات وخصومات
B3: ملخص | D3: من تاريخ | E3: إلى تاريخ | F3: إجمالي المدين | G3: إجمالي الدائن | H3: الرصيد | I3: ضريبة القيمة المضافة | J3: آخر سداد | K3: الحالة | L3: الخانات الصفراء = إدخال يدوي · باقي الأعمدة معادلات. للإضافة: اكتب في أول صف فارغ.
D4: =IF(COUNT(C7:C1000)=0,"",MIN(C7:C1000)) -> 46297 | E4: =IF(COUNT(C7:C1000)=0,"",MAX(C7:C1000)) -> 46324 | F4: =SUM(H7:H1000) -> 5778 | G4: =SUM(I7:I1000) -> 6806 | H4: =ROUND(F4-G4,2) -> -1028 | I4: =ROUND(SUMPRODUCT((G7:G1000>1)*E7:E1000*F7:F1000*(G7:G1000-1)),2) -> 351 | J4: =IF(COUNTIFS(I7:I1000,">0",E7:E1000,"")=0,"",_xlfn.MAXIFS(C7:C1000,I7:I1000,">0",E7:E1000,"")) -> 46323 | K4: =IF(ABS(H4)<0.01,"مسدد",IF(H4>0,"مستحق علينا","رصيد لنا")) -> رصيد لنا
B5: ← العودة للملخص
B6: اليوم | C6: التاريخ | D6: البيان / الصنف | E6: العدد | F6: السعر | G6: ضريبة (1.15 أو 0) | H6: مدين (علينا) | I6: دائن (مدفوع) | J6: الرصيد التراكمي | K6: المرجع (سند/فاتورة) | L6: ملاحظات التدقيق
B7: =IF(C7="","",CHOOSE(WEEKDAY(C7),"الأحد","الاثنين","الثلاثاء","الأربعاء","الخميس","الجمعة","السبت")) -> الجمعة | C7: 46297 | D7: خوخ | E7: 3 | F7: 32 | G7: 0 | H7: =ROUND(E7*F7*IF(G7>1,G7,1),2) -> 96 | J7: =IF(COUNTA(C7:D7)=0,"",ROUND(SUM(H$7:H7)-SUM(I$7:I7),2)) -> 96
B8: =IF(C8="","",CHOOSE(WEEKDAY(C8),"الأحد","الاثنين","الثلاثاء","الأربعاء","الخميس","الجمعة","السبت")) -> الجمعة | C8: 46297 | D8: عنب اسود | E8: 5 | F8: 33 | G8: 0 | H8: =ROUND(E8*F8*IF(G8>1,G8,1),2) -> 165 | J8: =IF(COUNTA(C8:D8)=0,"",ROUND(SUM(H$7:H8)-SUM(I$7:I8),2)) -> 261
B9: =IF(C9="","",CHOOSE(WEEKDAY(C9),"الأحد","الاثنين","الثلاثاء","الأربعاء","الخميس","الجمعة","السبت")) -> الجمعة | C9: 46297 | D9: رمان مصري | E9: 50 | F9: 11.5 | G9: 0 | H9: =ROUND(E9*F9*IF(G9>1,G9,1),2) -> 575 | J9: =IF(COUNTA(C9:D9)=0,"",ROUND(SUM(H$7:H9)-SUM(I$7:I9),2)) -> 836
B10: =IF(C10="","",CHOOSE(WEEKDAY(C10),"الأحد","الاثنين","الثلاثاء","الأربعاء","الخميس","الجمعة","السبت")) -> السبت | C10: 46298 | D10: رمان مصري | E10: 46 | F10: 11.5 | G10: 0 | H10: =ROUND(E10*F10*IF(G10>1,G10,1),2) -> 529 | J10: =IF(COUNTA(C10:D10)=0,"",ROUND(SUM(H$7:H10)-SUM(I$7:I10),2)) -> 1365
B11: =IF(C11="","",CHOOSE(WEEKDAY(C11),"الأحد","الاثنين","الثلاثاء","الأربعاء","الخميس","الجمعة","السبت")) -> الأحد | C11: 46299 | D11: فراولة | E11: 6 | F11: 105 | G11: 0 | H11: =ROUND(E11*F11*IF(G11>1,G11,1),2) -> 630 | J11: =IF(COUNTA(C11:D11)=0,"",ROUND(SUM(H$7:H11)-SUM(I$7:I11),2)) -> 1995
B12: =IF(C12="","",CHOOSE(WEEKDAY(C12),"الأحد","الاثنين","الثلاثاء","الأربعاء","الخميس","الجمعة","السبت")) -> الاثنين | C12: 46300 | D12: افوكادو | E12: 20 | F12: 35 | G12: 0 | H12: =ROUND(E12*F12*IF(G12>1,G12,1),2) -> 700 | J12: =IF(COUNTA(C12:D12)=0,"",ROUND(SUM(H$7:H12)-SUM(I$7:I12),2)) -> 2695
B13: =IF(C13="","",CHOOSE(WEEKDAY(C13),"الأحد","الاثنين","الثلاثاء","الأربعاء","الخميس","الجمعة","السبت")) -> الثلاثاء | C13: 46301 | D13: تفاح | E13: 1 | F13: 8 | G13: 0 | H13: =ROUND(E13*F13*IF(G13>1,G13,1),2) -> 8 | J13: =IF(COUNTA(C13:D13)=0,"",ROUND(SUM(H$7:H13)-SUM(I$7:I13),2)) -> 2703
B14: =IF(C14="","",CHOOSE(WEEKDAY(C14),"الأحد","الاثنين","الثلاثاء","الأربعاء","الخميس","الجمعة","السبت")) -> الأربعاء | C14: 46302 | D14: سداد | I14: 8 | J14: =IF(COUNTA(C14:D14)=0,"",ROUND(SUM(H$7:H14)-SUM(I$7:I14),2)) -> 2695
B15: =IF(C15="","",CHOOSE(WEEKDAY(C15),"الأحد","الاثنين","الثلاثاء","الأربعاء","الخميس","الجمعة","السبت")) -> الخميس | C15: 46303 | D15: فراولة | E15: 20 | F15: 125 | G15: 0 | I15: =ROUND(E15*F15*IF(G15>1,G15,1),2) -> 2500 | J15: =IF(COUNTA(C15:D15)=0,"",ROUND(SUM(H$7:H15)-SUM(I$7:I15),2)) -> 195 | L15: قيد عكسي: يرجى التأكيد
B16: =IF(C16="","",CHOOSE(WEEKDAY(C16),"الأحد","الاثنين","الثلاثاء","الأربعاء","الخميس","الجمعة","السبت")) -> الاثنين | C16: 46307 | D16: تفاح احمر | E16: 23 | F16: 8 | G16: 1.15 | H16: =ROUND(E16*F16*IF(G16>1,G16,1),2) -> 211.6 | J16: =IF(COUNTA(C16:D16)=0,"",ROUND(SUM(H$7:H16)-SUM(I$7:I16),2)) -> 406.6
B17: =IF(C17="","",CHOOSE(WEEKDAY(C17),"الأحد","الاثنين","الثلاثاء","الأربعاء","الخميس","الجمعة","السبت")) -> الاثنين | C17: 46307 | D17: تفاح ابيض | E17: 13 | F17: 7 | G17: 1.15 | H17: =ROUND(E17*F17*IF(G17>1,G17,1),2) -> 104.65 | J17: =IF(COUNTA(C17:D17)=0,"",ROUND(SUM(H$7:H17)-SUM(I$7:I17),2)) -> 511.25
B18: =IF(C18="","",CHOOSE(WEEKDAY(C18),"الأحد","الاثنين","الثلاثاء","الأربعاء","الخميس","الجمعة","السبت")) -> الثلاثاء | C18: 46308 | D18: تفاح احمر | E18: 15 | F18: 8 | G18: 1.15 | H18: =ROUND(E18*F18*IF(G18>1,G18,1),2) -> 138 | J18: =IF(COUNTA(C18:D18)=0,"",ROUND(SUM(H$7:H18)-SUM(I$7:I18),2)) -> 649.25
B19: =IF(C19="","",CHOOSE(WEEKDAY(C19),"الأحد","الاثنين","الثلاثاء","الأربعاء","الخميس","الجمعة","السبت")) -> الأربعاء | C19: 46309 | D19: تفاح احمر | E19: 20 | F19: 8 | G19: 1.15 | H19: =ROUND(E19*F19*IF(G19>1,G19,1),2) -> 184 | J19: =IF(COUNTA(C19:D19)=0,"",ROUND(SUM(H$7:H19)-SUM(I$7:I19),2)) -> 833.25
B20: =IF(C20="","",CHOOSE(WEEKDAY(C20),"الأحد","الاثنين","الثلاثاء","الأربعاء","الخميس","الجمعة","السبت")) -> الأربعاء | C20: 46309 | D20: تفاح اخضر | E20: 10 | F20: 7 | G20: 1.15 | H20: =ROUND(E20*F20*IF(G20>1,G20,1),2) -> 80.5 | J20: =IF(COUNTA(C20:D20)=0,"",ROUND(SUM(H$7:H20)-SUM(I$7:I20),2)) -> 913.75
B21: =IF(C21="","",CHOOSE(WEEKDAY(C21),"الأحد","الاثنين","الثلاثاء","الأربعاء","الخميس","الجمعة","السبت")) -> السبت | C21: 46312 | D21: بطاطا | E21: 8 | F21: 10 | G21: 0 | I21: =ROUND(E21*F21*IF(G21>1,G21,1),2) -> 80 | J21: =IF(COUNTA(C21:D21)=0,"",ROUND(SUM(H$7:H21)-SUM(I$7:I21),2)) -> 833.75 | L21: قيد عكسي: يرجى التأكيد
B22: =IF(C22="","",CHOOSE(WEEKDAY(C22),"الأحد","الاثنين","الثلاثاء","الأربعاء","الخميس","الجمعة","السبت")) -> السبت | C22: 46312 | D22: شبكة تحويل | I22: 46 | J22: =IF(COUNTA(C22:D22)=0,"",ROUND(SUM(H$7:H22)-SUM(I$7:I22),2)) -> 787.75
B23: =IF(C23="","",CHOOSE(WEEKDAY(C23),"الأحد","الاثنين","الثلاثاء","الأربعاء","الخميس","الجمعة","السبت")) -> السبت | C23: 46312 | D23: كمثري عكاظ | E23: 32 | F23: 8 | G23: 0 | H23: =ROUND(E23*F23*IF(G23>1,G23,1),2) -> 256 | J23: =IF(COUNTA(C23:D23)=0,"",ROUND(SUM(H$7:H23)-SUM(I$7:I23),2)) -> 1043.75
B24: =IF(C24="","",CHOOSE(WEEKDAY(C24),"الأحد","الاثنين","الثلاثاء","الأربعاء","الخميس","الجمعة","السبت")) -> الأحد | C24: 46313 | D24: فراولة | E24: 10 | F24: 123 | G24: 0 | I24: =ROUND(E24*F24*IF(G24>1,G24,1),2) -> 1230 | J24: =IF(COUNTA(C24:D24)=0,"",ROUND(SUM(H$7:H24)-SUM(I$7:I24),2)) -> -186.25 | L24: قيد عكسي: يرجى التأكيد
B25: =IF(C25="","",CHOOSE(WEEKDAY(C25),"الأحد","الاثنين","الثلاثاء","الأربعاء","الخميس","الجمعة","السبت")) -> الاثنين | C25: 46314 | D25: كمثري عكاظ | E25: 16 | F25: 8 | G25: 0 | H25: =ROUND(E25*F25*IF(G25>1,G25,1),2) -> 128 | J25: =IF(COUNTA(C25:D25)=0,"",ROUND(SUM(H$7:H25)-SUM(I$7:I25),2)) -> -58.25
B26: =IF(C26="","",CHOOSE(WEEKDAY(C26),"الأحد","الاثنين","الثلاثاء","الأربعاء","الخميس","الجمعة","السبت")) -> الثلاثاء | C26: 46315 | D26: كاكا | E26: 30 | F26: 16 | G26: 1.15 | H26: =ROUND(E26*F26*IF(G26>1,G26,1),2) -> 552 | J26: =IF(COUNTA(C26:D26)=0,"",ROUND(SUM(H$7:H26)-SUM(I$7:I26),2)) -> 493.75
B27: =IF(C27="","",CHOOSE(WEEKDAY(C27),"الأحد","الاثنين","الثلاثاء","الأربعاء","الخميس","الجمعة","السبت")) -> الثلاثاء | C27: 46315 | D27: شبكة تحويل | I27: 120 | J27: =IF(COUNTA(C27:D27)=0,"",ROUND(SUM(H$7:H27)-SUM(I$7:I27),2)) -> 373.75
B28: =IF(C28="","",CHOOSE(WEEKDAY(C28),"الأحد","الاثنين","الثلاثاء","الأربعاء","الخميس","الجمعة","السبت")) -> الأربعاء | C28: 46316 | D28: كاكا لبناني | E28: 30 | F28: 16 | G28: 1.15 | H28: =ROUND(E28*F28*IF(G28>1,G28,1),2) -> 552 | J28: =IF(COUNTA(C28:D28)=0,"",ROUND(SUM(H$7:H28)-SUM(I$7:I28),2)) -> 925.75
B29: =IF(C29="","",CHOOSE(WEEKDAY(C29),"الأحد","الاثنين","الثلاثاء","الأربعاء","الخميس","الجمعة","السبت")) -> الأربعاء | C29: 46316 | D29: تفاح احمر | E29: 30 | F29: 8 | G29: 1.15 | H29: =ROUND(E29*F29*IF(G29>1,G29,1),2) -> 276 | J29: =IF(COUNTA(C29:D29)=0,"",ROUND(SUM(H$7:H29)-SUM(I$7:I29),2)) -> 1201.75
B30: =IF(C30="","",CHOOSE(WEEKDAY(C30),"الأحد","الاثنين","الثلاثاء","الأربعاء","الخميس","الجمعة","السبت")) -> الأربعاء | C30: 46316 | D30: تفاح اخضر | E30: 5 | F30: 7 | G30: 1.15 | H30: =ROUND(E30*F30*IF(G30>1,G30,1),2) -> 40.25 | J30: =IF(COUNTA(C30:D30)=0,"",ROUND(SUM(H$7:H30)-SUM(I$7:I30),2)) -> 1242
B31: =IF(C31="","",CHOOSE(WEEKDAY(C31),"الأحد","الاثنين","الثلاثاء","الأربعاء","الخميس","الجمعة","السبت")) -> الخميس | C31: 46317 | D31: شبكة تحويل | I31: 98 | J31: =IF(COUNTA(C31:D31)=0,"",ROUND(SUM(H$7:H31)-SUM(I$7:I31),2)) -> 1144
B32: =IF(C32="","",CHOOSE(WEEKDAY(C32),"الأحد","الاثنين","الثلاثاء","الأربعاء","الخميس","الجمعة","السبت")) -> الاثنين | C32: 46321 | D32: كاكا | E32: 24 | F32: 20 | G32: 1.15 | H32: =ROUND(E32*F32*IF(G32>1,G32,1),2) -> 552 | J32: =IF(COUNTA(C32:D32)=0,"",ROUND(SUM(H$7:H32)-SUM(I$7:I32),2)) -> 1696
B33: =IF(C33="","",CHOOSE(WEEKDAY(C33),"الأحد","الاثنين","الثلاثاء","الأربعاء","الخميس","الجمعة","السبت")) -> الأربعاء | C33: 46323 | D33: شبكة تحويل | I33: 40 | J33: =IF(COUNTA(C33:D33)=0,"",ROUND(SUM(H$7:H33)-SUM(I$7:I33),2)) -> 1656
B34: =IF(C34="","",CHOOSE(WEEKDAY(C34),"الأحد","الاثنين","الثلاثاء","الأربعاء","الخميس","الجمعة","السبت")) -> الخميس | C34: 46324 | D34: فراولة | E34: 22 | F34: 122 | G34: 0 | I34: =ROUND(E34*F34*IF(G34>1,G34,1),2) -> 2684 | J34: =IF(COUNTA(C34:D34)=0,"",ROUND(SUM(H$7:H34)-SUM(I$7:I34),2)) -> -1028 | L34: قيد عكسي: يرجى التأكيد
B35: =IF(C35="","",CHOOSE(WEEKDAY(C35),"الأحد","الاثنين","الثلاثاء","الأربعاء","الخميس","الجمعة","السبت")) | J35: =IF(COUNTA(C35:D35)=0,"",ROUND(SUM(H$7:H35)-SUM(I$7:I35),2))
B36: =IF(C36="","",CHOOSE(WEEKDAY(C36),"الأحد","الاثنين","الثلاثاء","الأربعاء","الخميس","الجمعة","السبت")) | J36: =IF(COUNTA(C36:D36)=0,"",ROUND(SUM(H$7:H36)-SUM(I$7:I36),2))
B37: =IF(C37="","",CHOOSE(WEEKDAY(C37),"الأحد","الاثنين","الثلاثاء","الأربعاء","الخميس","الجمعة","السبت")) | J37: =IF(COUNTA(C37:D37)=0,"",ROUND(SUM(H$7:H37)-SUM(I$7:I37),2))
B38: =IF(C38="","",CHOOSE(WEEKDAY(C38),"الأحد","الاثنين","الثلاثاء","الأربعاء","الخميس","الجمعة","السبت")) | J38: =IF(COUNTA(C38:D38)=0,"",ROUND(SUM(H$7:H38)-SUM(I$7:I38),2))
B39: =IF(C39="","",CHOOSE(WEEKDAY(C39),"الأحد","الاثنين","الثلاثاء","الأربعاء","الخميس","الجمعة","السبت")) | J39: =IF(COUNTA(C39:D39)=0,"",ROUND(SUM(H$7:H39)-SUM(I$7:I39),2))
B40: =IF(C40="","",CHOOSE(WEEKDAY(C40),"الأحد","الاثنين","الثلاثاء","الأربعاء","الخميس","الجمعة","السبت")) | J40: =IF(COUNTA(C40:D40)=0,"",ROUND(SUM(H$7:H40)-SUM(I$7:I40),2))
B41: =IF(C41="","",CHOOSE(WEEKDAY(C41),"الأحد","الاثنين","الثلاثاء","الأربعاء","الخميس","الجمعة","السبت")) | J41: =IF(COUNTA(C41:D41)=0,"",ROUND(SUM(H$7:H41)-SUM(I$7:I41),2))
B42: =IF(C42="","",CHOOSE(WEEKDAY(C42),"الأحد","الاثنين","الثلاثاء","الأربعاء","الخميس","الجمعة","السبت")) | J42: =IF(COUNTA(C42:D42)=0,"",ROUND(SUM(H$7:H42)-SUM(I$7:I42),2))
B43: =IF(C43="","",CHOOSE(WEEKDAY(C43),"الأحد","الاثنين","الثلاثاء","الأربعاء","الخميس","الجمعة","السبت")) | J43: =IF(COUNTA(C43:D43)=0,"",ROUND(SUM(H$7:H43)-SUM(I$7:I43),2))
B44: =IF(C44="","",CHOOSE(WEEKDAY(C44),"الأحد","الاثنين","الثلاثاء","الأربعاء","الخميس","الجمعة","السبت")) | J44: =IF(COUNTA(C44:D44)=0,"",ROUND(SUM(H$7:H44)-SUM(I$7:I44),2))
B45: =IF(C45="","",CHOOSE(WEEKDAY(C45),"الأحد","الاثنين","الثلاثاء","الأربعاء","الخميس","الجمعة","السبت")) | J45: =IF(COUNTA(C45:D45)=0,"",ROUND(SUM(H$7:H45)-SUM(I$7:I45),2))
B46: =IF(C46="","",CHOOSE(WEEKDAY(C46),"الأحد","الاثنين","الثلاثاء","الأربعاء","الخميس","الجمعة","السبت")) | J46: =IF(COUNTA(C46:D46)=0,"",ROUND(SUM(H$7:H46)-SUM(I$7:I46),2))
... B74: =IF(C74="","",CHOOSE(WEEKDAY(C74),"الأحد","الاثنين","الثلاثاء","الأربعاء","الخميس","الجمعة","السبت")) | J74: =IF(COUNTA(C74:D74)=0,"",ROUND(SUM(H$7:H74)-SUM(I$7:I74),2))

Sheet فصل الاعمال
B1: كشف حساب — فصل الاعمال
B2: حساب مورد — المدين: مشتريات (مستحق علينا) · الدائن: مدفوعات وخصومات
B3: ملخص | D3: من تاريخ | E3: إلى تاريخ | F3: إجمالي المدين | G3: إجمالي الدائن | H3: الرصيد | I3: ضريبة القيمة المضافة | J3: آخر سداد | K3: الحالة | L3: الخانات الصفراء = إدخال يدوي · باقي الأعمدة معادلات. للإضافة: اكتب في أول صف فارغ.
D4: =IF(COUNT(C7:C1000)=0,"",MIN(C7:C1000)) -> 46299 | E4: =IF(COUNT(C7:C1000)=0,"",MAX(C7:C1000)) -> 46317 | F4: =SUM(H7:H1000) -> 4197.5 | G4: =SUM(I7:I1000) -> 4197 | H4: =ROUND(F4-G4,2) -> 0.5 | I4: =ROUND(SUMPRODUCT((G7:G1000>1)*E7:E1000*F7:F1000*(G7:G1000-1)),2) -> 547.5 | J4: =IF(COUNTIFS(I7:I1000,">0",E7:E1000,"")=0,"",_xlfn.MAXIFS(C7:C1000,I7:I1000,">0",E7:E1000,"")) -> 46317 | K4: =IF(ABS(H4)<0.01,"مسدد",IF(H4>0,"مستحق علينا","رصيد لنا")) -> مستحق علينا
B5: ← العودة للملخص
B6: اليوم | C6: التاريخ | D6: البيان / الصنف | E6: العدد | F6: السعر | G6: ضريبة (1.15 أو 0) | H6: مدين (علينا) | I6: دائن (مدفوع) | J6: الرصيد التراكمي | K6: المرجع (سند/فاتورة) | L6: ملاحظات التدقيق
B7: =IF(C7="","",CHOOSE(WEEKDAY(C7),"الأحد","الاثنين","الثلاثاء","الأربعاء","الخميس","الجمعة","السبت")) -> الأحد | C7: 46299 | D7: رمان مصري | E7: 195 | F7: 10 | G7: 1.15 | H7: =ROUND(E7*F7*IF(G7>1,G7,1),2) -> 2242.5 | J7: =IF(COUNTA(C7:D7)=0,"",ROUND(SUM(H$7:H7)-SUM(I$7:I7),2)) -> 2242.5
B8: =IF(C8="","",CHOOSE(WEEKDAY(C8),"الأحد","الاثنين","الثلاثاء","الأربعاء","الخميس","الجمعة","السبت")) -> الأربعاء | C8: 46302 | D8: رمان مصري | E8: 170 | F8: 10 | G8: 1.15 | H8: =ROUND(E8*F8*IF(G8>1,G8,1),2) -> 1955 | J8: =IF(COUNTA(C8:D8)=0,"",ROUND(SUM(H$7:H8)-SUM(I$7:I8),2)) -> 4197.5
B9: =IF(C9="","",CHOOSE(WEEKDAY(C9),"الأحد","الاثنين","الثلاثاء","الأربعاء","الخميس","الجمعة","السبت")) -> الجمعة | C9: 46304 | D9: سداد سند /11226 | I9: 500 | J9: =IF(COUNTA(C9:D9)=0,"",ROUND(SUM(H$7:H9)-SUM(I$7:I9),2)) -> 3697.5 | K9: سند 11226
