Workbook

Sheet الملخص
A1: ملخص أرصدة العملاء
A2: كل الأرقام معادلات مرتبطة بالكشوف — اضغط اسم الحساب للانتقال إلى كشفه. تاريخ التدقيق: 31/10/2026
B4: عدد الحسابات | D4: إجمالي المبيعات | E4: إجمالي المحصّل والخصومات | F4: صافي المستحق لنا | G4: حسابات عليها رصيد | I4: ملاحظات تدقيق
B5: =COUNTA(B9:B51) -> 43 | D5: =SUMIFS('سجل الحركات'!J4:J323,'سجل الحركات'!E4:E323,"بضاعة") -> 265724.21 | E5: =E52 -> 214533 | F5: =F52 -> 52221.21 | G5: =COUNTIF(K9:K51,"مستحق لنا") -> 24 | I5: =COUNTA('ملاحظات التدقيق'!B5:B1000) -> 48
A8: # | B8: الحساب | C8: عدد الحركات | D8: إجمالي المدين | E8: إجمالي الدائن | F8: الرصيد | G8: ضريبة القيمة المضافة | H8: أول حركة | I8: آخر حركة | J8: آخر سداد | K8: الحالة
A9: 1 | B9: محمد زبون | C9: =COUNTA('محمد زبون'!D7:D1000) -> 12 | D9: ='محمد زبون'!F4 -> 498 | E9: ='محمد زبون'!G4 -> 498 | F9: ='محمد زبون'!H4 -> 0 | G9: ='محمد زبون'!I4 -> 0 | H9: ='محمد زبون'!D4 -> 46311 | I9: ='محمد زبون'!E4 -> 46324 | J9: ='محمد زبون'!J4 -> 46324 | K9: ='محمد زبون'!K4 -> مسدد
A10: 2 | B10: فضل | C10: =COUNTA(فضل!D7:D1000) -> 2 | D10: =فضل!F4 -> 90 | E10: =فضل!G4 -> 90 | F10: =فضل!H4 -> 0 | G10: =فضل!I4 -> 0 | H10: =فضل!D4 -> 46321 | I10: =فضل!E4 -> 46324 | J10: =فضل!J4 -> 46324 | K10: =فضل!K4 -> مسدد
A11: 3 | B11: قصي جابر | C11: =COUNTA('قصي جابر'!D7:D1000) -> 9 | D11: ='قصي جابر'!F4 -> 10070 | E11: ='قصي جابر'!G4 -> 5450 | F11: ='قصي جابر'!H4 -> 4620 | G11: ='قصي جابر'!I4 -> 0 | H11: ='قصي جابر'!D4 -> 46297 | I11: ='قصي جابر'!E4 -> 46325 | J11: ='قصي جابر'!J4 -> 46325 | K11: ='قصي جابر'!K4 -> مستحق لنا
A12: 4 | B12: مصنع امداد | C12: =COUNTA('مصنع امداد'!D7:D1000) -> 5 | D12: ='مصنع امداد'!F4 -> 2432.75 | E12: ='مصنع امداد'!G4 -> 1132.75 | F12: ='مصنع امداد'!H4 -> 1300 | G12: ='مصنع امداد'!I4 -> 147.75 | H12: ='مصنع امداد'!D4 -> 46298 | I12: ='مصنع امداد'!E4 -> 46320 | J12: ='مصنع امداد'!J4 -> 46300 | K12: ='مصنع امداد'!K4 -> مستحق لنا
A13: 5 | B13: هارون | C13: =COUNTA(هارون!D7:D1000) -> 2 | D13: =هارون!F4 -> 5400 | E13: =هارون!G4 -> 4000 | F13: =هارون!H4 -> 1400 | G13: =هارون!I4 -> 0 | H13: =هارون!D4 -> 46320 | I13: =هارون!E4 -> 46321 | J13: =هارون!J4 -> 46321 | K13: =هارون!K4 -> مستحق لنا
A14: 6 | B14: ثمار مجني | C14: =COUNTA(مجني!D7:D1000) -> 2 | D14: =مجني!F4 -> 4508 | E14: =مجني!G4 -> 4508 | F14: =مجني!H4 -> 0 | G14: =مجني!I4 -> 588 | H14: =مجني!D4 -> 46297 | I14: =مجني!E4 -> 46300 | J14: =مجني!J4 -> 46300 | K14: =مجني!K4 -> مسدد
A15: 7 | B15: علاء | C15: =COUNTA(علاء!D7:D1000) -> 11 | D15: =علاء!F4 -> 3481 | E15: =علاء!G4 -> 2375 | F15: =علاء!H4 -> 1106 | G15: =علاء!I4 -> 0 | H15: =علاء!D4 -> 46308 | I15: =علاء!E4 -> 46325 | J15: =علاء!J4 -> 46320 | K15: =علاء!K4 -> مستحق لنا
A16: 8 | B16: مامون بنغالي | C16: =COUNTA('مامون بنغالي'!D7:D1000) -> 2 | D16: ='مامون بنغالي'!F4 -> 2600 | E16: ='مامون بنغالي'!G4 -> 2600 | F16: ='مامون بنغالي'!H4 -> 0 | G16: ='مامون بنغالي'!I4 -> 0 | H16: ='مامون بنغالي'!D4 -> 46317 | I16: ='مامون بنغالي'!E4 -> 46320 | J16: ='مامون بنغالي'!J4 -> 46320 | K16: ='مامون بنغالي'!K4 -> مسدد
A17: 9 | B17: عرب بركات | C17: =COUNTA('عرب بركات'!D7:D1000) -> 2 | D17: ='عرب بركات'!F4 -> 6560.75 | E17: ='عرب بركات'!G4 -> 0 | F17: ='عرب بركات'!H4 -> 6560.75 | G17: ='عرب بركات'!I4 -> 855.75 | H17: ='عرب بركات'!D4 -> 46317 | I17: ='عرب بركات'!E4 -> 46321 | J17: ='عرب بركات'!J4 | K17: ='عرب بركات'!K4 -> مستحق لنا
A18: 10 | B18: أبو احمد السوري | C18: =COUNTA('ابو احمد السوري'!D7:D1000) -> 12 | D18: ='ابو احمد السوري'!F4 -> 1271 | E18: ='ابو احمد السوري'!G4 -> 1270 | F18: ='ابو احمد السوري'!H4 -> 1 | G18: ='ابو احمد السوري'!I4 -> 0 | H18: ='ابو احمد السوري'!D4 -> 46298 | I18: ='ابو احمد السوري'!E4 -> 46316 | J18: ='ابو احمد السوري'!J4 -> 46316 | K18: ='ابو احمد السوري'!K4 -> مستحق لنا
A19: 11 | B19: هشام ناجي | C19: =COUNTA('هشام ناجي'!D7:D1000) -> 8 | D19: ='هشام ناجي'!F4 -> 7846 | E19: ='هشام ناجي'!G4 -> 7821 | F19: ='هشام ناجي'!H4 -> 25 | G19: ='هشام ناجي'!I4 -> 0 | H19: ='هشام ناجي'!D4 -> 46309 | I19: ='هشام ناجي'!E4 -> 46319 | J19: ='هشام ناجي'!J4 -> 46319 | K19: ='هشام ناجي'!K4 -> مستحق لنا
A20: 12 | B20: عصام المصري | C20: =COUNTA('عصام المصري'!D7:D1000) -> 7 | D20: ='عصام المصري'!F4 -> 1739 | E20: ='عصام المصري'!G4 -> 690 | F20: ='عصام المصري'!H4 -> 1049 | G20: ='عصام المصري'!I4 -> 54 | H20: ='عصام المصري'!D4 -> 46307 | I20: ='عصام المصري'!E4 -> 46325 | J20: ='عصام المصري'!J4 -> 46311 | K20: ='عصام المصري'!K4 -> مستحق لنا
A21: 13 | B21: الحساني | C21: =COUNTA(الحساني!D7:D1000) -> 2 | D21: =الحساني!F4 -> 6626.3 | E21: =الحساني!G4 -> 6626.3 | F21: =الحساني!H4 -> 0 | G21: =الحساني!I4 -> 864.3 | H21: =الحساني!D4 -> 46314 | I21: =الحساني!E4 -> 46315 | J21: =الحساني!J4 -> 46315 | K21: =الحساني!K4 -> مسدد
A22: 14 | B22: سليم يمني | C22: =COUNTA('سليم يمني'!D7:D1000) -> 2 | D22: ='سليم يمني'!F4 -> 300 | E22: ='سليم يمني'!G4 -> 300 | F22: ='سليم يمني'!H4 -> 0 | G22: ='سليم يمني'!I4 -> 0 | H22: ='سليم يمني'!D4 -> 46315 | I22: ='سليم يمني'!E4 -> 46322 | J22: ='سليم يمني'!J4 -> 46322 | K22: ='سليم يمني'!K4 -> مسدد
A23: 15 | B23: ناصر اكرم | C23: =COUNTA('ناصر اكرم'!D7:D1000) -> 7 | D23: ='ناصر اكرم'!F4 -> 2190 | E23: ='ناصر اكرم'!G4 -> 2190 | F23: ='ناصر اكرم'!H4 -> 0 | G23: ='ناصر اكرم'!I4 -> 0 | H23: ='ناصر اكرم'!D4 -> 46314 | I23: ='ناصر اكرم'!E4 -> 46322 | J23: ='ناصر اكرم'!J4 -> 46322 | K23: ='ناصر اكرم'!K4 -> مسدد
A24: 16 | B24: مدحت تركي | C24: =COUNTA('مدحت تركي'!D7:D1000) -> 1 | D24: ='مدحت تركي'!F4 -> 1400 | E24: ='مدحت تركي'!G4 -> 0 | F24: ='مدحت تركي'!H4 -> 1400 | G24: ='مدحت تركي'!I4 -> 0 | H24: ='مدحت تركي'!D4 -> 46318 | I24: ='مدحت تركي'!E4 -> 46318 | J24: ='مدحت تركي'!J4 | K24: ='مدحت تركي'!K4 -> مستحق لنا
A25: 17 | B25: امين بنغالي | C25: =COUNTA('امين بنغالي'!D7:D1000) -> 12 | D25: ='امين بنغالي'!F4 -> 7880 | E25: ='امين بنغالي'!G4 -> 5425 | F25: ='امين بنغالي'!H4 -> 2455 | G25: ='امين بنغالي'!I4 -> 0 | H25: ='امين بنغالي'!D4 -> 46314 | I25: ='امين بنغالي'!E4 -> 46325 | J25: ='امين بنغالي'!J4 -> 46325 | K25: ='امين بنغالي'!K4 -> مستحق لنا
A26: 18 | B26: محمود الساعي | C26: =COUNTA('محمود الساعي'!D7:D1000) -> 4 | D26: ='محمود الساعي'!F4 -> 4275 | E26: ='محمود الساعي'!G4 -> 4275 | F26: ='محمود الساعي'!H4 -> 0 | G26: ='محمود الساعي'!I4 -> 0 | H26: ='محمود الساعي'!D4 -> 46316 | I26: ='محمود الساعي'!E4 -> 46323 | J26: ='محمود الساعي'!J4 -> 46323 | K26: ='محمود الساعي'!K4 -> مسدد
A27: 19 | B27: سليمان اليمني | C27: =COUNTA('سليمان اليمني'!D7:D1000) -> 2 | D27: ='سليمان اليمني'!F4 -> 160 | E27: ='سليمان اليمني'!G4 -> 160 | F27: ='سليمان اليمني'!H4 -> 0 | G27: ='سليمان اليمني'!I4 -> 0 | H27: ='سليمان اليمني'!D4 -> 46309 | I27: ='سليمان اليمني'!E4 -> 46311 | J27: ='سليمان اليمني'!J4 -> 46311 | K27: ='سليمان اليمني'!K4 -> مسدد
A28: 20 | B28: كامل | C28: =COUNTA(كامل!D7:D1000) -> 1 | D28: =كامل!F4 -> 568.1 | E28: =كامل!G4 -> 0 | F28: =كامل!H4 -> 568.1 | G28: =كامل!I4 -> 74.1 | H28: =كامل!D4 -> 46313 | I28: =كامل!E4 -> 46313 | J28: =كامل!J4 | K28: =كامل!K4 -> مستحق لنا
A29: 21 | B29: امجد | C29: =COUNTA(امجد!D7:D1000) -> 3 | D29: =امجد!F4 -> 75 | E29: =امجد!G4 -> 75 | F29: =امجد!H4 -> 0 | G29: =امجد!I4 -> 0 | H29: =امجد!D4 -> 46322 | I29: =امجد!E4 -> 46323 | J29: =امجد!J4 -> 46323 | K29: =امجد!K4 -> مسدد
A30: 22 | B30: الكعبي كاش | C30: =COUNTA('الكعبي كاش'!D7:D1000) -> 10 | D30: ='الكعبي كاش'!F4 -> 10430 | E30: ='الكعبي كاش'!G4 -> 6760 | F30: ='الكعبي كاش'!H4 -> 3670 | G30: ='الكعبي كاش'!I4 -> 0 | H30: ='الكعبي كاش'!D4 -> 46298 | I30: ='الكعبي كاش'!E4 -> 46317 | J30: ='الكعبي كاش'!J4 -> 46308 | K30: ='الكعبي كاش'!K4 -> مستحق لنا
A31: 23 | B31: الكعبي حوالة | C31: =COUNTA('الكعبي حوالة'!D7:D1000) -> 8 | D31: ='الكعبي حوالة'!F4 -> 7636 | E31: ='الكعبي حوالة'!G4 -> 0 | F31: ='الكعبي حوالة'!H4 -> 7636 | G31: ='الكعبي حوالة'!I4 -> 996 | H31: ='الكعبي حوالة'!D4 -> 46307 | I31: ='الكعبي حوالة'!E4 -> 46309 | J31: ='الكعبي حوالة'!J4 | K31: ='الكعبي حوالة'!K4 -> مستحق لنا
A32: 24 | B32: محمد عادل | C32: =COUNTA('محمد عادل'!D7:D1000) -> 11 | D32: ='محمد عادل'!F4 -> 10835.55 | E32: ='محمد عادل'!G4 -> 10835 | F32: ='محمد عادل'!H4 -> 0.55 | G32: ='محمد عادل'!I4 -> 547.25 | H32: ='محمد عادل'!D4 -> 46307 | I32: ='محمد عادل'!E4 -> 46321 | J32: ='محمد عادل'!J4 -> 46321 | K32: ='محمد عادل'!K4 -> مستحق لنا
A33: 25 | B33: فيض الكرم | C33: =COUNTA('فيض الكرم'!D7:D1000) -> 4 | D33: ='فيض الكرم'!F4 -> 5037 | E33: ='فيض الكرم'!G4 -> 5035 | F33: ='فيض الكرم'!H4 -> 2 | G33: ='فيض الكرم'!I4 -> 657 | H33: ='فيض الكرم'!D4 -> 46313 | I33: ='فيض الكرم'!E4 -> 46321 | J33: ='فيض الكرم'!J4 -> 46321 | K33: ='فيض الكرم'!K4 -> مستحق لنا
A34: 26 | B34: سامر اليمني | C34: =COUNTA('سامر اليمني'!D7:D1000) -> 8 | D34: ='سامر اليمني'!F4 -> 720 | E34: ='سامر اليمني'!G4 -> 715 | F34: ='سامر اليمني'!H4 -> 5 | G34: ='سامر اليمني'!I4 -> 0 | H34: ='سامر اليمني'!D4 -> 46305 | I34: ='سامر اليمني'!E4 -> 46313 | J34: ='سامر اليمني'!J4 -> 46313 | K34: ='سامر اليمني'!K4 -> مستحق لنا
A35: 27 | B35: صلاح الصعيدي | C35: =COUNTA('صلاح الصعيدي'!D7:D1000) -> 8 | D35: ='صلاح الصعيدي'!F4 -> 285 | E35: ='صلاح الصعيدي'!G4 -> 285 | F35: ='صلاح الصعيدي'!H4 -> 0 | G35: ='صلاح الصعيدي'!I4 -> 0 | H35: ='صلاح الصعيدي'!D4 -> 46308 | I35: ='صلاح الصعيدي'!E4 -> 46325 | J35: ='صلاح الصعيدي'!J4 -> 46325 | K35: ='صلاح الصعيدي'!K4 -> مسدد
A36: 28 | B36: نور بنغالي | C36: =COUNTA('نور بنغالي'!D7:D1000) -> 20 | D36: ='نور بنغالي'!F4 -> 4308 | E36: ='نور بنغالي'!G4 -> 3540 | F36: ='نور بنغالي'!H4 -> 768 | G36: ='نور بنغالي'!I4 -> 0 | H36: ='نور بنغالي'!D4 -> 46299 | I36: ='نور بنغالي'!E4 -> 46325 | J36: ='نور بنغالي'!J4 -> 46325 | K36: ='نور بنغالي'!K4 -> مستحق لنا
A37: 29 | B37: طيبات العصر | C37: =COUNTA('طيبات العصر'!D7:D1000) -> 8 | D37: ='طيبات العصر'!F4 -> 6728.5 | E37: ='طيبات العصر'!G4 -> 6730 | F37: ='طيبات العصر'!H4 -> -1.5 | G37: ='طيبات العصر'!I4 -> 850.5 | H37: ='طيبات العصر'!D4 -> 46299 | I37: ='طيبات العصر'!E4 -> 46316 | J37: ='طيبات العصر'!J4 -> 46316 | K37: ='طيبات العصر'!K4 -> رصيد للعميل
A38: 30 | B38: محيط دلتا | C38: =COUNTA('محيط دلتا'!D7:D1000) -> 8 | D38: ='محيط دلتا'!F4 -> 4171.36 | E38: ='محيط دلتا'!G4 -> 4169 | F38: ='محيط دلتا'!H4 -> 2.36 | G38: ='محيط دلتا'!I4 -> 361.19 | H38: ='محيط دلتا'!D4 -> 46297 | I38: ='محيط دلتا'!E4 -> 46309 | J38: ='محيط دلتا'!J4 -> 46309 | K38: ='محيط دلتا'!K4 -> مستحق لنا
A39: 31 | B39: أبو عجاج | C39: =COUNTA(ابوعجاج!D7:D1000) -> 6 | D39: =ابوعجاج!F4 -> 9508 | E39: =ابوعجاج!G4 -> 7308 | F39: =ابوعجاج!H4 -> 2200 | G39: =ابوعجاج!I4 -> 528 | H39: =ابوعجاج!D4 -> 46301 | I39: =ابوعجاج!E4 -> 46319 | J39: =ابوعجاج!J4 -> 46319 | K39: =ابوعجاج!K4 -> مستحق لنا
A40: 32 | B40: ماجد بسطه | C40: =COUNTA('ماجد بسطة'!D7:D1000) -> 8 | D40: ='ماجد بسطة'!F4 -> 1224 | E40: ='ماجد بسطة'!G4 -> 900 | F40: ='ماجد بسطة'!H4 -> 324 | G40: ='ماجد بسطة'!I4 -> 0 | H40: ='ماجد بسطة'!D4 -> 46314 | I40: ='ماجد بسطة'!E4 -> 46321 | J40: ='ماجد بسطة'!J4 -> 46321 | K40: ='ماجد بسطة'!K4 -> مستحق لنا
A41: 33 | B41: سليم بنغالي | C41: =COUNTA('سليم بنغالي'!D7:D1000) -> 17 | D41: ='سليم بنغالي'!F4 -> 11030 | E41: ='سليم بنغالي'!G4 -> 11030 | F41: ='سليم بنغالي'!H4 -> 0 | G41: ='سليم بنغالي'!I4 -> 0 | H41: ='سليم بنغالي'!D4 -> 46303 | I41: ='سليم بنغالي'!E4 -> 46323 | J41: ='سليم بنغالي'!J4 -> 46319 | K41: ='سليم بنغالي'!K4 -> مسدد
A42: 34 | B42: التخصص الذهبي | C42: =COUNTA('التخصص الذهبي'!D7:D1000) -> 44 | D42: ='التخصص الذهبي'!F4 -> 56681.2 | E42: ='التخصص الذهبي'!G4 -> 43938 | F42: ='التخصص الذهبي'!H4 -> 12743.2 | G42: ='التخصص الذهبي'!I4 -> 7393.2 | H42: ='التخصص الذهبي'!D4 -> 46308 | I42: ='التخصص الذهبي'!E4 -> 46325 | J42: ='التخصص الذهبي'!J4 -> 46325 | K42: ='التخصص الذهبي'!K4 -> مستحق لنا
A43: 35 | B43: عبدالرحمن قدري | C43: =COUNTA('عبدالرحمن قدري'!D7:D1000) -> 4 | D43: ='عبدالرحمن قدري'!F4 -> 7826 | E43: ='عبدالرحمن قدري'!G4 -> 7826 | F43: ='عبدالرحمن قدري'!H4 -> 0 | G43: ='عبدالرحمن قدري'!I4 -> 0 | H43: ='عبدالرحمن قدري'!D4 -> 46323 | I43: ='عبدالرحمن قدري'!E4 -> 46325 | J43: ='عبدالرحمن قدري'!J4 -> 46325 | K43: ='عبدالرحمن قدري'!K4 -> مسدد
A44: 36 | B44: محسن | C44: =COUNTA(محسن!D7:D1000) -> 2 | D44: =محسن!F4 -> 2640 | E44: =محسن!G4 -> 2640 | F44: =محسن!H4 -> 0 | G44: =محسن!I4 -> 0 | H44: =محسن!D4 -> 46322 | I44: =محسن!E4 -> 46324 | J44: =محسن!J4 -> 46324 | K44: =محسن!K4 -> مسدد
A45: 37 | B45: انعام | C45: =COUNTA(انعام!D7:D1000) -> 1 | D45: =انعام!F4 -> 3018.75 | E45: =انعام!G4 -> 0 | F45: =انعام!H4 -> 3018.75 | G45: =انعام!I4 -> 393.75 | H45: =انعام!D4 -> 46324 | I45: =انعام!E4 -> 46324 | J45: =انعام!J4 | K45: =انعام!K4 -> مستحق لنا
A46: 38 | B46: طلال القبيشي | C46: =COUNTA('طلال القبيشي'!D7:D1000) -> 5 | D46: ='طلال القبيشي'!F4 -> 3830 | E46: ='طلال القبيشي'!G4 -> 2600 | F46: ='طلال القبيشي'!H4 -> 1230 | G46: ='طلال القبيشي'!I4 -> 0 | H46: ='طلال القبيشي'!D4 -> 46317 | I46: ='طلال القبيشي'!E4 -> 46324 | J46: ='طلال القبيشي'!J4 -> 46321 | K46: ='طلال القبيشي'!K4 -> مستحق لنا
A47: 39 | B47: عبدالرحمن زبون | C47: =COUNTA('عبدالرحمن زبون'!D7:D1000) -> 1 | D47: ='عبدالرحمن زبون'!F4 -> 140 | E47: ='عبدالرحمن زبون'!G4 -> 0 | F47: ='عبدالرحمن زبون'!H4 -> 140 | G47: ='عبدالرحمن زبون'!I4 -> 0 | H47: ='عبدالرحمن زبون'!D4 -> 46323 | I47: ='عبدالرحمن زبون'!E4 -> 46323 | J47: ='عبدالرحمن زبون'!J4 | K47: ='عبدالرحمن زبون'!K4 -> مستحق لنا
A48: 40 | B48: متجر منافس | C48: =COUNTA('متجر منافس'!D7:D1000) -> 15 | D48: ='متجر منافس'!F4 -> 13390 | E48: ='متجر منافس'!G4 -> 13392 | F48: ='متجر منافس'!H4 -> -2 | G48: ='متجر منافس'!I4 -> 0 | H48: ='متجر منافس'!D4 -> 46302 | I48: ='متجر منافس'!E4 -> 46320 | J48: ='متجر منافس'!J4 -> 46320 | K48: ='متجر منافس'!K4 -> رصيد للعميل
A49: 41 | B49: نقاوة بلس | C49: =COUNTA('نقاوة بلس'!D7:D1000) -> 16 | D49: ='نقاوة بلس'!F4 -> 35043.95 | E49: ='نقاوة بلس'!G4 -> 35043.95 | F49: ='نقاوة بلس'!H4 -> 0 | G49: ='نقاوة بلس'!I4 -> 4570.95 | H49: ='نقاوة بلس'!D4 -> 46304 | I49: ='نقاوة بلس'!E4 -> 46323 | J49: ='نقاوة بلس'!J4 -> 46323 | K49: ='نقاوة بلس'!K4 -> مسدد
A50: 42 | B50: بلال بنغالي | C50: =COUNTA('بلال بنغالي'!D7:D1000) -> 6 | D50: ='بلال بنغالي'!F4 -> 200 | E50: ='بلال بنغالي'!G4 -> 200 | F50: ='بلال بنغالي'!H4 -> 0 | G50: ='بلال بنغالي'!I4 -> 0 | H50: ='بلال بنغالي'!D4 -> 46303 | I50: ='بلال بنغالي'!E4 -> 46313 | J50: ='بلال بنغالي'!J4 -> 46313 | K50: ='بلال بنغالي'!K4 -> مسدد
A51: 43 | B51: الجيزاني | C51: =COUNTA(الجيزاني!D7:D1000) -> 2 | D51: =الجيزاني!F4 -> 2100 | E51: =الجيزاني!G4 -> 2100 | F51: =الجيزاني!H4 -> 0 | G51: =الجيزاني!I4 -> 0 | H51: =الجيزاني!D4 -> 46319 | I51: =الجيزاني!E4 -> 46323 | J51: =الجيزاني!J4 -> 46323 | K51: =الجيزاني!K4 -> مسدد
B52: الإجمالي | C52: =SUM(C9:C51) -> 320 | D52: =SUM(D9:D51) -> 266754.21 | E52: =SUM(E9:E51) -> 214533 | F52: =SUM(F9:F51) -> 52221.21 | G52: =SUM(G9:G51) -> 18881.74

Sheet سجل الحركات
A1: سجل الحركات الموحّد — كل الحسابات (مرتبط بالكشوف)
A2: كل خانة هنا معادلة تقرأ من الكشف الأصلي؛ أي تعديل في الكشوف ينعكس هنا. الحركات الجديدة المضافة لاحقاً في الكشوف لا تظهر هنا تلقائياً.
A3: الحساب | B3: التاريخ | C3: البيان | D3: الصنف الموحد | E3: نوع الحركة | F3: العدد | G3: السعر | H3: قبل الضريبة | I3: الضريبة | J3: مدين | K3: دائن
A4: محمد زبون | B4: ='محمد زبون'!C7 -> 46311 | C4: ='محمد زبون'!D7 -> تفاح سلة | D4: تفاح سلة | E4: بضاعة | F4: =IF('محمد زبون'!E7="","",'محمد زبون'!E7) -> 1 | G4: =IF('محمد زبون'!F7="","",'محمد زبون'!F7) -> 60 | H4: =IF(F4="","",ROUND(F4*G4,2)) -> 60 | I4: =IF(F4="","",ROUND(H4*IF(N('محمد زبون'!G7)>1,'محمد زبون'!G7-1,0),2)) -> 0 | J4: =N('محمد زبون'!H7) -> 60 | K4: =N('محمد زبون'!I7) -> 0
A5: محمد زبون | B5: ='محمد زبون'!C8 -> 46311 | C5: ='محمد زبون'!D8 -> رمان وسط | D5: رمان وسط | E5: بضاعة | F5: =IF('محمد زبون'!E8="","",'محمد زبون'!E8) -> 1 | G5: =IF('محمد زبون'!F8="","",'محمد زبون'!F8) -> 19 | H5: =IF(F5="","",ROUND(F5*G5,2)) -> 19 | I5: =IF(F5="","",ROUND(H5*IF(N('محمد زبون'!G8)>1,'محمد زبون'!G8-1,0),2)) -> 0 | J5: =N('محمد زبون'!H8) -> 19 | K5: =N('محمد زبون'!I8) -> 0
A6: محمد زبون | B6: ='محمد زبون'!C9 -> 46312 | C6: ='محمد زبون'!D9 -> سداد | E6: سداد | F6: =IF('محمد زبون'!E9="","",'محمد زبون'!E9) | G6: =IF('محمد زبون'!F9="","",'محمد زبون'!F9) | H6: =IF(F6="","",ROUND(F6*G6,2)) | I6: =IF(F6="","",ROUND(H6*IF(N('محمد زبون'!G9)>1,'محمد زبون'!G9-1,0),2)) | J6: =N('محمد زبون'!H9) -> 0 | K6: =N('محمد زبون'!I9) -> 79
A7: محمد زبون | B7: ='محمد زبون'!C10 -> 46312 | C7: ='محمد زبون'!D10 -> تفاح سلة | D7: تفاح سلة | E7: بضاعة | F7: =IF('محمد زبون'!E10="","",'محمد زبون'!E10) -> 1 | G7: =IF('محمد زبون'!F10="","",'محمد زبون'!F10) -> 60 | H7: =IF(F7="","",ROUND(F7*G7,2)) -> 60 | I7: =IF(F7="","",ROUND(H7*IF(N('محمد زبون'!G10)>1,'محمد زبون'!G10-1,0),2)) -> 0 | J7: =N('محمد زبون'!H10) -> 60 | K7: =N('محمد زبون'!I10) -> 0
A8: محمد زبون | B8: ='محمد زبون'!C11 -> 46312 | C8: ='محمد زبون'!D11 -> رمان وسط | D8: رمان وسط | E8: بضاعة | F8: =IF('محمد زبون'!E11="","",'محمد زبون'!E11) -> 1 | G8: =IF('محمد زبون'!F11="","",'محمد زبون'!F11) -> 19 | H8: =IF(F8="","",ROUND(F8*G8,2)) -> 19 | I8: =IF(F8="","",ROUND(H8*IF(N('محمد زبون'!G11)>1,'محمد زبون'!G11-1,0),2)) -> 0 | J8: =N('محمد زبون'!H11) -> 19 | K8: =N('محمد زبون'!I11) -> 0
A9: محمد زبون | B9: ='محمد زبون'!C12 -> 46313 | C9: ='محمد زبون'!D12 -> سداد | E9: سداد | F9: =IF('محمد زبون'!E12="","",'محمد زبون'!E12) | G9: =IF('محمد زبون'!F12="","",'محمد زبون'!F12) | H9: =IF(F9="","",ROUND(F9*G9,2)) | I9: =IF(F9="","",ROUND(H9*IF(N('محمد زبون'!G12)>1,'محمد زبون'!G12-1,0),2)) | J9: =N('محمد زبون'!H12) -> 0 | K9: =N('محمد زبون'!I12) -> 79
A10: محمد زبون | B10: ='محمد زبون'!C13 -> 46313 | C10: ='محمد زبون'!D13 -> تفاح سلة | D10: تفاح سلة | E10: بضاعة | F10: =IF('محمد زبون'!E13="","",'محمد زبون'!E13) -> 2 | G10: =IF('محمد زبون'!F13="","",'محمد زبون'!F13) -> 60 | H10: =IF(F10="","",ROUND(F10*G10,2)) -> 120 | I10: =IF(F10="","",ROUND(H10*IF(N('محمد زبون'!G13)>1,'محمد زبون'!G13-1,0),2)) -> 0 | J10: =N('محمد زبون'!H13) -> 120 | K10: =N('محمد زبون'!I13) -> 0
A11: محمد زبون | B11: ='محمد زبون'!C14 -> 46314 | C11: ='محمد زبون'!D14 -> سداد | E11: سداد | F11: =IF('محمد زبون'!E14="","",'محمد زبون'!E14) | G11: =IF('محمد زبون'!F14="","",'محمد زبون'!F14) | H11: =IF(F11="","",ROUND(F11*G11,2)) | I11: =IF(F11="","",ROUND(H11*IF(N('محمد زبون'!G14)>1,'محمد زبون'!G14-1,0),2)) | J11: =N('محمد زبون'!H14) -> 0 | K11: =N('محمد زبون'!I14) -> 120
A12: محمد زبون | B12: ='محمد زبون'!C15 -> 46318 | C12: ='محمد زبون'!D15 -> تفاح سلة | D12: تفاح سلة | E12: بضاعة | F12: =IF('محمد زبون'!E15="","",'محمد زبون'!E15) -> 3 | G12: =IF('محمد زبون'!F15="","",'محمد زبون'!F15) -> 55 | H12: =IF(F12="","",ROUND(F12*G12,2)) -> 165 | I12: =IF(F12="","",ROUND(H12*IF(N('محمد زبون'!G15)>1,'محمد زبون'!G15-1,0),2)) -> 0 | J12: =N('محمد زبون'!H15) -> 165 | K12: =N('محمد زبون'!I15) -> 0
A13: محمد زبون | B13: ='محمد زبون'!C16 -> 46320 | C13: ='محمد زبون'!D16 -> سداد | E13: سداد | F13: =IF('محمد زبون'!E16="","",'محمد زبون'!E16) | G13: =IF('محمد زبون'!F16="","",'محمد زبون'!F16) | H13: =IF(F13="","",ROUND(F13*G13,2)) | I13: =IF(F13="","",ROUND(H13*IF(N('محمد زبون'!G16)>1,'محمد زبون'!G16-1,0),2)) | J13: =N('محمد زبون'!H16) -> 0 | K13: =N('محمد زبون'!I16) -> 165
A14: محمد زبون | B14: ='محمد زبون'!C17 -> 46321 | C14: ='محمد زبون'!D17 -> تفاح سلة | D14: تفاح سلة | E14: بضاعة | F14: =IF('محمد زبون'!E17="","",'محمد زبون'!E17) -> 1 | G14: =IF('محمد زبون'!F17="","",'محمد زبون'!F17) -> 55 | H14: =IF(F14="","",ROUND(F14*G14,2)) -> 55 | I14: =IF(F14="","",ROUND(H14*IF(N('محمد زبون'!G17)>1,'محمد زبون'!G17-1,0),2)) -> 0 | J14: =N('محمد زبون'!H17) -> 55 | K14: =N('محمد زبون'!I17) -> 0
A15: محمد زبون | B15: ='محمد زبون'!C18 -> 46324 | C15: ='محمد زبون'!D18 -> سداد | E15: سداد | F15: =IF('محمد زبون'!E18="","",'محمد زبون'!E18) | G15: =IF('محمد زبون'!F18="","",'محمد زبون'!F18) | H15: =IF(F15="","",ROUND(F15*G15,2)) | I15: =IF(F15="","",ROUND(H15*IF(N('محمد زبون'!G18)>1,'محمد زبون'!G18-1,0),2)) | J15: =N('محمد زبون'!H18) -> 0 | K15: =N('محمد زبون'!I18) -> 55
A16: فضل | B16: =فضل!C7 -> 46321 | C16: =فضل!D7 -> افندي | D16: افندي | E16: بضاعة | F16: =IF(فضل!E7="","",فضل!E7) -> 1 | G16: =IF(فضل!F7="","",فضل!F7) -> 90 | H16: =IF(F16="","",ROUND(F16*G16,2)) -> 90 | I16: =IF(F16="","",ROUND(H16*IF(N(فضل!G7)>1,فضل!G7-1,0),2)) -> 0 | J16: =N(فضل!H7) -> 90 | K16: =N(فضل!I7) -> 0
A17: فضل | B17: =فضل!C8 -> 46324 | C17: =فضل!D8 -> سداد | E17: سداد | F17: =IF(فضل!E8="","",فضل!E8) | G17: =IF(فضل!F8="","",فضل!F8) | H17: =IF(F17="","",ROUND(F17*G17,2)) | I17: =IF(F17="","",ROUND(H17*IF(N(فضل!G8)>1,فضل!G8-1,0),2)) | J17: =N(فضل!H8) -> 0 | K17: =N(فضل!I8) -> 90
A18: قصي جابر | B18: ='قصي جابر'!C7 -> 46297 | C18: ='قصي جابر'!D7 -> فراولة | D18: فراولة | E18: بضاعة | F18: =IF('قصي جابر'!E7="","",'قصي جابر'!E7) -> 20 | G18: =IF('قصي جابر'!F7="","",'قصي جابر'!F7) -> 110 | H18: =IF(F18="","",ROUND(F18*G18,2)) -> 2200 | I18: =IF(F18="","",ROUND(H18*IF(N('قصي جابر'!G7)>1,'قصي جابر'!G7-1,0),2)) -> 0 | J18: =N('قصي جابر'!H7) -> 2200 | K18: =N('قصي جابر'!I7) -> 0
A19: قصي جابر | B19: ='قصي جابر'!C8 -> 46298 | C19: ='قصي جابر'!D8 -> سداد | E19: سداد | F19: =IF('قصي جابر'!E8="","",'قصي جابر'!E8) | G19: =IF('قصي جابر'!F8="","",'قصي جابر'!F8) | H19: =IF(F19="","",ROUND(F19*G19,2)) | I19: =IF(F19="","",ROUND(H19*IF(N('قصي جابر'!G8)>1,'قصي جابر'!G8-1,0),2)) | J19: =N('قصي جابر'!H8) -> 0 | K19: =N('قصي جابر'!I8) -> 2200
A20: قصي جابر | B20: ='قصي جابر'!C9 -> 46303 | C20: ='قصي جابر'!D9 -> فراولة | D20: فراولة | E20: بضاعة | F20: =IF('قصي جابر'!E9="","",'قصي جابر'!E9) -> 10 | G20: =IF('قصي جابر'!F9="","",'قصي جابر'!F9) -> 125 | H20: =IF(F20="","",ROUND(F20*G20,2)) -> 1250 | I20: =IF(F20="","",ROUND(H20*IF(N('قصي جابر'!G9)>1,'قصي جابر'!G9-1,0),2)) -> 0 | J20: =N('قصي جابر'!H9) -> 1250 | K20: =N('قصي جابر'!I9) -> 0
A21: قصي جابر | B21: ='قصي جابر'!C10 -> 46308 | C21: ='قصي جابر'!D10 -> سداد | E21: سداد | F21: =IF('قصي جابر'!E10="","",'قصي جابر'!E10) | G21: =IF('قصي جابر'!F10="","",'قصي جابر'!F10) | H21: =IF(F21="","",ROUND(F21*G21,2)) | I21: =IF(F21="","",ROUND(H21*IF(N('قصي جابر'!G10)>1,'قصي جابر'!G10-1,0),2)) | J21: =N('قصي جابر'!H10) -> 0 | K21: =N('قصي جابر'!I10) -> 1250
A22: قصي جابر | B22: ='قصي جابر'!C11 -> 46317 | C22: ='قصي جابر'!D11 -> فراولة | D22: فراولة | E22: بضاعة | F22: =IF('قصي جابر'!E11="","",'قصي جابر'!E11) -> 20 | G22: =IF('قصي جابر'!F11="","",'قصي جابر'!F11) -> 128 | H22: =IF(F22="","",ROUND(F22*G22,2)) -> 2560 | I22: =IF(F22="","",ROUND(H22*IF(N('قصي جابر'!G11)>1,'قصي جابر'!G11-1,0),2)) -> 0 | J22: =N('قصي جابر'!H11) -> 2560 | K22: =N('قصي جابر'!I11) -> 0
A23: قصي جابر | B23: ='قصي جابر'!C12 -> 46319 | C23: ='قصي جابر'!D12 -> فراولة | D23: فراولة | E23: بضاعة | F23: =IF('قصي جابر'!E12="","",'قصي جابر'!E12) -> 12 | G23: =IF('قصي جابر'!F12="","",'قصي جابر'!F12) -> 130 | H23: =IF(F23="","",ROUND(F23*G23,2)) -> 1560 | I23: =IF(F23="","",ROUND(H23*IF(N('قصي جابر'!G12)>1,'قصي جابر'!G12-1,0),2)) -> 0 | J23: =N('قصي جابر'!H12) -> 1560 | K23: =N('قصي جابر'!I12) -> 0
A24: قصي جابر | B24: ='قصي جابر'!C13 -> 46323 | C24: ='قصي جابر'!D13 -> سداد دفعه | E24: سداد | F24: =IF('قصي جابر'!E13="","",'قصي جابر'!E13) | G24: =IF('قصي جابر'!F13="","",'قصي جابر'!F13) | H24: =IF(F24="","",ROUND(F24*G24,2)) | I24: =IF(F24="","",ROUND(H24*IF(N('قصي جابر'!G13)>1,'قصي جابر'!G13-1,0),2)) | J24: =N('قصي جابر'!H13) -> 0 | K24: =N('قصي جابر'!I13) -> 1000
A25: قصي جابر | B25: ='قصي جابر'!C14 -> 46324 | C25: ='قصي جابر'!D14 -> فراولة | D25: فراولة | E25: بضاعة | F25: =IF('قصي جابر'!E14="","",'قصي جابر'!E14) -> 20 | G25: =IF('قصي جابر'!F14="","",'قصي جابر'!F14) -> 125 | H25: =IF(F25="","",ROUND(F25*G25,2)) -> 2500 | I25: =IF(F25="","",ROUND(H25*IF(N('قصي جابر'!G14)>1,'قصي جابر'!G14-1,0),2)) -> 0 | J25: =N('قصي جابر'!H14) -> 2500 | K25: =N('قصي جابر'!I14) -> 0
A26: قصي جابر | B26: ='قصي جابر'!C15 -> 46325 | C26: ='قصي جابر'!D15 -> سداد دفعه | E26: سداد | F26: =IF('قصي جابر'!E15="","",'قصي جابر'!E15) | G26: =IF('قصي جابر'!F15="","",'قصي جابر'!F15) | H26: =IF(F26="","",ROUND(F26*G26,2)) | I26: =IF(F26="","",ROUND(H26*IF(N('قصي جابر'!G15)>1,'قصي جابر'!G15-1,0),2)) | J26: =N('قصي جابر'!H15) -> 0 | K26: =N('قصي جابر'!I15) -> 1000
A27: مصنع امداد | B27: ='مصنع امداد'!C7 -> 46298 | C27: ='مصنع امداد'!D7 -> بخاره تركي | D27: بخاره تركي | E27: بضاعة | F27: =IF('مصنع امداد'!E7="","",'مصنع امداد'!E7) -> 15 | G27: =IF('مصنع امداد'!F7="","",'مصنع امداد'!F7) -> 21 | H27: =IF(F27="","",ROUND(F27*G27,2)) -> 315 | I27: =IF(F27="","",ROUND(H27*IF(N('مصنع امداد'!G7)>1,'مصنع امداد'!G7-1,0),2)) -> 47.25 | J27: =N('مصنع امداد'!H7) -> 362.25 | K27: =N('مصنع امداد'!I7) -> 0
A28: مصنع امداد | B28: ='مصنع امداد'!C8 -> 46300 | C28: ='مصنع امداد'!D8 -> افوكادو | D28: افوكادو | E28: بضاعة | F28: =IF('مصنع امداد'!E8="","",'مصنع امداد'!E8) -> 20 | G28: =IF('مصنع امداد'!F8="","",'مصنع امداد'!F8) -> 33.5 | H28: =IF(F28="","",ROUND(F28*G28,2)) -> 670 | I28: =IF(F28="","",ROUND(H28*IF(N('مصنع امداد'!G8)>1,'مصنع امداد'!G8-1,0),2)) -> 100.5 | J28: =N('مصنع امداد'!H8) -> 770.5 | K28: =N('مصنع امداد'!I8) -> 0
A29: مصنع امداد | B29: ='مصنع امداد'!C9 -> 46300 | C29: ='مصنع امداد'!D9 -> سداد مقاصه مع جبار البيشي | E29: مقاصة | F29: =IF('مصنع امداد'!E9="","",'مصنع امداد'!E9) | G29: =IF('مصنع امداد'!F9="","",'مصنع امداد'!F9) | H29: =IF(F29="","",ROUND(F29*G29,2)) | I29: =IF(F29="","",ROUND(H29*IF(N('مصنع امداد'!G9)>1,'مصنع امداد'!G9-1,0),2)) | J29: =N('مصنع امداد'!H9) -> 0 | K29: =N('مصنع امداد'!I9) -> 362.25
A30: مصنع امداد | B30: ='مصنع امداد'!C10 -> 46300 | C30: ='مصنع امداد'!D10 -> سداد مقاصه مع جبار البيشي | E30: مقاصة | F30: =IF('مصنع امداد'!E10="","",'مصنع امداد'!E10) | G30: =IF('مصنع امداد'!F10="","",'مصنع امداد'!F10) | H30: =IF(F30="","",ROUND(F30*G30,2)) | I30: =IF(F30="","",ROUND(H30*IF(N('مصنع امداد'!G10)>1,'مصنع امداد'!G10-1,0),2)) | J30: =N('مصنع امداد'!H10) -> 0 | K30: =N('مصنع امداد'!I10) -> 770.5
A31: مصنع امداد | B31: ='مصنع امداد'!C11 -> 46320 | C31: ='مصنع امداد'!D11 -> فراولة | D31: فراولة | E31: بضاعة | F31: =IF('مصنع امداد'!E11="","",'مصنع امداد'!E11) -> 10 | G31: =IF('مصنع امداد'!F11="","",'مصنع امداد'!F11) -> 130 | H31: =IF(F31="","",ROUND(F31*G31,2)) -> 1300 | I31: =IF(F31="","",ROUND(H31*IF(N('مصنع امداد'!G11)>1,'مصنع امداد'!G11-1,0),2)) -> 0 | J31: =N('مصنع امداد'!H11) -> 1300 | K31: =N('مصنع امداد'!I11) -> 0
A32: هارون | B32: =هارون!C7 -> 46320 | C32: =هارون!D7 -> فراولة | D32: فراولة | E32: بضاعة | F32: =IF(هارون!E7="","",هارون!E7) -> 40 | G32: =IF(هارون!F7="","",هارون!F7) -> 135 | H32: =IF(F32="","",ROUND(F32*G32,2)) -> 5400 | I32: =IF(F32="","",ROUND(H32*IF(N(هارون!G7)>1,هارون!G7-1,0),2)) -> 0 | J32: =N(هارون!H7) -> 5400 | K32: =N(هارون!I7) -> 0
A33: هارون | B33: =هارون!C8 -> 46321 | C33: =هارون!D8 -> سداد دفعه | E33: سداد | F33: =IF(هارون!E8="","",هارون!E8) | G33: =IF(هارون!F8="","",هارون!F8) | H33: =IF(F33="","",ROUND(F33*G33,2)) | I33: =IF(F33="","",ROUND(H33*IF(N(هارون!G8)>1,هارون!G8-1,0),2)) | J33: =N(هارون!H8) -> 0 | K33: =N(هارون!I8) -> 4000
A34: ثمار مجني | B34: =مجني!C7 -> 46297 | C34: =مجني!D7 -> فراولة | D34: فراولة | E34: بضاعة | F34: =IF(مجني!E7="","",مجني!E7) -> 40 | G34: =IF(مجني!F7="","",مجني!F7) -> 98 | H34: =IF(F34="","",ROUND(F34*G34,2)) -> 3920 | I34: =IF(F34="","",ROUND(H34*IF(N(مجني!G7)>1,مجني!G7-1,0),2)) -> 588 | J34: =N(مجني!H7) -> 4508 | K34: =N(مجني!I7) -> 0
A35: ثمار مجني | B35: =مجني!C8 -> 46300 | C35: =مجني!D8 -> مقاصة مع جبار البيشي | E35: مقاصة | F35: =IF(مجني!E8="","",مجني!E8) | G35: =IF(مجني!F8="","",مجني!F8) | H35: =IF(F35="","",ROUND(F35*G35,2)) | I35: =IF(F35="","",ROUND(H35*IF(N(مجني!G8)>1,مجني!G8-1,0),2)) | J35: =N(مجني!H8) -> 0 | K35: =N(مجني!I8) -> 4508
A36: علاء | B36: =علاء!C7 -> 46308 | C36: =علاء!D7 -> رمان وسط | D36: رمان وسط | E36: بضاعة | F36: =IF(علاء!E7="","",علاء!E7) -> 20 | G36: =IF(علاء!F7="","",علاء!F7) -> 18 | H36: =IF(F36="","",ROUND(F36*G36,2)) -> 360 | I36: =IF(F36="","",ROUND(H36*IF(N(علاء!G7)>1,علاء!G7-1,0),2)) -> 0 | J36: =N(علاء!H7) -> 360 | K36: =N(علاء!I7) -> 0
A37: علاء | B37: =علاء!C8 -> 46309 | C37: =علاء!D8 -> سداد | E37: سداد | F37: =IF(علاء!E8="","",علاء!E8) | G37: =IF(علاء!F8="","",علاء!F8) | H37: =IF(F37="","",ROUND(F37*G37,2)) | I37: =IF(F37="","",ROUND(H37*IF(N(علاء!G8)>1,علاء!G8-1,0),2)) | J37: =N(علاء!H8) -> 0 | K37: =N(علاء!I8) -> 360
A38: علاء | B38: =علاء!C9 -> 46311 | C38: =علاء!D9 -> تفاح سلة | D38: تفاح سلة | E38: بضاعة | F38: =IF(علاء!E9="","",علاء!E9) -> 10 | G38: =IF(علاء!F9="","",علاء!F9) -> 59 | H38: =IF(F38="","",ROUND(F38*G38,2)) -> 590 | I38: =IF(F38="","",ROUND(H38*IF(N(علاء!G9)>1,علاء!G9-1,0),2)) -> 0 | J38: =N(علاء!H9) -> 590 | K38: =N(علاء!I9) -> 0
A39: علاء | B39: =علاء!C10 -> 46313 | C39: =علاء!D10 -> سداد | E39: سداد | F39: =IF(علاء!E10="","",علاء!E10) | G39: =IF(علاء!F10="","",علاء!F10) | H39: =IF(F39="","",ROUND(F39*G39,2)) | I39: =IF(F39="","",ROUND(H39*IF(N(علاء!G10)>1,علاء!G10-1,0),2)) | J39: =N(علاء!H10) -> 0 | K39: =N(علاء!I10) -> 590
A40: علاء | B40: =علاء!C11 -> 46315 | C40: =علاء!D11 -> رمان وسط | D40: رمان وسط | E40: بضاعة | F40: =IF(علاء!E11="","",علاء!E11) -> 40 | G40: =IF(علاء!F11="","",علاء!F11) -> 19 | H40: =IF(F40="","",ROUND(F40*G40,2)) -> 760 | I40: =IF(F40="","",ROUND(H40*IF(N(علاء!G11)>1,علاء!G11-1,0),2)) -> 0 | J40: =N(علاء!H11) -> 760 | K40: =N(علاء!I11) -> 0
A41: علاء | B41: =علاء!C12 -> 46316 | C41: =علاء!D12 -> رمان وسط | D41: رمان وسط | E41: بضاعة | F41: =IF(علاء!E12="","",علاء!E12) -> 35 | G41: =IF(علاء!F12="","",علاء!F12) -> 19 | H41: =IF(F41="","",ROUND(F41*G41,2)) -> 665 | I41: =IF(F41="","",ROUND(H41*IF(N(علاء!G12)>1,علاء!G12-1,0),2)) -> 0 | J41: =N(علاء!H12) -> 665 | K41: =N(علاء!I12) -> 0
A42: علاء | B42: =علاء!C13 -> 46316 | C42: =علاء!D13 -> سداد دفعه | E42: سداد | F42: =IF(علاء!E13="","",علاء!E13) | G42: =IF(علاء!F13="","",علاء!F13) | H42: =IF(F42="","",ROUND(F42*G42,2)) | I42: =IF(F42="","",ROUND(H42*IF(N(علاء!G13)>1,علاء!G13-1,0),2)) | J42: =N(علاء!H13) -> 0 | K42: =N(علاء!I13) -> 560
A43: علاء | B43: =علاء!C14 -> 46319 | C43: =علاء!D14 -> سداد دفعه | E43: سداد | F43: =IF(علاء!E14="","",علاء!E14) | G43: =IF(علاء!F14="","",علاء!F14) | H43: =IF(F43="","",ROUND(F43*G43,2)) | I43: =IF(F43="","",ROUND(H43*IF(N(علاء!G14)>1,علاء!G14-1,0),2)) | J43: =N(علاء!H14) -> 0 | K43: =N(علاء!I14) -> 300
A44: علاء | B44: =علاء!C15 -> 46320 | C44: =علاء!D15 -> سداد دفعه | E44: سداد | F44: =IF(علاء!E15="","",علاء!E15) | G44: =IF(علاء!F15="","",علاء!F15) | H44: =IF(F44="","",ROUND(F44*G44,2)) | I44: =IF(F44="","",ROUND(H44*IF(N(علاء!G15)>1,علاء!G15-1,0),2)) | J44: =N(علاء!H15) -> 0 | K44: =N(علاء!I15) -> 565
A45: علاء | B45: =علاء!C16 -> 46324 | C45: =علاء!D16 -> كيوي | D45: كيوي | E45: بضاعة | F45: =IF(علاء!E16="","",علاء!E16) -> 8 | G45: =IF(علاء!F16="","",علاء!F16) -> 42 | H45: =IF(F45="","",ROUND(F45*G45,2)) -> 336 | I45: =IF(F45="","",ROUND(H45*IF(N(علاء!G16)>1,علاء!G16-1,0),2)) -> 0 | J45: =N(علاء!H16) -> 336 | K45: =N(علاء!I16) -> 0
A46: علاء | B46: =علاء!C17 -> 46325 | C46: =علاء!D17 -> تفاح سلة | D46: تفاح سلة | E46: بضاعة | F46: =IF(علاء!E17="","",علاء!E17) -> 14 | G46: =IF(علاء!F17="","",علاء!F17) -> 55 | H46: =IF(F46="","",ROUND(F46*G46,2)) -> 770 | I46: =IF(F46="","",ROUND(H46*IF(N(علاء!G17)>1,علاء!G17-1,0),2)) -> 0 | J46: =N(علاء!H17) -> 770 | K46: =N(علاء!I17) -> 0
A47: مامون بنغالي | B47: ='مامون بنغالي'!C7 -> 46317 | C47: ='مامون بنغالي'!D7 -> فراولة | D47: فراولة | E47: بضاعة | F47: =IF('مامون بنغالي'!E7="","",'مامون بنغالي'!E7) -> 20 | G47: =IF('مامون بنغالي'!F7="","",'مامون بنغالي'!F7) -> 130 | H47: =IF(F47="","",ROUND(F47*G47,2)) -> 2600 | I47: =IF(F47="","",ROUND(H47*IF(N('مامون بنغالي'!G7)>1,'مامون بنغالي'!G7-1,0),2)) -> 0 | J47: =N('مامون بنغالي'!H7) -> 2600 | K47: =N('مامون بنغالي'!I7) -> 0
A48: مامون بنغالي | B48: ='مامون بنغالي'!C8 -> 46320 | C48: ='مامون بنغالي'!D8 -> سداد | E48: سداد | F48: =IF('مامون بنغالي'!E8="","",'مامون بنغالي'!E8) | G48: =IF('مامون بنغالي'!F8="","",'مامون بنغالي'!F8) | H48: =IF(F48="","",ROUND(F48*G48,2)) | I48: =IF(F48="","",ROUND(H48*IF(N('مامون بنغالي'!G8)>1,'مامون بنغالي'!G8-1,0),2)) | J48: =N('مامون بنغالي'!H8) -> 0 | K48: =N('مامون بنغالي'!I8) -> 2600
A49: عرب بركات | B49: ='عرب بركات'!C7 -> 46317 | C49: ='عرب بركات'!D7 -> كاكا لبناني | D49: كاكا لبناني | E49: بضاعة | F49: =IF('عرب بركات'!E7="","",'عرب بركات'!E7) -> 105 | G49: =IF('عرب بركات'!F7="","",'عرب بركات'!F7) -> 17 | H49: =IF(F49="","",ROUND(F49*G49,2)) -> 1785 | I49: =IF(F49="","",ROUND(H49*IF(N('عرب بركات'!G7)>1,'عرب بركات'!G7-1,0),2)) -> 267.75 | J49: =N('عرب بركات'!H7) -> 2052.75 | K49: =N('عرب بركات'!I7) -> 0
A50: عرب بركات | B50: ='عرب بركات'!C8 -> 46321 | C50: ='عرب بركات'!D8 -> افندي | D50: افندي | E50: بضاعة | F50: =IF('عرب بركات'!E8="","",'عرب بركات'!E8) -> 49 | G50: =IF('عرب بركات'!F8="","",'عرب بركات'!F8) -> 80 | H50: =IF(F50="","",ROUND(F50*G50,2)) -> 3920 | I50: =IF(F50="","",ROUND(H50*IF(N('عرب بركات'!G8)>1,'عرب بركات'!G8-1,0),2)) -> 588 | J50: =N('عرب بركات'!H8) -> 4508 | K50: =N('عرب بركات'!I8) -> 0
A51: أبو احمد السوري | B51: ='ابو احمد السوري'!C7 -> 46298 | C51: ='ابو احمد السوري'!D7 -> بخارة تركي | D51: بخارة تركي | E51: بضاعة | F51: =IF('ابو احمد السوري'!E7="","",'ابو احمد السوري'!E7) -> 10 | G51: =IF('ابو احمد السوري'!F7="","",'ابو احمد السوري'!F7) -> 25 | H51: =IF(F51="","",ROUND(F51*G51,2)) -> 250 | I51: =IF(F51="","",ROUND(H51*IF(N('ابو احمد السوري'!G7)>1,'ابو احمد السوري'!G7-1,0),2)) -> 0 | J51: =N('ابو احمد السوري'!H7) -> 250 | K51: =N('ابو احمد السوري'!I7) -> 0
A52: أبو احمد السوري | B52: ='ابو احمد السوري'!C8 -> 46298 | C52: ='ابو احمد السوري'!D8 -> رمان مصري | D52: رمان مصري | E52: بضاعة | F52: =IF('ابو احمد السوري'!E8="","",'ابو احمد السوري'!E8) -> 5 | G52: =IF('ابو احمد السوري'!F8="","",'ابو احمد السوري'!F8) -> 12 | H52: =IF(F52="","",ROUND(F52*G52,2)) -> 60 | I52: =IF(F52="","",ROUND(H52*IF(N('ابو احمد السوري'!G8)>1,'ابو احمد السوري'!G8-1,0),2)) -> 0 | J52: =N('ابو احمد السوري'!H8) -> 60 | K52: =N('ابو احمد السوري'!I8) -> 0
A53: أبو احمد السوري | B53: ='ابو احمد السوري'!C9 -> 46305 | C53: ='ابو احمد السوري'!D9 -> بخارة صحن | D53: بخارة صحن | E53: بضاعة | F53: =IF('ابو احمد السوري'!E9="","",'ابو احمد السوري'!E9) -> 16 | G53: =IF('ابو احمد السوري'!F9="","",'ابو احمد السوري'!F9) -> 10 | H53: =IF(F53="","",ROUND(F53*G53,2)) -> 160 | I53: =IF(F53="","",ROUND(H53*IF(N('ابو احمد السوري'!G9)>1,'ابو احمد السوري'!G9-1,0),2)) -> 0 | J53: =N('ابو احمد السوري'!H9) -> 160 | K53: =N('ابو احمد السوري'!I9) -> 0
A54: أبو احمد السوري | B54: ='ابو احمد السوري'!C10 -> 46305 | C54: ='ابو احمد السوري'!D10 -> عنب مشكل | D54: عنب مشكل | E54: بضاعة | F54: =IF('ابو احمد السوري'!E10="","",'ابو احمد السوري'!E10) -> 16 | G54: =IF('ابو احمد السوري'!F10="","",'ابو احمد السوري'!F10) -> 11 | H54: =IF(F54="","",ROUND(F54*G54,2)) -> 176 | I54: =IF(F54="","",ROUND(H54*IF(N('ابو احمد السوري'!G10)>1,'ابو احمد السوري'!G10-1,0),2)) -> 0 | J54: =N('ابو احمد السوري'!H10) -> 176 | K54: =N('ابو احمد السوري'!I10) -> 0
A55: أبو احمد السوري | B55: ='ابو احمد السوري'!C11 -> 46305 | C55: ='ابو احمد السوري'!D11 -> كمثري عكاظ | D55: كمثري عكاظ | E55: بضاعة | F55: =IF('ابو احمد السوري'!E11="","",'ابو احمد السوري'!E11) -> 16 | G55: =IF('ابو احمد السوري'!F11="","",'ابو احمد السوري'!F11) -> 7.5 | H55: =IF(F55="","",ROUND(F55*G55,2)) -> 120 | I55: =IF(F55="","",ROUND(H55*IF(N('ابو احمد السوري'!G11)>1,'ابو احمد السوري'!G11-1,0),2)) -> 0 | J55: =N('ابو احمد السوري'!H11) -> 120 | K55: =N('ابو احمد السوري'!I11) -> 0
A56: أبو احمد السوري | B56: ='ابو احمد السوري'!C12 -> 46305 | C56: ='ابو احمد السوري'!D12 -> رمان وسط | D56: رمان وسط | E56: بضاعة | F56: =IF('ابو احمد السوري'!E12="","",'ابو احمد السوري'!E12) -> 5 | G56: =IF('ابو احمد السوري'!F12="","",'ابو احمد السوري'!F12) -> 19 | H56: =IF(F56="","",ROUND(F56*G56,2)) -> 95 | I56: =IF(F56="","",ROUND(H56*IF(N('ابو احمد السوري'!G12)>1,'ابو احمد السوري'!G12-1,0),2)) -> 0 | J56: =N('ابو احمد السوري'!H12) -> 95 | K56: =N('ابو احمد السوري'!I12) -> 0
A57: أبو احمد السوري | B57: ='ابو احمد السوري'!C13 -> 46305 | C57: ='ابو احمد السوري'!D13 -> فراولة | D57: فراولة | E57: بضاعة | F57: =IF('ابو احمد السوري'!E13="","",'ابو احمد السوري'!E13) -> 1 | G57: =IF('ابو احمد السوري'!F13="","",'ابو احمد السوري'!F13) -> 120 | H57: =IF(F57="","",ROUND(F57*G57,2)) -> 120 | I57: =IF(F57="","",ROUND(H57*IF(N('ابو احمد السوري'!G13)>1,'ابو احمد السوري'!G13-1,0),2)) -> 0 | J57: =N('ابو احمد السوري'!H13) -> 120 | K57: =N('ابو احمد السوري'!I13) -> 0
A58: أبو احمد السوري | B58: ='ابو احمد السوري'!C14 -> 46305 | C58: ='ابو احمد السوري'!D14 -> سداد دفعه | E58: سداد | F58: =IF('ابو احمد السوري'!E14="","",'ابو احمد السوري'!E14) | G58: =IF('ابو احمد السوري'!F14="","",'ابو احمد السوري'!F14) | H58: =IF(F58="","",ROUND(F58*G58,2)) | I58: =IF(F58="","",ROUND(H58*IF(N('ابو احمد السوري'!G14)>1,'ابو احمد السوري'!G14-1,0),2)) | J58: =N('ابو احمد السوري'!H14) -> 0 | K58: =N('ابو احمد السوري'!I14) -> 310
A59: أبو احمد السوري | B59: ='ابو احمد السوري'!C15 -> 46312 | C59: ='ابو احمد السوري'!D15 -> رمان مصري | D59: رمان مصري | E59: بضاعة | F59: =IF('ابو احمد السوري'!E15="","",'ابو احمد السوري'!E15) -> 10 | G59: =IF('ابو احمد السوري'!F15="","",'ابو احمد السوري'!F15) -> 14 | H59: =IF(F59="","",ROUND(F59*G59,2)) -> 140 | I59: =IF(F59="","",ROUND(H59*IF(N('ابو احمد السوري'!G15)>1,'ابو احمد السوري'!G15-1,0),2)) -> 0 | J59: =N('ابو احمد السوري'!H15) -> 140 | K59: =N('ابو احمد السوري'!I15) -> 0
A60: أبو احمد السوري | B60: ='ابو احمد السوري'!C16 -> 46312 | C60: ='ابو احمد السوري'!D16 -> تفاح سوري | D60: تفاح سوري | E60: بضاعة | F60: =IF('ابو احمد السوري'!E16="","",'ابو احمد السوري'!E16) -> 10 | G60: =IF('ابو احمد السوري'!F16="","",'ابو احمد السوري'!F16) -> 10 | H60: =IF(F60="","",ROUND(F60*G60,2)) -> 100 | I60: =IF(F60="","",ROUND(H60*IF(N('ابو احمد السوري'!G16)>1,'ابو احمد السوري'!G16-1,0),2)) -> 0 | J60: =N('ابو احمد السوري'!H16) -> 100 | K60: =N('ابو احمد السوري'!I16) -> 0
A61: أبو احمد السوري | B61: ='ابو احمد السوري'!C17 -> 46312 | C61: ='ابو احمد السوري'!D17 -> بطاطا | D61: بطاطا | E61: بضاعة | F61: =IF('ابو احمد السوري'!E17="","",'ابو احمد السوري'!E17) -> 5 | G61: =IF('ابو احمد السوري'!F17="","",'ابو احمد السوري'!F17) -> 10 | H61: =IF(F61="","",ROUND(F61*G61,2)) -> 50 | I61: =IF(F61="","",ROUND(H61*IF(N('ابو احمد السوري'!G17)>1,'ابو احمد السوري'!G17-1,0),2)) -> 0 | J61: =N('ابو احمد السوري'!H17) -> 50 | K61: =N('ابو احمد السوري'!I17) -> 0
A62: أبو احمد السوري | B62: ='ابو احمد السوري'!C18 -> 46316 | C62: ='ابو احمد السوري'!D18 -> سداد دفعه | E62: سداد | F62: =IF('ابو احمد السوري'!E18="","",'ابو احمد السوري'!E18) | G62: =IF('ابو احمد السوري'!F18="","",'ابو احمد السوري'!F18) | H62: =IF(F62="","",ROUND(F62*G62,2)) | I62: =IF(F62="","",ROUND(H62*IF(N('ابو احمد السوري'!G18)>1,'ابو احمد السوري'!G18-1,0),2)) | J62: =N('ابو احمد السوري'!H18) -> 0 | K62: =N('ابو احمد السوري'!I18) -> 960
A63: هشام ناجي | B63: ='هشام ناجي'!C7 -> 46309 | C63: ='هشام ناجي'!D7 -> فراولة | D63: فراولة | E63: بضاعة | F63: =IF('هشام ناجي'!E7="","",'هشام ناجي'!E7) -> 25 | G63: =IF('هشام ناجي'!F7="","",'هشام ناجي'!F7) -> 123 | H63: =IF(F63="","",ROUND(F63*G63,2)) -> 3075 | I63: =IF(F63="","",ROUND(H63*IF(N('هشام ناجي'!G7)>1,'هشام ناجي'!G7-1,0),2)) -> 0 | J63: =N('هشام ناجي'!H7) -> 3075 | K63: =N('هشام ناجي'!I7) -> 0
A64: هشام ناجي | B64: ='هشام ناجي'!C8 -> 46309 | C64: ='هشام ناجي'!D8 -> سداد | E64: سداد | F64: =IF('هشام ناجي'!E8="","",'هشام ناجي'!E8) | G64: =IF('هشام ناجي'!F8="","",'هشام ناجي'!F8) | H64: =IF(F64="","",ROUND(F64*G64,2)) | I64: =IF(F64="","",ROUND(H64*IF(N('هشام ناجي'!G8)>1,'هشام ناجي'!G8-1,0),2)) | J64: =N('هشام ناجي'!H8) -> 0 | K64: =N('هشام ناجي'!I8) -> 3050
A65: هشام ناجي | B65: ='هشام ناجي'!C9 -> 46311 | C65: ='هشام ناجي'!D9 -> فراولة | D65: فراولة | E65: بضاعة | F65: =IF('هشام ناجي'!E9="","",'هشام ناجي'!E9) -> 15 | G65: =IF('هشام ناجي'!F9="","",'هشام ناجي'!F9) -> 125 | H65: =IF(F65="","",ROUND(F65*G65,2)) -> 1875 | I65: =IF(F65="","",ROUND(H65*IF(N('هشام ناجي'!G9)>1,'هشام ناجي'!G9-1,0),2)) -> 0 | J65: =N('هشام ناجي'!H9) -> 1875 | K65: =N('هشام ناجي'!I9) -> 0
A66: هشام ناجي | B66: ='هشام ناجي'!C10 -> 46311 | C66: ='هشام ناجي'!D10 -> سداد | E66: سداد | F66: =IF('هشام ناجي'!E10="","",'هشام ناجي'!E10) | G66: =IF('هشام ناجي'!F10="","",'هشام ناجي'!F10) | H66: =IF(F66="","",ROUND(F66*G66,2)) | I66: =IF(F66="","",ROUND(H66*IF(N('هشام ناجي'!G10)>1,'هشام ناجي'!G10-1,0),2)) | J66: =N('هشام ناجي'!H10) -> 0 | K66: =N('هشام ناجي'!I10) -> 1875
A67: هشام ناجي | B67: ='هشام ناجي'!C11 -> 46317 | C67: ='هشام ناجي'!D11 -> فراولة | D67: فراولة | E67: بضاعة | F67: =IF('هشام ناجي'!E11="","",'هشام ناجي'!E11) -> 14 | G67: =IF('هشام ناجي'!F11="","",'هشام ناجي'!F11) -> 128 | H67: =IF(F67="","",ROUND(F67*G67,2)) -> 1792 | I67: =IF(F67="","",ROUND(H67*IF(N('هشام ناجي'!G11)>1,'هشام ناجي'!G11-1,0),2)) -> 0 | J67: =N('هشام ناجي'!H11) -> 1792 | K67: =N('هشام ناجي'!I11) -> 0
A68: هشام ناجي | B68: ='هشام ناجي'!C12 -> 46317 | C68: ='هشام ناجي'!D12 -> سداد | E68: سداد | F68: =IF('هشام ناجي'!E12="","",'هشام ناجي'!E12) | G68: =IF('هشام ناجي'!F12="","",'هشام ناجي'!F12) | H68: =IF(F68="","",ROUND(F68*G68,2)) | I68: =IF(F68="","",ROUND(H68*IF(N('هشام ناجي'!G12)>1,'هشام ناجي'!G12-1,0),2)) | J68: =N('هشام ناجي'!H12) -> 0 | K68: =N('هشام ناجي'!I12) -> 1792
A69: هشام ناجي | B69: ='هشام ناجي'!C13 -> 46319 | C69: ='هشام ناجي'!D13 -> فراولة | D69: فراولة | E69: بضاعة | F69: =IF('هشام ناجي'!E13="","",'هشام ناجي'!E13) -> 8 | G69: =IF('هشام ناجي'!F13="","",'هشام ناجي'!F13) -> 138 | H69: =IF(F69="","",ROUND(F69*G69,2)) -> 1104 | I69: =IF(F69="","",ROUND(H69*IF(N('هشام ناجي'!G13)>1,'هشام ناجي'!G13-1,0),2)) -> 0 | J69: =N('هشام ناجي'!H13) -> 1104 | K69: =N('هشام ناجي'!I13) -> 0
A70: هشام ناجي | B70: ='هشام ناجي'!C14 -> 46319 | C70: ='هشام ناجي'!D14 -> سداد | E70: سداد | F70: =IF('هشام ناجي'!E14="","",'هشام ناجي'!E14) | G70: =IF('هشام ناجي'!F14="","",'هشام ناجي'!F14) | H70: =IF(F70="","",ROUND(F70*G70,2)) | I70: =IF(F70="","",ROUND(H70*IF(N('هشام ناجي'!G14)>1,'هشام ناجي'!G14-1,0),2)) | J70: =N('هشام ناجي'!H14) -> 0 | K70: =N('هشام ناجي'!I14) -> 1104
A71: عصام المصري | B71: ='عصام المصري'!C7 -> 46307 | C71: ='عصام المصري'!D7 -> تفاح احمر | D71: تفاح احمر | E71: بضاعة | F71: =IF('عصام المصري'!E7="","",'عصام المصري'!E7) -> 20 | G71: =IF('عصام المصري'!F7="","",'عصام المصري'!F7) -> 9.5 | H71: =IF(F71="","",ROUND(F71*G71,2)) -> 190 | I71: =IF(F71="","",ROUND(H71*IF(N('عصام المصري'!G7)>1,'عصام المصري'!G7-1,0),2)) -> 0 | J71: =N('عصام المصري'!H7) -> 190 | K71: =N('عصام المصري'!I7) -> 0
A72: عصام المصري | B72: ='عصام المصري'!C8 -> 46307 | C72: ='عصام المصري'!D8 -> تفاح ابيض | D72: تفاح ابيض | E72: بضاعة | F72: =IF('عصام المصري'!E8="","",'عصام المصري'!E8) -> 10 | G72: =IF('عصام المصري'!F8="","",'عصام المصري'!F8) -> 9.5 | H72: =IF(F72="","",ROUND(F72*G72,2)) -> 95 | I72: =IF(F72="","",ROUND(H72*IF(N('عصام المصري'!G8)>1,'عصام المصري'!G8-1,0),2)) -> 0 | J72: =N('عصام المصري'!H8) -> 95 | K72: =N('عصام المصري'!I8) -> 0
A73: عصام المصري | B73: ='عصام المصري'!C9 -> 46308 | C73: ='عصام المصري'!D9 -> تفاح احمر | D73: تفاح احمر | E73: بضاعة | F73: =IF('عصام المصري'!E9="","",'عصام المصري'!E9) -> 15 | G73: =IF('عصام المصري'!F9="","",'عصام المصري'!F9) -> 8 | H73: =IF(F73="","",ROUND(F73*G73,2)) -> 120 | I73: =IF(F73="","",ROUND(H73*IF(N('عصام المصري'!G9)>1,'عصام المصري'!G9-1,0),2)) -> 18 | J73: =N('عصام المصري'!H9) -> 138 | K73: =N('عصام المصري'!I9) -> 0
A74: عصام المصري | B74: ='عصام المصري'!C10 -> 46309 | C74: ='عصام المصري'!D10 -> تفاح احمر | D74: تفاح احمر | E74: بضاعة | F74: =IF('عصام المصري'!E10="","",'عصام المصري'!E10) -> 20 | G74: =IF('عصام المصري'!F10="","",'عصام المصري'!F10) -> 8 | H74: =IF(F74="","",ROUND(F74*G74,2)) -> 160 | I74: =IF(F74="","",ROUND(H74*IF(N('عصام المصري'!G10)>1,'عصام المصري'!G10-1,0),2)) -> 24 | J74: =N('عصام المصري'!H10) -> 184 | K74: =N('عصام المصري'!I10) -> 0
A75: عصام المصري | B75: ='عصام المصري'!C11 -> 46309 | C75: ='عصام المصري'!D11 -> تفاح اخضر | D75: تفاح اخضر | E75: بضاعة | F75: =IF('عصام المصري'!E11="","",'عصام المصري'!E11) -> 10 | G75: =IF('عصام المصري'!F11="","",'عصام المصري'!F11) -> 8 | H75: =IF(F75="","",ROUND(F75*G75,2)) -> 80 | I75: =IF(F75="","",ROUND(H75*IF(N('عصام المصري'!G11)>1,'عصام المصري'!G11-1,0),2)) -> 12 | J75: =N('عصام المصري'!H11) -> 92 | K75: =N('عصام المصري'!I11) -> 0
A76: عصام المصري | B76: ='عصام المصري'!C12 -> 46311 | C76: ='عصام المصري'!D12 -> سداد نقدي و تم خصم 10 ريال | E76: خصم | F76: =IF('عصام المصري'!E12="","",'عصام المصري'!E12) | G76: =IF('عصام المصري'!F12="","",'عصام المصري'!F12) | H76: =IF(F76="","",ROUND(F76*G76,2)) | I76: =IF(F76="","",ROUND(H76*IF(N('عصام المصري'!G12)>1,'عصام المصري'!G12-1,0),2)) | J76: =N('عصام المصري'!H12) -> 0 | K76: =N('عصام المصري'!I12) -> 690
A77: عصام المصري | B77: ='عصام المصري'!C13 -> 46325 | C77: ='عصام المصري'!D13 -> تفاح سلة | D77: تفاح سلة | E77: بضاعة | F77: =IF('عصام المصري'!E13="","",'عصام المصري'!E13) -> 20 | G77: =IF('عصام المصري'!F13="","",'عصام المصري'!F13) -> 52 | H77: =IF(F77="","",ROUND(F77*G77,2)) -> 1040 | I77: =IF(F77="","",ROUND(H77*IF(N('عصام المصري'!G13)>1,'عصام المصري'!G13-1,0),2)) -> 0 | J77: =N('عصام المصري'!H13) -> 1040 | K77: =N('عصام المصري'!I13) -> 0
A78: الحساني | B78: =الحساني!C7 -> 46314 | C78: =الحساني!D7 -> عنب تركي | D78: عنب تركي | E78: بضاعة | F78: =IF(الحساني!E7="","",الحساني!E7) -> 86 | G78: =IF(الحساني!F7="","",الحساني!F7) -> 67 | H78: =IF(F78="","",ROUND(F78*G78,2)) -> 5762 | I78: =IF(F78="","",ROUND(H78*IF(N(الحساني!G7)>1,الحساني!G7-1,0),2)) -> 864.3 | J78: =N(الحساني!H7) -> 6626.3 | K78: =N(الحساني!I7) -> 0
A79: الحساني | B79: =الحساني!C8 -> 46315 | C79: =الحساني!D8 -> حوالة ل جبار البيشي | E79: حوالة | F79: =IF(الحساني!E8="","",الحساني!E8) | G79: =IF(الحساني!F8="","",الحساني!F8) | H79: =IF(F79="","",ROUND(F79*G79,2)) | I79: =IF(F79="","",ROUND(H79*IF(N(الحساني!G8)>1,الحساني!G8-1,0),2)) | J79: =N(الحساني!H8) -> 0 | K79: =N(الحساني!I8) -> 6626.3
A80: سليم يمني | B80: ='سليم يمني'!C7 -> 46315 | C80: ='سليم يمني'!D7 -> عنب لبناني | D80: عنب لبناني | E80: بضاعة | F80: =IF('سليم يمني'!E7="","",'سليم يمني'!E7) -> 12 | G80: =IF('سليم يمني'!F7="","",'سليم يمني'!F7) -> 25 | H80: =IF(F80="","",ROUND(F80*G80,2)) -> 300 | I80: =IF(F80="","",ROUND(H80*IF(N('سليم يمني'!G7)>1,'سليم يمني'!G7-1,0),2)) -> 0 | J80: =N('سليم يمني'!H7) -> 300 | K80: =N('سليم يمني'!I7) -> 0
A81: سليم يمني | B81: ='سليم يمني'!C8 -> 46322 | C81: ='سليم يمني'!D8 -> سداد | E81: سداد | F81: =IF('سليم يمني'!E8="","",'سليم يمني'!E8) | G81: =IF('سليم يمني'!F8="","",'سليم يمني'!F8) | H81: =IF(F81="","",ROUND(F81*G81,2)) | I81: =IF(F81="","",ROUND(H81*IF(N('سليم يمني'!G8)>1,'سليم يمني'!G8-1,0),2)) | J81: =N('سليم يمني'!H8) -> 0 | K81: =N('سليم يمني'!I8) -> 300
A82: ناصر اكرم | B82: ='ناصر اكرم'!C7 -> 46314 | C82: ='ناصر اكرم'!D7 -> كاكا | D82: كاكا لبناني | E82: بضاعة | F82: =IF('ناصر اكرم'!E7="","",'ناصر اكرم'!E7) -> 20 | G82: =IF('ناصر اكرم'!F7="","",'ناصر اكرم'!F7) -> 20 | H82: =IF(F82="","",ROUND(F82*G82,2)) -> 400 | I82: =IF(F82="","",ROUND(H82*IF(N('ناصر اكرم'!G7)>1,'ناصر اكرم'!G7-1,0),2)) -> 0 | J82: =N('ناصر اكرم'!H7) -> 400 | K82: =N('ناصر اكرم'!I7) -> 0
A83: ناصر اكرم | B83: ='ناصر اكرم'!C8 -> 46315 | C83: ='ناصر اكرم'!D8 -> سداد | E83: سداد | F83: =IF('ناصر اكرم'!E8="","",'ناصر اكرم'!E8) | G83: =IF('ناصر اكرم'!F8="","",'ناصر اكرم'!F8) | H83: =IF(F83="","",ROUND(F83*G83,2)) | I83: =IF(F83="","",ROUND(H83*IF(N('ناصر اكرم'!G8)>1,'ناصر اكرم'!G8-1,0),2)) | J83: =N('ناصر اكرم'!H8) -> 0 | K83: =N('ناصر اكرم'!I8) -> 400
A84: ناصر اكرم | B84: ='ناصر اكرم'!C9 -> 46316 | C84: ='ناصر اكرم'!D9 -> كاكا | D84: كاكا لبناني | E84: بضاعة | F84: =IF('ناصر اكرم'!E9="","",'ناصر اكرم'!E9) -> 30 | G84: =IF('ناصر اكرم'!F9="","",'ناصر اكرم'!F9) -> 21 | H84: =IF(F84="","",ROUND(F84*G84,2)) -> 630 | I84: =IF(F84="","",ROUND(H84*IF(N('ناصر اكرم'!G9)>1,'ناصر اكرم'!G9-1,0),2)) -> 0 | J84: =N('ناصر اكرم'!H9) -> 630 | K84: =N('ناصر اكرم'!I9) -> 0
A85: ناصر اكرم | B85: ='ناصر اكرم'!C10 -> 46318 | C85: ='ناصر اكرم'!D10 -> كاكا | D85: كاكا لبناني | E85: بضاعة | F85: =IF('ناصر اكرم'!E10="","",'ناصر اكرم'!E10) -> 28 | G85: =IF('ناصر اكرم'!F10="","",'ناصر اكرم'!F10) -> 20 | H85: =IF(F85="","",ROUND(F85*G85,2)) -> 560 | I85: =IF(F85="","",ROUND(H85*IF(N('ناصر اكرم'!G10)>1,'ناصر اكرم'!G10-1,0),2)) -> 0 | J85: =N('ناصر اكرم'!H10) -> 560 | K85: =N('ناصر اكرم'!I10) -> 0
A86: ناصر اكرم | B86: ='ناصر اكرم'!C11 -> 46321 | C86: ='ناصر اكرم'!D11 -> كاكا | D86: كاكا لبناني | E86: بضاعة | F86: =IF('ناصر اكرم'!E11="","",'ناصر اكرم'!E11) -> 24 | G86: =IF('ناصر اكرم'!F11="","",'ناصر اكرم'!F11) -> 25 | H86: =IF(F86="","",ROUND(F86*G86,2)) -> 600 | I86: =IF(F86="","",ROUND(H86*IF(N('ناصر اكرم'!G11)>1,'ناصر اكرم'!G11-1,0),2)) -> 0 | J86: =N('ناصر اكرم'!H11) -> 600 | K86: =N('ناصر اكرم'!I11) -> 0
A87: ناصر اكرم | B87: ='ناصر اكرم'!C12 -> 46322 | C87: ='ناصر اكرم'!D12 -> سداد | E87: سداد | F87: =IF('ناصر اكرم'!E12="","",'ناصر اكرم'!E12) | G87: =IF('ناصر اكرم'!F12="","",'ناصر اكرم'!F12) | H87: =IF(F87="","",ROUND(F87*G87,2)) | I87: =IF(F87="","",ROUND(H87*IF(N('ناصر اكرم'!G12)>1,'ناصر اكرم'!G12-1,0),2)) | J87: =N('ناصر اكرم'!H12) -> 0 | K87: =N('ناصر اكرم'!I12) -> 1750
A88: ناصر اكرم | B88: ='ناصر اكرم'!C13 -> 46322 | C88: ='ناصر اكرم'!D13 -> خصم 40 | E88: خصم | F88: =IF('ناصر اكرم'!E13="","",'ناصر اكرم'!E13) | G88: =IF('ناصر اكرم'!F13="","",'ناصر اكرم'!F13) | H88: =IF(F88="","",ROUND(F88*G88,2)) | I88: =IF(F88="","",ROUND(H88*IF(N('ناصر اكرم'!G13)>1,'ناصر اكرم'!G13-1,0),2)) | J88: =N('ناصر اكرم'!H13) -> 0 | K88: =N('ناصر اكرم'!I13) -> 40
A89: مدحت تركي | B89: ='مدحت تركي'!C7 -> 46318 | C89: ='مدحت تركي'!D7 -> كاكا | D89: كاكا لبناني | E89: بضاعة | F89: =IF('مدحت تركي'!E7="","",'مدحت تركي'!E7) -> 70 | G89: =IF('مدحت تركي'!F7="","",'مدحت تركي'!F7) -> 20 | H89: =IF(F89="","",ROUND(F89*G89,2)) -> 1400 | I89: =IF(F89="","",ROUND(H89*IF(N('مدحت تركي'!G7)>1,'مدحت تركي'!G7-1,0),2)) -> 0 | J89: =N('مدحت تركي'!H7) -> 1400 | K89: =N('مدحت تركي'!I7) -> 0
A90: امين بنغالي | B90: ='امين بنغالي'!C7 -> 46314 | C90: ='امين بنغالي'!D7 -> كاكا لبناني | D90: كاكا لبناني | E90: بضاعة | F90: =IF('امين بنغالي'!E7="","",'امين بنغالي'!E7) -> 30 | G90: =IF('امين بنغالي'!F7="","",'امين بنغالي'!F7) -> 20 | H90: =IF(F90="","",ROUND(F90*G90,2)) -> 600 | I90: =IF(F90="","",ROUND(H90*IF(N('امين بنغالي'!G7)>1,'امين بنغالي'!G7-1,0),2)) -> 0 | J90: =N('امين بنغالي'!H7) -> 600 | K90: =N('امين بنغالي'!I7) -> 0
A91: امين بنغالي | B91: ='امين بنغالي'!C8 -> 46316 | C91: ='امين بنغالي'!D8 -> كاكا لبناني | D91: كاكا لبناني | E91: بضاعة | F91: =IF('امين بنغالي'!E8="","",'امين بنغالي'!E8) -> 27 | G91: =IF('امين بنغالي'!F8="","",'امين بنغالي'!F8) -> 20 | H91: =IF(F91="","",ROUND(F91*G91,2)) -> 540 | I91: =IF(F91="","",ROUND(H91*IF(N('امين بنغالي'!G8)>1,'امين بنغالي'!G8-1,0),2)) -> 0 | J91: =N('امين بنغالي'!H8) -> 540 | K91: =N('امين بنغالي'!I8) -> 0
A92: امين بنغالي | B92: ='امين بنغالي'!C9 -> 46316 | C92: ='امين بنغالي'!D9 -> سداد دفعه | E92: سداد | F92: =IF('امين بنغالي'!E9="","",'امين بنغالي'!E9) | G92: =IF('امين بنغالي'!F9="","",'امين بنغالي'!F9) | H92: =IF(F92="","",ROUND(F92*G92,2)) | I92: =IF(F92="","",ROUND(H92*IF(N('امين بنغالي'!G9)>1,'امين بنغالي'!G9-1,0),2)) | J92: =N('امين بنغالي'!H9) -> 0 | K92: =N('امين بنغالي'!I9) -> 600
A93: امين بنغالي | B93: ='امين بنغالي'!C10 -> 46320 | C93: ='امين بنغالي'!D10 -> سداد دفعه | E93: سداد | F93: =IF('امين بنغالي'!E10="","",'امين بنغالي'!E10) | G93: =IF('امين بنغالي'!F10="","",'امين بنغالي'!F10) | H93: =IF(F93="","",ROUND(F93*G93,2)) | I93: =IF(F93="","",ROUND(H93*IF(N('امين بنغالي'!G10)>1,'امين بنغالي'!G10-1,0),2)) | J93: =N('امين بنغالي'!H10) -> 0 | K93: =N('امين بنغالي'!I10) -> 525
A94: امين بنغالي | B94: ='امين بنغالي'!C11 -> 46320 | C94: ='امين بنغالي'!D11 -> افندي | D94: افندي | E94: بضاعة | F94: =IF('امين بنغالي'!E11="","",'امين بنغالي'!E11) -> 25 | G94: =IF('امين بنغالي'!F11="","",'امين بنغالي'!F11) -> 88 | H94: =IF(F94="","",ROUND(F94*G94,2)) -> 2200 | I94: =IF(F94="","",ROUND(H94*IF(N('امين بنغالي'!G11)>1,'امين بنغالي'!G11-1,0),2)) -> 0 | J94: =N('امين بنغالي'!H11) -> 2200 | K94: =N('امين بنغالي'!I11) -> 0
A95: امين بنغالي | B95: ='امين بنغالي'!C12 -> 46320 | C95: ='امين بنغالي'!D12 -> رمان وسط | D95: رمان وسط | E95: بضاعة | F95: =IF('امين بنغالي'!E12="","",'امين بنغالي'!E12) -> 30 | G95: =IF('امين بنغالي'!F12="","",'امين بنغالي'!F12) -> 20 | H95: =IF(F95="","",ROUND(F95*G95,2)) -> 600 | I95: =IF(F95="","",ROUND(H95*IF(N('امين بنغالي'!G12)>1,'امين بنغالي'!G12-1,0),2)) -> 0 | J95: =N('امين بنغالي'!H12) -> 600 | K95: =N('امين بنغالي'!I12) -> 0
A96: امين بنغالي | B96: ='امين بنغالي'!C13 -> 46322 | C96: ='امين بنغالي'!D13 -> سداد دفعه | E96: سداد | F96: =IF('امين بنغالي'!E13="","",'امين بنغالي'!E13) | G96: =IF('امين بنغالي'!F13="","",'امين بنغالي'!F13) | H96: =IF(F96="","",ROUND(F96*G96,2)) | I96: =IF(F96="","",ROUND(H96*IF(N('امين بنغالي'!G13)>1,'امين بنغالي'!G13-1,0),2)) | J96: =N('امين بنغالي'!H13) -> 0 | K96: =N('امين بنغالي'!I13) -> 1300
A97: امين بنغالي | B97: ='امين بنغالي'!C14 -> 46322 | C97: ='امين بنغالي'!D14 -> افندي | D97: افندي | E97: بضاعة | F97: =IF('امين بنغالي'!E14="","",'امين بنغالي'!E14) -> 30 | G97: =IF('امين بنغالي'!F14="","",'امين بنغالي'!F14) -> 88 | H97: =IF(F97="","",ROUND(F97*G97,2)) -> 2640 | I97: =IF(F97="","",ROUND(H97*IF(N('امين بنغالي'!G14)>1,'امين بنغالي'!G14-1,0),2)) -> 0 | J97: =N('امين بنغالي'!H14) -> 2640 | K97: =N('امين بنغالي'!I14) -> 0
A98: امين بنغالي | B98: ='امين بنغالي'!C15 -> 46323 | C98: ='امين بنغالي'!D15 -> سداد دفعه | E98: سداد | F98: =IF('امين بنغالي'!E15="","",'امين بنغالي'!E15) | G98: =IF('امين بنغالي'!F15="","",'امين بنغالي'!F15) | H98: =IF(F98="","",ROUND(F98*G98,2)) | I98: =IF(F98="","",ROUND(H98*IF(N('امين بنغالي'!G15)>1,'امين بنغالي'!G15-1,0),2)) | J98: =N('امين بنغالي'!H15) -> 0 | K98: =N('امين بنغالي'!I15) -> 1000
A99: امين بنغالي | B99: ='امين بنغالي'!C16 -> 46324 | C99: ='امين بنغالي'!D16 -> رمان وسط | D99: رمان وسط | E99: بضاعة | F99: =IF('امين بنغالي'!E16="","",'امين بنغالي'!E16) -> 30 | G99: =IF('امين بنغالي'!F16="","",'امين بنغالي'!F16) -> 20 | H99: =IF(F99="","",ROUND(F99*G99,2)) -> 600 | I99: =IF(F99="","",ROUND(H99*IF(N('امين بنغالي'!G16)>1,'امين بنغالي'!G16-1,0),2)) -> 0 | J99: =N('امين بنغالي'!H16) -> 600 | K99: =N('امين بنغالي'!I16) -> 0
A100: امين بنغالي | B100: ='امين بنغالي'!C17 -> 46325 | C100: ='امين بنغالي'!D17 -> سداد دفعه | E100: سداد | F100: =IF('امين بنغالي'!E17="","",'امين بنغالي'!E17) | G100: =IF('امين بنغالي'!F17="","",'امين بنغالي'!F17) | H100: =IF(F100="","",ROUND(F100*G100,2)) | I100: =IF(F100="","",ROUND(H100*IF(N('امين بنغالي'!G17)>1,'امين بنغالي'!G17-1,0),2)) | J100: =N('امين بنغالي'!H17) -> 0 | K100: =N('امين بنغالي'!I17) -> 2000
...

Sheet تحليل الأصناف
A1: تحليل المبيعات حسب الصنف
A2: يشمل حركات البضاعة في الاتجاه الطبيعي فقط (نوع الحركة = بضاعة) من سجل الحركات. الأسماء موحّدة (مثال: نكترين/نكتارين).
A3: # | B3: الصنف | C3: الكمية (صندوق) | D3: عدد الحركات | E3: القيمة قبل الضريبة | F3: الضريبة | G3: الإجمالي | H3: متوسط السعر | I3: أقل سعر | J3: أعلى سعر | K3: % من الإجمالي
A4: 1 | B4: فراولة | C4: =SUMIFS('سجل الحركات'!$F$4:$F$323,'سجل الحركات'!$D$4:$D$323,B4,'سجل الحركات'!$E$4:$E$323,"بضاعة") -> 559 | D4: =COUNTIFS('سجل الحركات'!$D$4:$D$323,B4,'سجل الحركات'!$E$4:$E$323,"بضاعة") -> 36 | E4: =SUMIFS('سجل الحركات'!$H$4:$H$323,'سجل الحركات'!$D$4:$D$323,B4,'سجل الحركات'!$E$4:$E$323,"بضاعة") -> 68383.3 | F4: =SUMIFS('سجل الحركات'!$I$4:$I$323,'سجل الحركات'!$D$4:$D$323,B4,'سجل الحركات'!$E$4:$E$323,"بضاعة") -> 2111.6 | G4: =E4+F4 -> 70494.9 | H4: =IF(C4=0,"",E4/C4) -> 122.33148 | I4: =_xlfn.MINIFS('سجل الحركات'!$G$4:$G$323,'سجل الحركات'!$D$4:$D$323,B4,'سجل الحركات'!$E$4:$E$323,"بضاعة") -> 98 | J4: =_xlfn.MAXIFS('سجل الحركات'!$G$4:$G$323,'سجل الحركات'!$D$4:$D$323,B4,'سجل الحركات'!$E$4:$E$323,"بضاعة") -> 140 | K4: =IF($G$40=0,"",G4/$G$40) -> 0.26529347
A5: 2 | B5: افندي | C5: =SUMIFS('سجل الحركات'!$F$4:$F$323,'سجل الحركات'!$D$4:$D$323,B5,'سجل الحركات'!$E$4:$E$323,"بضاعة") -> 409 | D5: =COUNTIFS('سجل الحركات'!$D$4:$D$323,B5,'سجل الحركات'!$E$4:$E$323,"بضاعة") -> 10 | E5: =SUMIFS('سجل الحركات'!$H$4:$H$323,'سجل الحركات'!$D$4:$D$323,B5,'سجل الحركات'!$E$4:$E$323,"بضاعة") -> 28081 | F5: =SUMIFS('سجل الحركات'!$I$4:$I$323,'سجل الحركات'!$D$4:$D$323,B5,'سجل الحركات'!$E$4:$E$323,"بضاعة") -> 1894.5 | G5: =E5+F5 -> 29975.5 | H5: =IF(C5=0,"",E5/C5) -> 68.657702 | I5: =_xlfn.MINIFS('سجل الحركات'!$G$4:$G$323,'سجل الحركات'!$D$4:$D$323,B5,'سجل الحركات'!$E$4:$E$323,"بضاعة") -> 45 | J5: =_xlfn.MAXIFS('سجل الحركات'!$G$4:$G$323,'سجل الحركات'!$D$4:$D$323,B5,'سجل الحركات'!$E$4:$E$323,"بضاعة") -> 90 | K5: =IF($G$40=0,"",G5/$G$40) -> 0.1128068
A6: 3 | B6: عنب تركي | C6: =SUMIFS('سجل الحركات'!$F$4:$F$323,'سجل الحركات'!$D$4:$D$323,B6,'سجل الحركات'!$E$4:$E$323,"بضاعة") -> 334 | D6: =COUNTIFS('سجل الحركات'!$D$4:$D$323,B6,'سجل الحركات'!$E$4:$E$323,"بضاعة") -> 11 | E6: =SUMIFS('سجل الحركات'!$H$4:$H$323,'سجل الحركات'!$D$4:$D$323,B6,'سجل الحركات'!$E$4:$E$323,"بضاعة") -> 21068 | F6: =SUMIFS('سجل الحركات'!$I$4:$I$323,'سجل الحركات'!$D$4:$D$323,B6,'سجل الحركات'!$E$4:$E$323,"بضاعة") -> 2976.6 | G6: =E6+F6 -> 24044.6 | H6: =IF(C6=0,"",E6/C6) -> 63.077844 | I6: =_xlfn.MINIFS('سجل الحركات'!$G$4:$G$323,'سجل الحركات'!$D$4:$D$323,B6,'سجل الحركات'!$E$4:$E$323,"بضاعة") -> 53 | J6: =_xlfn.MAXIFS('سجل الحركات'!$G$4:$G$323,'سجل الحركات'!$D$4:$D$323,B6,'سجل الحركات'!$E$4:$E$323,"بضاعة") -> 78 | K6: =IF($G$40=0,"",G6/$G$40) -> 0.090487047
A7: 4 | B7: كيوي | C7: =SUMIFS('سجل الحركات'!$F$4:$F$323,'سجل الحركات'!$D$4:$D$323,B7,'سجل الحركات'!$E$4:$E$323,"بضاعة") -> 534 | D7: =COUNTIFS('سجل الحركات'!$D$4:$D$323,B7,'سجل الحركات'!$E$4:$E$323,"بضاعة") -> 14 | E7: =SUMIFS('سجل الحركات'!$H$4:$H$323,'سجل الحركات'!$D$4:$D$323,B7,'سجل الحركات'!$E$4:$E$323,"بضاعة") -> 18661 | F7: =SUMIFS('سجل الحركات'!$I$4:$I$323,'سجل الحركات'!$D$4:$D$323,B7,'سجل الحركات'!$E$4:$E$323,"بضاعة") -> 2716.8 | G7: =E7+F7 -> 21377.8 | H7: =IF(C7=0,"",E7/C7) -> 34.945693 | I7: =_xlfn.MINIFS('سجل الحركات'!$G$4:$G$323,'سجل الحركات'!$D$4:$D$323,B7,'سجل الحركات'!$E$4:$E$323,"بضاعة") -> 33 | J7: =_xlfn.MAXIFS('سجل الحركات'!$G$4:$G$323,'سجل الحركات'!$D$4:$D$323,B7,'سجل الحركات'!$E$4:$E$323,"بضاعة") -> 45 | K7: =IF($G$40=0,"",G7/$G$40) -> 0.080451078
A8: 5 | B8: رمان وسط | C8: =SUMIFS('سجل الحركات'!$F$4:$F$323,'سجل الحركات'!$D$4:$D$323,B8,'سجل الحركات'!$E$4:$E$323,"بضاعة") -> 1019 | D8: =COUNTIFS('سجل الحركات'!$D$4:$D$323,B8,'سجل الحركات'!$E$4:$E$323,"بضاعة") -> 20 | E8: =SUMIFS('سجل الحركات'!$H$4:$H$323,'سجل الحركات'!$D$4:$D$323,B8,'سجل الحركات'!$E$4:$E$323,"بضاعة") -> 17360 | F8: =SUMIFS('سجل الحركات'!$I$4:$I$323,'سجل الحركات'!$D$4:$D$323,B8,'سجل الحركات'!$E$4:$E$323,"بضاعة") -> 1653.3 | G8: =E8+F8 -> 19013.3 | H8: =IF(C8=0,"",E8/C8) -> 17.03631 | I8: =_xlfn.MINIFS('سجل الحركات'!$G$4:$G$323,'سجل الحركات'!$D$4:$D$323,B8,'سجل الحركات'!$E$4:$E$323,"بضاعة") -> 16 | J8: =_xlfn.MAXIFS('سجل الحركات'!$G$4:$G$323,'سجل الحركات'!$D$4:$D$323,B8,'سجل الحركات'!$E$4:$E$323,"بضاعة") -> 20 | K8: =IF($G$40=0,"",G8/$G$40) -> 0.071552755
A9: 6 | B9: كاكا لبناني | C9: =SUMIFS('سجل الحركات'!$F$4:$F$323,'سجل الحركات'!$D$4:$D$323,B9,'سجل الحركات'!$E$4:$E$323,"بضاعة") -> 680 | D9: =COUNTIFS('سجل الحركات'!$D$4:$D$323,B9,'سجل الحركات'!$E$4:$E$323,"بضاعة") -> 10 | E9: =SUMIFS('سجل الحركات'!$H$4:$H$323,'سجل الحركات'!$D$4:$D$323,B9,'سجل الحركات'!$E$4:$E$323,"بضاعة") -> 13562 | F9: =SUMIFS('سجل الحركات'!$I$4:$I$323,'سجل الحركات'!$D$4:$D$323,B9,'سجل الحركات'!$E$4:$E$323,"بضاعة") -> 267.75 | G9: =E9+F9 -> 13829.75 | H9: =IF(C9=0,"",E9/C9) -> 19.944118 | I9: =_xlfn.MINIFS('سجل الحركات'!$G$4:$G$323,'سجل الحركات'!$D$4:$D$323,B9,'سجل الحركات'!$E$4:$E$323,"بضاعة") -> 17 | J9: =_xlfn.MAXIFS('سجل الحركات'!$G$4:$G$323,'سجل الحركات'!$D$4:$D$323,B9,'سجل الحركات'!$E$4:$E$323,"بضاعة") -> 25 | K9: =IF($G$40=0,"",G9/$G$40) -> 0.0520455
A10: 7 | B10: برتقال عصير | C10: =SUMIFS('سجل الحركات'!$F$4:$F$323,'سجل الحركات'!$D$4:$D$323,B10,'سجل الحركات'!$E$4:$E$323,"بضاعة") -> 159 | D10: =COUNTIFS('سجل الحركات'!$D$4:$D$323,B10,'سجل الحركات'!$E$4:$E$323,"بضاعة") -> 2 | E10: =SUMIFS('سجل الحركات'!$H$4:$H$323,'سجل الحركات'!$D$4:$D$323,B10,'سجل الحركات'!$E$4:$E$323,"بضاعة") -> 13271 | F10: =SUMIFS('سجل الحركات'!$I$4:$I$323,'سجل الحركات'!$D$4:$D$323,B10,'سجل الحركات'!$E$4:$E$323,"بضاعة") -> 1990.65 | G10: =E10+F10 -> 15261.65 | H10: =IF(C10=0,"",E10/C10) -> 83.465409 | I10: =_xlfn.MINIFS('سجل الحركات'!$G$4:$G$323,'سجل الحركات'!$D$4:$D$323,B10,'سجل الحركات'!$E$4:$E$323,"بضاعة") -> 78 | J10: =_xlfn.MAXIFS('سجل الحركات'!$G$4:$G$323,'سجل الحركات'!$D$4:$D$323,B10,'سجل الحركات'!$E$4:$E$323,"بضاعة") -> 89 | K10: =IF($G$40=0,"",G10/$G$40) -> 0.05743417
A11: 8 | B11: رمان مصري | C11: =SUMIFS('سجل الحركات'!$F$4:$F$323,'سجل الحركات'!$D$4:$D$323,B11,'سجل الحركات'!$E$4:$E$323,"بضاعة") -> 1016 | D11: =COUNTIFS('سجل الحركات'!$D$4:$D$323,B11,'سجل الحركات'!$E$4:$E$323,"بضاعة") -> 15 | E11: =SUMIFS('سجل الحركات'!$H$4:$H$323,'سجل الحركات'!$D$4:$D$323,B11,'سجل الحركات'!$E$4:$E$323,"بضاعة") -> 13101 | F11: =SUMIFS('سجل الحركات'!$I$4:$I$323,'سجل الحركات'!$D$4:$D$323,B11,'سجل الحركات'!$E$4:$E$323,"بضاعة") -> 144.86 | G11: =E11+F11 -> 13245.86 | H11: =IF(C11=0,"",E11/C11) -> 12.894685 | I11: =_xlfn.MINIFS('سجل الحركات'!$G$4:$G$323,'سجل الحركات'!$D$4:$D$323,B11,'سجل الحركات'!$E$4:$E$323,"بضاعة") -> 10.435 | J11: =_xlfn.MAXIFS('سجل الحركات'!$G$4:$G$323,'سجل الحركات'!$D$4:$D$323,B11,'سجل الحركات'!$E$4:$E$323,"بضاعة") -> 15 | K11: =IF($G$40=0,"",G11/$G$40) -> 0.049848147
A12: 9 | B12: ليمون تركي | C12: =SUMIFS('سجل الحركات'!$F$4:$F$323,'سجل الحركات'!$D$4:$D$323,B12,'سجل الحركات'!$E$4:$E$323,"بضاعة") -> 270 | D12: =COUNTIFS('سجل الحركات'!$D$4:$D$323,B12,'سجل الحركات'!$E$4:$E$323,"بضاعة") -> 3 | E12: =SUMIFS('سجل الحركات'!$H$4:$H$323,'سجل الحركات'!$D$4:$D$323,B12,'سجل الحركات'!$E$4:$E$323,"بضاعة") -> 9700 | F12: =SUMIFS('سجل الحركات'!$I$4:$I$323,'سجل الحركات'!$D$4:$D$323,B12,'سجل الحركات'!$E$4:$E$323,"بضاعة") -> 1455 | G12: =E12+F12 -> 11155 | H12: =IF(C12=0,"",E12/C12) -> 35.925926 | I12: =_xlfn.MINIFS('سجل الحركات'!$G$4:$G$323,'سجل الحركات'!$D$4:$D$323,B12,'سجل الحركات'!$E$4:$E$323,"بضاعة") -> 30 | J12: =_xlfn.MAXIFS('سجل الحركات'!$G$4:$G$323,'سجل الحركات'!$D$4:$D$323,B12,'سجل الحركات'!$E$4:$E$323,"بضاعة") -> 50 | K12: =IF($G$40=0,"",G12/$G$40) -> 0.041979613
A13: 10 | B13: كعك علبة | C13: =SUMIFS('سجل الحركات'!$F$4:$F$323,'سجل الحركات'!$D$4:$D$323,B13,'سجل الحركات'!$E$4:$E$323,"بضاعة") -> 190 | D13: =COUNTIFS('سجل الحركات'!$D$4:$D$323,B13,'سجل الحركات'!$E$4:$E$323,"بضاعة") -> 5 | E13: =SUMIFS('سجل الحركات'!$H$4:$H$323,'سجل الحركات'!$D$4:$D$323,B13,'سجل الحركات'!$E$4:$E$323,"بضاعة") -> 7210 | F13: =SUMIFS('سجل الحركات'!$I$4:$I$323,'سجل الحركات'!$D$4:$D$323,B13,'سجل الحركات'!$E$4:$E$323,"بضاعة") -> 367.5 | G13: =E13+F13 -> 7577.5 | H13: =IF(C13=0,"",E13/C13) -> 37.947368 | I13: =_xlfn.MINIFS('سجل الحركات'!$G$4:$G$323,'سجل الحركات'!$D$4:$D$323,B13,'سجل الحركات'!$E$4:$E$323,"بضاعة") -> 35 | J13: =_xlfn.MAXIFS('سجل الحركات'!$G$4:$G$323,'سجل الحركات'!$D$4:$D$323,B13,'سجل الحركات'!$E$4:$E$323,"بضاعة") -> 40 | K13: =IF($G$40=0,"",G13/$G$40) -> 0.028516407
A14: 11 | B14: بخارة تركي | C14: =SUMIFS('سجل الحركات'!$F$4:$F$323,'سجل الحركات'!$D$4:$D$323,B14,'سجل الحركات'!$E$4:$E$323,"بضاعة") -> 280 | D14: =COUNTIFS('سجل الحركات'!$D$4:$D$323,B14,'سجل الحركات'!$E$4:$E$323,"بضاعة") -> 2 | E14: =SUMIFS('سجل الحركات'!$H$4:$H$323,'سجل الحركات'!$D$4:$D$323,B14,'سجل الحركات'!$E$4:$E$323,"بضاعة") -> 5920 | F14: =SUMIFS('سجل الحركات'!$I$4:$I$323,'سجل الحركات'!$D$4:$D$323,B14,'سجل الحركات'!$E$4:$E$323,"بضاعة") -> 850.5 | G14: =E14+F14 -> 6770.5 | H14: =IF(C14=0,"",E14/C14) -> 21.142857 | I14: =_xlfn.MINIFS('سجل الحركات'!$G$4:$G$323,'سجل الحركات'!$D$4:$D$323,B14,'سجل الحركات'!$E$4:$E$323,"بضاعة") -> 21 | J14: =_xlfn.MAXIFS('سجل الحركات'!$G$4:$G$323,'سجل الحركات'!$D$4:$D$323,B14,'سجل الحركات'!$E$4:$E$323,"بضاعة") -> 25 | K14: =IF($G$40=0,"",G14/$G$40) -> 0.025479424
A15: 12 | B15: تفاح سلة | C15: =SUMIFS('سجل الحركات'!$F$4:$F$323,'سجل الحركات'!$D$4:$D$323,B15,'سجل الحركات'!$E$4:$E$323,"بضاعة") -> 83 | D15: =COUNTIFS('سجل الحركات'!$D$4:$D$323,B15,'سجل الحركات'!$E$4:$E$323,"بضاعة") -> 13 | E15: =SUMIFS('سجل الحركات'!$H$4:$H$323,'سجل الحركات'!$D$4:$D$323,B15,'سجل الحركات'!$E$4:$E$323,"بضاعة") -> 4560 | F15: =SUMIFS('سجل الحركات'!$I$4:$I$323,'سجل الحركات'!$D$4:$D$323,B15,'سجل الحركات'!$E$4:$E$323,"بضاعة") -> 0 | G15: =E15+F15 -> 4560 | H15: =IF(C15=0,"",E15/C15) -> 54.939759 | I15: =_xlfn.MINIFS('سجل الحركات'!$G$4:$G$323,'سجل الحركات'!$D$4:$D$323,B15,'سجل الحركات'!$E$4:$E$323,"بضاعة") -> 52 | J15: =_xlfn.MAXIFS('سجل الحركات'!$G$4:$G$323,'سجل الحركات'!$D$4:$D$323,B15,'سجل الحركات'!$E$4:$E$323,"بضاعة") -> 60 | K15: =IF($G$40=0,"",G15/$G$40) -> 0.017160649
... A39: 36 | B39: بطاطا | C39: =SUMIFS('سجل الحركات'!$F$4:$F$323,'سجل الحركات'!$D$4:$D$323,B39,'سجل الحركات'!$E$4:$E$323,"بضاعة") -> 5 | D39: =COUNTIFS('سجل الحركات'!$D$4:$D$323,B39,'سجل الحركات'!$E$4:$E$323,"بضاعة") -> 1 | E39: =SUMIFS('سجل الحركات'!$H$4:$H$323,'سجل الحركات'!$D$4:$D$323,B39,'سجل الحركات'!$E$4:$E$323,"بضاعة") -> 50 | F39: =SUMIFS('سجل الحركات'!$I$4:$I$323,'سجل الحركات'!$D$4:$D$323,B39,'سجل الحركات'!$E$4:$E$323,"بضاعة") -> 0 | G39: =E39+F39 -> 50 | H39: =IF(C39=0,"",E39/C39) -> 10 | I39: =_xlfn.MINIFS('سجل الحركات'!$G$4:$G$323,'سجل الحركات'!$D$4:$D$323,B39,'سجل الحركات'!$E$4:$E$323,"بضاعة") -> 10 | J39: =_xlfn.MAXIFS('سجل الحركات'!$G$4:$G$323,'سجل الحركات'!$D$4:$D$323,B39,'سجل الحركات'!$E$4:$E$323,"بضاعة") -> 10 | K39: =IF($G$40=0,"",G39/$G$40) -> 0.00018816501
B40: الإجمالي | C40: =SUM(C4:C39) -> 6795 | D40: =SUM(D4:D39) -> 194 | E40: =SUM(E4:E39) -> 246842.48 | F40: =SUM(F4:F39) -> 18881.74 | G40: =SUM(G4:G39) -> 265724.22

Sheet مطابقة المقاصات
A1: مطابقة الحوالات والمقاصات بين ملف الموردين وملف العملاء
A2: كل سداد تم بحوالة من عميل إلى مورد (أو بمقاصة) يجب أن يُسجَّل بنفس المبلغ في الحسابين. هذه الورقة قيم ثابتة لحظة التدقيق.
A3: التاريخ | B3: الملف | C3: الحساب | D3: البيان | E3: المبلغ | F3: الطرف المقابل | G3: ملف الطرف المقابل | H3: تاريخ القيد المقابل | I3: مبلغ القيد المقابل | J3: الفرق | K3: النتيجة
A4: 46303 | B4: الموردين | C4: البشري | D4: مقاصه مع رجب | E4: 2300 | F4: رجب | G4: - | K4: لا يوجد قيد مقاصة مقابل في حساب "رجب المصري" (إن كان هو المقصود)
A5: 46304 | B5: الموردين | C5: جبار البيشي | D5: مقاصه مع صادق مكه | E5: 8935.5 | F5: صادق مكه | G5: - | K5: لا يوجد حساب للطرف المقابل في الملفين
A6: 46308 | B6: الموردين | C6: جبار البيشي | D6: حوالة نقاوة بلس | E6: 5037 | F6: نقاوة بلس | G6: العملاء | H6: 46308 | I6: 3450 | J6: 1587 | K6: فرق في المبلغ
A7: 46299 | B7: الموردين | C7: جبار البيشي | D7: سداد حوالة مجني | E7: 4508 | F7: ثمار مجني | G7: العملاء | H7: 46300 | I7: 4508 | J7: 0 | K7: مطابق المبلغ — فرق تاريخ 1 يوم
A8: 46299 | B8: الموردين | C8: جبار البيشي | D8: سداد حوالة مصنع امداد | E8: 362.25 | F8: مصنع امداد | G8: العملاء | H8: 46300 | I8: 362.25 | J8: 0 | K8: مطابق المبلغ — فرق تاريخ 1 يوم
A9: 46300 | B9: الموردين | C9: جبار البيشي | D9: سداد فاتورة مصنع امداد افوكادو مقاصه | E9: 770.5 | F9: مصنع امداد | G9: العملاء | H9: 46300 | I9: 770.5 | J9: 0 | K9: مطابق
A10: 46301 | B10: الموردين | C10: جبار البيشي | D10: سداد مقاصه مع فاتورة أبو عجاج رمان | E10: 4048 | F10: أبو عجاج | G10: العملاء | H10: 46301 | I10: 4048 | J10: 0 | K10: مطابق
A11: 46301 | B11: الموردين | C11: عبر الإقليم | D11: سداد حوالة محيط دلتا | E11: 2769 | F11: محيط دلتا | G11: العملاء | H11: 46301 | I11: 2769 | J11: 0 | K11: مطابق
A12: 46306 | B12: الموردين | C12: جبار البيشي | D12: حوالة نقاوة بلس | E12: 7728 | F12: نقاوة بلس | G12: العملاء | H12: 46305 | I12: 7728 | J12: 0 | K12: مطابق المبلغ — فرق تاريخ 1 يوم
A13: 46309 | B13: الموردين | C13: عبر الإقليم | D13: سداد حوالة محيط دلتا /12871 | E13: 1400 | F13: محيط دلتا | G13: العملاء | H13: 46309 | I13: 1400 | J13: 0 | K13: مطابق
A14: 46313 | B14: الموردين | C14: جبار البيشي | D14: حوالة نقاوة بلس | E14: 2428 | F14: نقاوة بلس | G14: العملاء | H14: 46313 | I14: 2428 | J14: 0 | K14: مطابق
A15: 46315 | B15: الموردين | C15: جبار البيشي | D15: حوالة الحساني | E15: 6626.3 | F15: الحساني | G15: العملاء | H15: 46315 | I15: 6626.3 | J15: 0 | K15: مطابق
A16: 46317 | B16: الموردين | C16: جبار البيشي | D16: حوالة بنكية محمد عادل | E16: 3000 | F16: محمد عادل | G16: العملاء | H16: 46317 | I16: 3000 | J16: 0 | K16: مطابق
A17: 46320 | B17: الموردين | C17: جبار البيشي | D17: حوالة بنكية نقاوة بلس | E17: 7000 | F17: نقاوة بلس | G17: العملاء | H17: 46320 | I17: 7000 | J17: 0 | K17: مطابق
... A22: 46323 | B22: الموردين | C22: جبار البيشي | D22: حوالة بنكية نقاوة بلس | E22: 4326 | F22: نقاوة بلس | G22: العملاء | H22: 46323 | I22: 4326 | J22: 0 | K22: مطابق

Sheet ملاحظات التدقيق
A1: ملاحظات التدقيق والتصحيحات — ملف العملاء
A2: عالية = تؤثر على الرصيد وتحتاج متابعة فورية · متوسطة = خطأ تسجيل صُحح أو يحتاج تأكيد · منخفضة = تنسيق/هيكلة. عمود "القيمة الأصلية" يحفظ ما كان في الملف قبل التعديل.
B3: عالية | C3: =COUNTIF(D5:D2000,"عالية") -> 3 | D3: متوسطة | E3: =COUNTIF(D5:D2000,"متوسطة") -> 27 | F3: منخفضة | G3: =COUNTIF(D5:D2000,"منخفضة") -> 18
A4: # | B4: الحساب | C4: الخلية/الصف | D4: الخطورة | E4: التصنيف | F4: الملاحظة | G4: القيمة الأصلية | H4: الإجراء المتخذ
A5: 1 | B5: مطابقة | C5: - | D5: عالية | E5: مطابقة المقاصات | F5: جبار البيشي (الموردين) 09/10: "مقاصه مع صادق مكه" بمبلغ 8,935.50 — لا يوجد حساب للطرف المقابل في الملفين | H5: يرجى المطابقة مع الطرف وتصحيح أحد القيدين
A6: 2 | B6: مطابقة | C6: - | D6: عالية | E6: مطابقة المقاصات | F6: جبار البيشي (الموردين) 13/10: "حوالة نقاوة بلس" بمبلغ 5,037.00 — فرق في المبلغ (المسجل عند نقاوة بلس: 3,450.00، الفرق 1,587.00) | H6: يرجى المطابقة مع الطرف وتصحيح أحد القيدين
A7: 3 | B7: مطابقة | C7: - | D7: عالية | E7: مطابقة المقاصات | F7: البشري (الموردين) 08/10: "مقاصه مع رجب" بمبلغ 2,300.00 — لا يوجد قيد مقاصة مقابل في حساب "رجب المصري" (إن كان هو المقصود) | H7: يرجى المطابقة مع الطرف وتصحيح أحد القيدين
A8: 4 | B8: طيبات العصر | C8: 7 | D8: متوسطة | E8: اتجاه القيد | F8: بضاعة مسجلة في الدائن (عكس باقي الحركات) — غالباً بضاعة اشتريناها من هذا العميل أو مرتجع. أُبقيت كما هي؛ يرجى التأكيد. | G8: افوكادو 1140 | H8: بدون تغيير
A9: 5 | B9: سليم بنغالي | C9: 13 | D9: متوسطة | E9: اتجاه القيد | F9: بضاعة مسجلة في الدائن (عكس باقي الحركات) — غالباً بضاعة اشتريناها من هذا العميل أو مرتجع. أُبقيت كما هي؛ يرجى التأكيد. | G9: فراولة 1200 | H9: بدون تغيير
A10: 6 | B10: سليم بنغالي | C10: 16 | D10: متوسطة | E10: اتجاه القيد | F10: بضاعة مسجلة في الدائن (عكس باقي الحركات) — غالباً بضاعة اشتريناها من هذا العميل أو مرتجع. أُبقيت كما هي؛ يرجى التأكيد. | G10: فراولة 2340 | H10: بدون تغيير
A11: 7 | B11: سليم بنغالي | C11: 18 | D11: متوسطة | E11: اتجاه القيد | F11: سداد مسجل في المدين — يعني دفعة دفعناها لهذا العميل (مقابل بضاعة اشتريناها منه) . أُبقي كما هو؛ يرجى التأكيد. | G11: سداد دفعة 850 | H11: بدون تغيير
A12: 8 | B12: سليم بنغالي | C12: 19 | D12: متوسطة | E12: اتجاه القيد | F12: سداد مسجل في المدين — يعني دفعة دفعناها لهذا العميل (مقابل بضاعة اشتريناها منه) . أُبقي كما هو؛ يرجى التأكيد. | G12: سداد 150 | H12: بدون تغيير
A13: 9 | B13: سليم بنغالي | C13: 20 | D13: متوسطة | E13: اتجاه القيد | F13: سداد مسجل في المدين — يعني دفعة دفعناها لهذا العميل (مقابل بضاعة اشتريناها منه) . أُبقي كما هو؛ يرجى التأكيد. | G13: تم خصم من سليم 30 | H13: بدون تغيير
A14: 10 | B14: متجر منافس | C14: 17 | D14: متوسطة | E14: اتجاه القيد | F14: بضاعة مسجلة في الدائن (عكس باقي الحركات) — غالباً بضاعة اشتريناها من هذا العميل أو مرتجع. أُبقيت كما هي؛ يرجى التأكيد. | G14: اناناس خصم 375 | H14: بدون تغيير
A15: 11 | B15: متجر منافس | C15: 18 | D15: متوسطة | E15: اتجاه القيد | F15: بضاعة مسجلة في الدائن (عكس باقي الحركات) — غالباً بضاعة اشتريناها من هذا العميل أو مرتجع. أُبقيت كما هي؛ يرجى التأكيد. | G15: رمان خصم 14 | H15: بدون تغيير
A16: 12 | B16: عام | C16: - | D16: متوسطة | E16: تكرار حساب | F16: "عبدالرحمن قدري" له حساب في ملف الموردين وملف العملاء معاً — يُنصح بمتابعة صافي الرصيد بين الحسابين
A17: 13 | B17: قصي جابر | C17: C4:C6 | D17: متوسطة | E17: تواريخ | F17: 3 تاريخ مخزّن بالخطأ (Excel قلب اليوم والشهر فأصبحت التواريخ في أشهر أخرى من السنة). التصحيح تم بمطابقة اسم اليوم. أمثلة (المخزّن←الصحيح): 10/02←02/10، 10/03←03/10، 10/08←08/10 | G17: 3 خلية | H17: صُححت كلها إلى أكتوبر 2026
A18: 14 | B18: مصنع امداد | C18: C4:C7 | D18: متوسطة | E18: تواريخ | F18: 4 تاريخ مخزّن بالخطأ (Excel قلب اليوم والشهر فأصبحت التواريخ في أشهر أخرى من السنة). التصحيح تم بمطابقة اسم اليوم. أمثلة (المخزّن←الصحيح): 10/03←03/10، 10/05←05/10، 10/05←05/10، 10/05←05/10 | G18: 4 خلية | H18: صُححت كلها إلى أكتوبر 2026
A19: 15 | B19: مجني | C19: C4:C4 | D19: متوسطة | E19: تواريخ | F19: 1 تاريخ مخزّن بالخطأ (Excel قلب اليوم والشهر فأصبحت التواريخ في أشهر أخرى من السنة). التصحيح تم بمطابقة اسم اليوم. أمثلة (المخزّن←الصحيح): 10/02←02/10 | G19: 1 خلية | H19: صُححت كلها إلى أكتوبر 2026
A20: 16 | B20: ابو احمد السوري | C20: C4:C5 | D20: متوسطة | E20: تواريخ | F20: 2 تاريخ مخزّن بالخطأ (Excel قلب اليوم والشهر فأصبحت التواريخ في أشهر أخرى من السنة). التصحيح تم بمطابقة اسم اليوم. أمثلة (المخزّن←الصحيح): 10/03←03/10، 10/03←03/10 | G20: 2 خلية | H20: صُححت كلها إلى أكتوبر 2026
A21: 17 | B21: عصام المصري | C21: C4:C5 | D21: متوسطة | E21: تواريخ | F21: 2 تاريخ مخزّن بالخطأ (Excel قلب اليوم والشهر فأصبحت التواريخ في أشهر أخرى من السنة). التصحيح تم بمطابقة اسم اليوم. أمثلة (المخزّن←الصحيح): 10/12←12/10، 10/12←12/10 | G21: 2 خلية | H21: صُححت كلها إلى أكتوبر 2026
A22: 18 | B22: الكعبي كاش | C22: C4:C8 | D22: متوسطة | E22: تواريخ | F22: 5 تاريخ مخزّن بالخطأ (Excel قلب اليوم والشهر فأصبحت التواريخ في أشهر أخرى من السنة). التصحيح تم بمطابقة اسم اليوم. أمثلة (المخزّن←الصحيح): 10/03←03/10، 10/04←04/10، 10/08←08/10، 10/08←08/10… | G22: 5 خلية | H22: صُححت كلها إلى أكتوبر 2026
A23: 19 | B23: الكعبي حوالة | C23: C5:C7 | D23: متوسطة | E23: تواريخ | F23: 3 تاريخ مخزّن بالخطأ (Excel قلب اليوم والشهر فأصبحت التواريخ في أشهر أخرى من السنة). التصحيح تم بمطابقة اسم اليوم. أمثلة (المخزّن←الصحيح): 10/12←12/10، 10/12←12/10، 10/12←12/10 | G23: 3 خلية | H23: صُححت كلها إلى أكتوبر 2026
A24: 20 | B24: محمد عادل | C24: C4:C4 | D24: متوسطة | E24: تواريخ | F24: 1 تاريخ مخزّن بالخطأ (Excel قلب اليوم والشهر فأصبحت التواريخ في أشهر أخرى من السنة). التصحيح تم بمطابقة اسم اليوم. أمثلة (المخزّن←الصحيح): 10/12←12/10 | G24: 1 خلية | H24: صُححت كلها إلى أكتوبر 2026
A25: 21 | B25: سامر اليمني | C25: C5:C5 | D25: متوسطة | E25: تواريخ | F25: 1 تاريخ مخزّن بالخطأ (Excel قلب اليوم والشهر فأصبحت التواريخ في أشهر أخرى من السنة). التصحيح تم بمطابقة اسم اليوم. أمثلة (المخزّن←الصحيح): 10/11←11/10 | G25: 1 خلية | H25: صُححت كلها إلى أكتوبر 2026
A26: 22 | B26: نور بنغالي | C26: C4:C8 | D26: متوسطة | E26: تواريخ | F26: 4 تاريخ مخزّن بالخطأ (Excel قلب اليوم والشهر فأصبحت التواريخ في أشهر أخرى من السنة). التصحيح تم بمطابقة اسم اليوم. أمثلة (المخزّن←الصحيح): 10/04←04/10، 10/07←07/10، 10/08←08/10، 10/12←12/10 | G26: 4 خلية | H26: صُححت كلها إلى أكتوبر 2026
A27: 23 | B27: طيبات العصر | C27: C4:C8 | D27: متوسطة | E27: تواريخ | F27: 5 تاريخ مخزّن بالخطأ (Excel قلب اليوم والشهر فأصبحت التواريخ في أشهر أخرى من السنة). التصحيح تم بمطابقة اسم اليوم. أمثلة (المخزّن←الصحيح): 10/04←04/10، 10/06←06/10، 10/06←06/10، 10/06←06/10… | G27: 5 خلية | H27: صُححت كلها إلى أكتوبر 2026
A28: 24 | B28: محيط دلتا | C28: C4:C10 | D28: متوسطة | E28: تواريخ | F28: 7 تاريخ مخزّن بالخطأ (Excel قلب اليوم والشهر فأصبحت التواريخ في أشهر أخرى من السنة). التصحيح تم بمطابقة اسم اليوم. أمثلة (المخزّن←الصحيح): 10/02←02/10، 10/02←02/10، 10/02←02/10، 10/02←02/10… | G28: 7 خلية | H28: صُححت كلها إلى أكتوبر 2026
... A33: 29 | B33: بلال بنغالي | C33: C4:C6 | D33: متوسطة | E33: تواريخ | F33: 3 تاريخ مخزّن بالخطأ (Excel قلب اليوم والشهر فأصبحت التواريخ في أشهر أخرى من السنة). التصحيح تم بمطابقة اسم اليوم. أمثلة (المخزّن←الصحيح): 10/08←08/10، 10/09←09/10، 10/12←12/10 | G33: 3 خلية | H33: صُححت كلها إلى أكتوبر 2026
A34: 30 | B34: محسن | C34: - | D34: متوسطة | E34: هيكلة | F34: الورقة بلا عنوان "كشف حساب" والجدول مُزاح صفاً للأعلى (يختلف عن باقي الكشوف) | H34: أُعيد بناؤها بالقالب الموحد
A35: 31 | B35: مجني | C35: B2 | D35: منخفضة | E35: تسمية | F35: اسم الورقة يختلف عن اسم الحساب في العنوان "ثمار مجني" | H35: اعتُمد اسم العنوان في الكشف
A36: 32 | B36: الكعبي حوالة | C36: C4 | D36: منخفضة | E36: تواريخ | F36: صيغة تاريخ غير سليمة "12//10/2026" | G36: 12//10/2026 | H36: صُححت
A37: 33 | B37: مصنع امداد | C37: 9 | D37: منخفضة | E37: معادلات | F37: صف إجماليات يدوي خارج الجدول: [('G9', 'الإجمالي'), ('H9', '=SUM(H4:H8)'), ('I9', '=SUM(I4:I8)')] | H37: استُبدل بلوحة ملخص أعلى الكشف تغطي كل الحركات
A38: 34 | B38: مصنع امداد | C38: 10 | D38: منخفضة | E38: معادلات | F38: صف إجماليات يدوي خارج الجدول: [('G10', 'الباقي'), ('H10', '=H9-I9')] | H38: استُبدل بلوحة ملخص أعلى الكشف تغطي كل الحركات
A39: 35 | B39: امين بنغالي | C39: 16 | D39: منخفضة | E39: معادلات | F39: صف إجماليات يدوي خارج الجدول: [('G16', 'الإجمالي'), ('H16', '=SUM(H4:H15)'), ('I16', '=SUM(I4:I15)')] | H39: استُبدل بلوحة ملخص أعلى الكشف تغطي كل الحركات
A40: 36 | B40: امين بنغالي | C40: 17 | D40: منخفضة | E40: معادلات | F40: صف إجماليات يدوي خارج الجدول: [('G17', 'الباقي'), ('H17', '=H16-I16')] | H40: استُبدل بلوحة ملخص أعلى الكشف تغطي كل الحركات
A41: 37 | B41: امجد | C41: H5 | D41: منخفضة | E41: معادلات | F41: مبلغ مكتوب يدوياً بدل المعادلة | G41: 55 | H41: استُبدل بمعادلة
A42: 38 | B42: الكعبي كاش | C42: 17 | D42: منخفضة | E42: معادلات | F42: صف إجماليات يدوي خارج الجدول: [('G17', 'الإجمالي '), ('H17', '=SUM(H11:H13)')] | H42: استُبدل بلوحة ملخص أعلى الكشف تغطي كل الحركات
A43: 39 | B43: الكعبي حوالة | C43: H4 | D43: منخفضة | E43: معادلات | F43: مبلغ مكتوب يدوياً بدل المعادلة | G43: 1207.5 | H43: استُبدل بمعادلة
A44: 40 | B44: التخصص الذهبي | C44: H10:H47 | D44: منخفضة | E44: معادلات | F44: 28 معادلة تضرب في 1.15 ثابتة بدل خانة الضريبة — تغيير خانة الضريبة لا يؤثر على المبلغ | G44: E×F×1.15 | H44: وُحدت إلى: العدد×السعر×(الضريبة إن وجدت)
A45: 41 | B45: متجر منافس | C45: I18 | D45: منخفضة | E45: معادلات | F45: مبلغ مكتوب يدوياً بدل المعادلة | G45: 14 | H45: استُبدل بمعادلة
A46: 42 | B46: نقاوة بلس | C46: H7:H15 | D46: منخفضة | E46: معادلات | F46: 5 معادلة تضرب في 1.15 ثابتة بدل خانة الضريبة — تغيير خانة الضريبة لا يؤثر على المبلغ | G46: E×F×1.15 | H46: وُحدت إلى: العدد×السعر×(الضريبة إن وجدت)
A47: 43 | B47: ابو احمد السوري | C47: L11 | D47: منخفضة | E47: هيكلة | F47: ملاحظة "لنا" مكتوبة خارج الجدول | G47: لنا | H47: نُقلت لعمود الملاحظات
A48: 44 | B48: عصام المصري | C48: K8 | D48: منخفضة | E48: هيكلة | F48: ملاحظة "لنا" مكتوبة خارج الجدول | G48: لنا | H48: نُقلت لعمود الملاحظات
A49: 45 | B49: ورقة2 | C49: - | D49: منخفضة | E49: هيكلة | F49: ورقة فارغة بلا بيانات | H49: حُذفت من الملف
A50: 46 | B50: سليمان اليمني | C50: - | D50: منخفضة | E50: هيكلة | F50: اسم الورقة يحتوي مسافة زائدة في آخره | G50: سليمان اليمني | H50: تم حذف المسافة
A51: 47 | B51: ورقة5 | C51: - | D51: منخفضة | E51: هيكلة | F51: ورقة فارغة بلا بيانات | H51: حُذفت من الملف
A52: 48 | B52: ورقة1 | C52: - | D52: منخفضة | E52: هيكلة | F52: ورقة فارغة بلا بيانات | H52: حُذفت من الملف

Sheet محمد زبون
B1: كشف حساب — محمد زبون
B2: حساب عميل — المدين: مبيعات (مستحق لنا) · الدائن: تحصيلات وخصومات
B3: ملخص | D3: من تاريخ | E3: إلى تاريخ | F3: إجمالي المدين | G3: إجمالي الدائن | H3: الرصيد | I3: ضريبة القيمة المضافة | J3: آخر سداد | K3: الحالة | L3: الخانات الصفراء = إدخال يدوي · باقي الأعمدة معادلات. للإضافة: اكتب في أول صف فارغ.
D4: =IF(COUNT(C7:C1000)=0,"",MIN(C7:C1000)) -> 46311 | E4: =IF(COUNT(C7:C1000)=0,"",MAX(C7:C1000)) -> 46324 | F4: =SUM(H7:H1000) -> 498 | G4: =SUM(I7:I1000) -> 498 | H4: =ROUND(F4-G4,2) -> 0 | I4: =ROUND(SUMPRODUCT((G7:G1000>1)*E7:E1000*F7:F1000*(G7:G1000-1)),2) -> 0 | J4: =IF(COUNTIFS(I7:I1000,">0",E7:E1000,"")=0,"",_xlfn.MAXIFS(C7:C1000,I7:I1000,">0",E7:E1000,"")) -> 46324 | K4: =IF(ABS(H4)<0.01,"مسدد",IF(H4>0,"مستحق لنا","رصيد للعميل")) -> مسدد
B5: ← العودة للملخص
B6: اليوم | C6: التاريخ | D6: البيان / الصنف | E6: العدد | F6: السعر | G6: ضريبة (1.15 أو 0) | H6: مدين (لنا) | I6: دائن (محصّل) | J6: الرصيد التراكمي | K6: المرجع (سند/فاتورة) | L6: ملاحظات التدقيق
B7: =IF(C7="","",CHOOSE(WEEKDAY(C7),"الأحد","الاثنين","الثلاثاء","الأربعاء","الخميس","الجمعة","السبت")) -> الجمعة | C7: 46311 | D7: تفاح سلة | E7: 1 | F7: 60 | G7: 0 | H7: =ROUND(E7*F7*IF(G7>1,G7,1),2) -> 60 | J7: =IF(COUNTA(C7:D7)=0,"",ROUND(SUM(H$7:H7)-SUM(I$7:I7),2)) -> 60 | L7: خانة الضريبة فارغة
B8: =IF(C8="","",CHOOSE(WEEKDAY(C8),"الأحد","الاثنين","الثلاثاء","الأربعاء","الخميس","الجمعة","السبت")) -> الجمعة | C8: 46311 | D8: رمان وسط | E8: 1 | F8: 19 | G8: 0 | H8: =ROUND(E8*F8*IF(G8>1,G8,1),2) -> 19 | J8: =IF(COUNTA(C8:D8)=0,"",ROUND(SUM(H$7:H8)-SUM(I$7:I8),2)) -> 79 | L8: خانة الضريبة فارغة
B9: =IF(C9="","",CHOOSE(WEEKDAY(C9),"الأحد","الاثنين","الثلاثاء","الأربعاء","الخميس","الجمعة","السبت")) -> السبت | C9: 46312 | D9: سداد | I9: 79 | J9: =IF(COUNTA(C9:D9)=0,"",ROUND(SUM(H$7:H9)-SUM(I$7:I9),2)) -> 0
B10: =IF(C10="","",CHOOSE(WEEKDAY(C10),"الأحد","الاثنين","الثلاثاء","الأربعاء","الخميس","الجمعة","السبت")) -> السبت | C10: 46312 | D10: تفاح سلة | E10: 1 | F10: 60 | G10: 0 | H10: =ROUND(E10*F10*IF(G10>1,G10,1),2) -> 60 | J10: =IF(COUNTA(C10:D10)=0,"",ROUND(SUM(H$7:H10)-SUM(I$7:I10),2)) -> 60 | L10: خانة الضريبة فارغة
B11: =IF(C11="","",CHOOSE(WEEKDAY(C11),"الأحد","الاثنين","الثلاثاء","الأربعاء","الخميس","الجمعة","السبت")) -> السبت | C11: 46312 | D11: رمان وسط | E11: 1 | F11: 19 | G11: 0 | H11: =ROUND(E11*F11*IF(G11>1,G11,1),2) -> 19 | J11: =IF(COUNTA(C11:D11)=0,"",ROUND(SUM(H$7:H11)-SUM(I$7:I11),2)) -> 79 | L11: خانة الضريبة فارغة
B12: =IF(C12="","",CHOOSE(WEEKDAY(C12),"الأحد","الاثنين","الثلاثاء","الأربعاء","الخميس","الجمعة","السبت")) -> الأحد | C12: 46313 | D12: سداد | I12: 79 | J12: =IF(COUNTA(C12:D12)=0,"",ROUND(SUM(H$7:H12)-SUM(I$7:I12),2)) -> 0
B13: =IF(C13="","",CHOOSE(WEEKDAY(C13),"الأحد","الاثنين","الثلاثاء","الأربعاء","الخميس","الجمعة","السبت")) -> الأحد | C13: 46313 | D13: تفاح سلة | E13: 2 | F13: 60 | G13: 0 | H13: =ROUND(E13*F13*IF(G13>1,G13,1),2) -> 120 | J13: =IF(COUNTA(C13:D13)=0,"",ROUND(SUM(H$7:H13)-SUM(I$7:I13),2)) -> 120 | L13: خانة الضريبة فارغة
B14: =IF(C14="","",CHOOSE(WEEKDAY(C14),"الأحد","الاثنين","الثلاثاء","الأربعاء","الخميس","الجمعة","السبت")) -> الاثنين | C14: 46314 | D14: سداد | I14: 120 | J14: =IF(COUNTA(C14:D14)=0,"",ROUND(SUM(H$7:H14)-SUM(I$7:I14),2)) -> 0
B15: =IF(C15="","",CHOOSE(WEEKDAY(C15),"الأحد","الاثنين","الثلاثاء","الأربعاء","الخميس","الجمعة","السبت")) -> الجمعة | C15: 46318 | D15: تفاح سلة | E15: 3 | F15: 55 | G15: 0 | H15: =ROUND(E15*F15*IF(G15>1,G15,1),2) -> 165 | J15: =IF(COUNTA(C15:D15)=0,"",ROUND(SUM(H$7:H15)-SUM(I$7:I15),2)) -> 165
B16: =IF(C16="","",CHOOSE(WEEKDAY(C16),"الأحد","الاثنين","الثلاثاء","الأربعاء","الخميس","الجمعة","السبت")) -> الأحد | C16: 46320 | D16: سداد | I16: 165 | J16: =IF(COUNTA(C16:D16)=0,"",ROUND(SUM(H$7:H16)-SUM(I$7:I16),2)) -> 0
B17: =IF(C17="","",CHOOSE(WEEKDAY(C17),"الأحد","الاثنين","الثلاثاء","الأربعاء","الخميس","الجمعة","السبت")) -> الاثنين | C17: 46321 | D17: تفاح سلة | E17: 1 | F17: 55 | G17: 0 | H17: =ROUND(E17*F17*IF(G17>1,G17,1),2) -> 55 | J17: =IF(COUNTA(C17:D17)=0,"",ROUND(SUM(H$7:H17)-SUM(I$7:I17),2)) -> 55
B18: =IF(C18="","",CHOOSE(WEEKDAY(C18),"الأحد","الاثنين","الثلاثاء","الأربعاء","الخميس","الجمعة","السبت")) -> الخميس | C18: 46324 | D18: سداد | I18: 55 | J18: =IF(COUNTA(C18:D18)=0,"",ROUND(SUM(H$7:H18)-SUM(I$7:I18),2)) -> 0
B19: =IF(C19="","",CHOOSE(WEEKDAY(C19),"الأحد","الاثنين","الثلاثاء","الأربعاء","الخميس","الجمعة","السبت")) | J19: =IF(COUNTA(C19:D19)=0,"",ROUND(SUM(H$7:H19)-SUM(I$7:I19),2))
B20: =IF(C20="","",CHOOSE(WEEKDAY(C20),"الأحد","الاثنين","الثلاثاء","الأربعاء","الخميس","الجمعة","السبت")) | J20: =IF(COUNTA(C20:D20)=0,"",ROUND(SUM(H$7:H20)-SUM(I$7:I20),2))
B21: =IF(C21="","",CHOOSE(WEEKDAY(C21),"الأحد","الاثنين","الثلاثاء","الأربعاء","الخميس","الجمعة","السبت")) | J21: =IF(COUNTA(C21:D21)=0,"",ROUND(SUM(H$7:H21)-SUM(I$7:I21),2))
B22: =IF(C22="","",CHOOSE(WEEKDAY(C22),"الأحد","الاثنين","الثلاثاء","الأربعاء","الخميس","الجمعة","السبت")) | J22: =IF(COUNTA(C22:D22)=0,"",ROUND(SUM(H$7:H22)-SUM(I$7:I22),2))
B23: =IF(C23="","",CHOOSE(WEEKDAY(C23),"الأحد","الاثنين","الثلاثاء","الأربعاء","الخميس","الجمعة","السبت")) | J23: =IF(COUNTA(C23:D23)=0,"",ROUND(SUM(H$7:H23)-SUM(I$7:I23),2))
B24: =IF(C24="","",CHOOSE(WEEKDAY(C24),"الأحد","الاثنين","الثلاثاء","الأربعاء","الخميس","الجمعة","السبت")) | J24: =IF(COUNTA(C24:D24)=0,"",ROUND(SUM(H$7:H24)-SUM(I$7:I24),2))
B25: =IF(C25="","",CHOOSE(WEEKDAY(C25),"الأحد","الاثنين","الثلاثاء","الأربعاء","الخميس","الجمعة","السبت")) | J25: =IF(COUNTA(C25:D25)=0,"",ROUND(SUM(H$7:H25)-SUM(I$7:I25),2))
B26: =IF(C26="","",CHOOSE(WEEKDAY(C26),"الأحد","الاثنين","الثلاثاء","الأربعاء","الخميس","الجمعة","السبت")) | J26: =IF(COUNTA(C26:D26)=0,"",ROUND(SUM(H$7:H26)-SUM(I$7:I26),2))
B27: =IF(C27="","",CHOOSE(WEEKDAY(C27),"الأحد","الاثنين","الثلاثاء","الأربعاء","الخميس","الجمعة","السبت")) | J27: =IF(COUNTA(C27:D27)=0,"",ROUND(SUM(H$7:H27)-SUM(I$7:I27),2))
B28: =IF(C28="","",CHOOSE(WEEKDAY(C28),"الأحد","الاثنين","الثلاثاء","الأربعاء","الخميس","الجمعة","السبت")) | J28: =IF(COUNTA(C28:D28)=0,"",ROUND(SUM(H$7:H28)-SUM(I$7:I28),2))
B29: =IF(C29="","",CHOOSE(WEEKDAY(C29),"الأحد","الاثنين","الثلاثاء","الأربعاء","الخميس","الجمعة","السبت")) | J29: =IF(COUNTA(C29:D29)=0,"",ROUND(SUM(H$7:H29)-SUM(I$7:I29),2))
B30: =IF(C30="","",CHOOSE(WEEKDAY(C30),"الأحد","الاثنين","الثلاثاء","الأربعاء","الخميس","الجمعة","السبت")) | J30: =IF(COUNTA(C30:D30)=0,"",ROUND(SUM(H$7:H30)-SUM(I$7:I30),2))
... B58: =IF(C58="","",CHOOSE(WEEKDAY(C58),"الأحد","الاثنين","الثلاثاء","الأربعاء","الخميس","الجمعة","السبت")) | J58: =IF(COUNTA(C58:D58)=0,"",ROUND(SUM(H$7:H58)-SUM(I$7:I58),2))

Sheet فضل
B1: كشف حساب — فضل
B2: حساب عميل — المدين: مبيعات (مستحق لنا) · الدائن: تحصيلات وخصومات
B3: ملخص | D3: من تاريخ | E3: إلى تاريخ | F3: إجمالي المدين | G3: إجمالي الدائن | H3: الرصيد | I3: ضريبة القيمة المضافة | J3: آخر سداد | K3: الحالة | L3: الخانات الصفراء = إدخال يدوي · باقي الأعمدة معادلات. للإضافة: اكتب في أول صف فارغ.
D4: =IF(COUNT(C7:C1000)=0,"",MIN(C7:C1000)) -> 46321 | E4: =IF(COUNT(C7:C1000)=0,"",MAX(C7:C1000)) -> 46324 | F4: =SUM(H7:H1000) -> 90 | G4: =SUM(I7:I1000) -> 90 | H4: =ROUND(F4-G4,2) -> 0 | I4: =ROUND(SUMPRODUCT((G7:G1000>1)*E7:E1000*F7:F1000*(G7:G1000-1)),2) -> 0 | J4: =IF(COUNTIFS(I7:I1000,">0",E7:E1000,"")=0,"",_xlfn.MAXIFS(C7:C1000,I7:I1000,">0",E7:E1000,"")) -> 46324 | K4: =IF(ABS(H4)<0.01,"مسدد",IF(H4>0,"مستحق لنا","رصيد للعميل")) -> مسدد
B5: ← العودة للملخص
B6: اليوم | C6: التاريخ | D6: البيان / الصنف | E6: العدد | F6: السعر | G6: ضريبة (1.15 أو 0) | H6: مدين (لنا) | I6: دائن (محصّل) | J6: الرصيد التراكمي | K6: المرجع (سند/فاتورة) | L6: ملاحظات التدقيق
B7: =IF(C7="","",CHOOSE(WEEKDAY(C7),"الأحد","الاثنين","الثلاثاء","الأربعاء","الخميس","الجمعة","السبت")) -> الاثنين | C7: 46321 | D7: افندي | E7: 1 | F7: 90 | G7: 0 | H7: =ROUND(E7*F7*IF(G7>1,G7,1),2) -> 90 | J7: =IF(COUNTA(C7:D7)=0,"",ROUND(SUM(H$7:H7)-SUM(I$7:I7),2)) -> 90
B8: =IF(C8="","",CHOOSE(WEEKDAY(C8),"الأحد","الاثنين","الثلاثاء","الأربعاء","الخميس","الجمعة","السبت")) -> الخميس | C8: 46324 | D8: سداد | I8: 90 | J8: =IF(COUNTA(C8:D8)=0,"",ROUND(SUM(H$7:H8)-SUM(I$7:I8),2)) -> 0
B9: =IF(C9="","",CHOOSE(WEEKDAY(C9),"الأحد","الاثنين","الثلاثاء","الأربعاء","الخميس","الجمعة","السبت")) | J9: =IF(COUNTA(C9:D9)=0,"",ROUND(SUM(H$7:H9)-SUM(I$7:I9),2))
B10: =IF(C10="","",CHOOSE(WEEKDAY(C10),"الأحد","الاثنين","الثلاثاء","الأربعاء","الخميس","الجمعة","السبت")) | J10: =IF(COUNTA(C10:D10)=0,"",ROUND(SUM(H$7:H10)-SUM(I$7:I10),2))
B11: =IF(C11="","",CHOOSE(WEEKDAY(C11),"الأحد","الاثنين","الثلاثاء","الأربعاء","الخميس","الجمعة","السبت")) | J11: =IF(COUNTA(C11:D11)=0,"",ROUND(SUM(H$7:H11)-SUM(I$7:I11),2))
B12: =IF(C12="","",CHOOSE(WEEKDAY(C12),"الأحد","الاثنين","الثلاثاء","الأربعاء","الخميس","الجمعة","السبت")) | J12: =IF(COUNTA(C12:D12)=0,"",ROUND(SUM(H$7:H12)-SUM(I$7:I12),2))
B13: =IF(C13="","",CHOOSE(WEEKDAY(C13),"الأحد","الاثنين","الثلاثاء","الأربعاء","الخميس","الجمعة","السبت")) | J13: =IF(COUNTA(C13:D13)=0,"",ROUND(SUM(H$7:H13)-SUM(I$7:I13),2))
B14: =IF(C14="","",CHOOSE(WEEKDAY(C14),"الأحد","الاثنين","الثلاثاء","الأربعاء","الخميس","الجمعة","السبت")) | J14: =IF(COUNTA(C14:D14)=0,"",ROUND(SUM(H$7:H14)-SUM(I$7:I14),2))
B15: =IF(C15="","",CHOOSE(WEEKDAY(C15),"الأحد","الاثنين","الثلاثاء","الأربعاء","الخميس","الجمعة","السبت")) | J15: =IF(COUNTA(C15:D15)=0,"",ROUND(SUM(H$7:H15)-SUM(I$7:I15),2))
B16: =IF(C16="","",CHOOSE(WEEKDAY(C16),"الأحد","الاثنين","الثلاثاء","الأربعاء","الخميس","الجمعة","السبت")) | J16: =IF(COUNTA(C16:D16)=0,"",ROUND(SUM(H$7:H16)-SUM(I$7:I16),2))
B17: =IF(C17="","",CHOOSE(WEEKDAY(C17),"الأحد","الاثنين","الثلاثاء","الأربعاء","الخميس","الجمعة","السبت")) | J17: =IF(COUNTA(C17:D17)=0,"",ROUND(SUM(H$7:H17)-SUM(I$7:I17),2))
B18: =IF(C18="","",CHOOSE(WEEKDAY(C18),"الأحد","الاثنين","الثلاثاء","الأربعاء","الخميس","الجمعة","السبت")) | J18: =IF(COUNTA(C18:D18)=0,"",ROUND(SUM(H$7:H18)-SUM(I$7:I18),2))
B19: =IF(C19="","",CHOOSE(WEEKDAY(C19),"الأحد","الاثنين","الثلاثاء","الأربعاء","الخميس","الجمعة","السبت")) | J19: =IF(COUNTA(C19:D19)=0,"",ROUND(SUM(H$7:H19)-SUM(I$7:I19),2))
B20: =IF(C20="","",CHOOSE(WEEKDAY(C20),"الأحد","الاثنين","الثلاثاء","الأربعاء","الخميس","الجمعة","السبت")) | J20: =IF(COUNTA(C20:D20)=0,"",ROUND(SUM(H$7:H20)-SUM(I$7:I20),2))
... B48: =IF(C48="","",CHOOSE(WEEKDAY(C48),"الأحد","الاثنين","الثلاثاء","الأربعاء","الخميس","الجمعة","السبت")) | J48: =IF(COUNTA(C48:D48)=0,"",ROUND(SUM(H$7:H48)-SUM(I$7:I48),2))

Sheet قصي جابر
B1: كشف حساب — قصي جابر
B2: حساب عميل — المدين: مبيعات (مستحق لنا) · الدائن: تحصيلات وخصومات
B3: ملخص | D3: من تاريخ | E3: إلى تاريخ | F3: إجمالي المدين | G3: إجمالي الدائن | H3: الرصيد | I3: ضريبة القيمة المضافة | J3: آخر سداد | K3: الحالة | L3: الخانات الصفراء = إدخال يدوي · باقي الأعمدة معادلات. للإضافة: اكتب في أول صف فارغ.
D4: =IF(COUNT(C7:C1000)=0,"",MIN(C7:C1000)) -> 46297 | E4: =IF(COUNT(C7:C1000)=0,"",MAX(C7:C1000)) -> 46325 | F4: =SUM(H7:H1000) -> 10070 | G4: =SUM(I7:I1000) -> 5450 | H4: =ROUND(F4-G4,2) -> 4620 | I4: =ROUND(SUMPRODUCT((G7:G1000>1)*E7:E1000*F7:F1000*(G7:G1000-1)),2) -> 0 | J4: =IF(COUNTIFS(I7:I1000,">0",E7:E1000,"")=0,"",_xlfn.MAXIFS(C7:C1000,I7:I1000,">0",E7:E1000,"")) -> 46325 | K4: =IF(ABS(H4)<0.01,"مسدد",IF(H4>0,"مستحق لنا","رصيد للعميل")) -> مستحق لنا
B5: ← العودة للملخص
B6: اليوم | C6: التاريخ | D6: البيان / الصنف | E6: العدد | F6: السعر | G6: ضريبة (1.15 أو 0) | H6: مدين (لنا) | I6: دائن (محصّل) | J6: الرصيد التراكمي | K6: المرجع (سند/فاتورة) | L6: ملاحظات التدقيق
B7: =IF(C7="","",CHOOSE(WEEKDAY(C7),"الأحد","الاثنين","الثلاثاء","الأربعاء","الخميس","الجمعة","السبت")) -> الجمعة | C7: 46297 | D7: فراولة | E7: 20 | F7: 110 | G7: 0 | H7: =ROUND(E7*F7*IF(G7>1,G7,1),2) -> 2200 | J7: =IF(COUNTA(C7:D7)=0,"",ROUND(SUM(H$7:H7)-SUM(I$7:I7),2)) -> 2200
B8: =IF(C8="","",CHOOSE(WEEKDAY(C8),"الأحد","الاثنين","الثلاثاء","الأربعاء","الخميس","الجمعة","السبت")) -> السبت | C8: 46298 | D8: سداد | I8: 2200 | J8: =IF(COUNTA(C8:D8)=0,"",ROUND(SUM(H$7:H8)-SUM(I$7:I8),2)) -> 0
B9: =IF(C9="","",CHOOSE(WEEKDAY(C9),"الأحد","الاثنين","الثلاثاء","الأربعاء","الخميس","الجمعة","السبت")) -> الخميس | C9: 46303 | D9: فراولة | E9: 10 | F9: 125 | G9: 0 | H9: =ROUND(E9*F9*IF(G9>1,G9,1),2) -> 1250 | J9: =IF(COUNTA(C9:D9)=0,"",ROUND(SUM(H$7:H9)-SUM(I$7:I9),2)) -> 1250
B10: =IF(C10="","",CHOOSE(WEEKDAY(C10),"الأحد","الاثنين","الثلاثاء","الأربعاء","الخميس","الجمعة","السبت")) -> الثلاثاء | C10: 46308 | D10: سداد | I10: 1250 | J10: =IF(COUNTA(C10:D10)=0,"",ROUND(SUM(H$7:H10)-SUM(I$7:I10),2)) -> 0
B11: =IF(C11="","",CHOOSE(WEEKDAY(C11),"الأحد","الاثنين","الثلاثاء","الأربعاء","الخميس","الجمعة","السبت")) -> الخميس | C11: 46317 | D11: فراولة | E11: 20 | F11: 128 | G11: 0 | H11: =ROUND(E11*F11*IF(G11>1,G11,1),2) -> 2560 | J11: =IF(COUNTA(C11:D11)=0,"",ROUND(SUM(H$7:H11)-SUM(I$7:I11),2)) -> 2560
B12: =IF(C12="","",CHOOSE(WEEKDAY(C12),"الأحد","الاثنين","الثلاثاء","الأربعاء","الخميس","الجمعة","السبت")) -> السبت | C12: 46319 | D12: فراولة | E12: 12 | F12: 130 | G12: 0 | H12: =ROUND(E12*F12*IF(G12>1,G12,1),2) -> 1560 | J12: =IF(COUNTA(C12:D12)=0,"",ROUND(SUM(H$7:H12)-SUM(I$7:I12),2)) -> 4120
B13: =IF(C13="","",CHOOSE(WEEKDAY(C13),"الأحد","الاثنين","الثلاثاء","الأربعاء","الخميس","الجمعة","السبت")) -> الأربعاء | C13: 46323 | D13: سداد دفعه | I13: 1000 | J13: =IF(COUNTA(C13:D13)=0,"",ROUND(SUM(H$7:H13)-SUM(I$7:I13),2)) -> 3120
B14: =IF(C14="","",CHOOSE(WEEKDAY(C14),"الأحد","الاثنين","الثلاثاء","الأربعاء","الخميس","الجمعة","السبت")) -> الخميس | C14: 46324 | D14: فراولة | E14: 20 | F14: 125 | G14: 0 | H14: =ROUND(E14*F14*IF(G14>1,G14,1),2) -> 2500 | J14: =IF(COUNTA(C14:D14)=0,"",ROUND(SUM(H$7:H14)-SUM(I$7:I14),2)) -> 5620
B15: =IF(C15="","",CHOOSE(WEEKDAY(C15),"الأحد","الاثنين","الثلاثاء","الأربعاء","الخميس","الجمعة","السبت")) -> الجمعة | C15: 46325 | D15: سداد دفعه | I15: 1000 | J15: =IF(COUNTA(C15:D15)=0,"",ROUND(SUM(H$7:H15)-SUM(I$7:I15),2)) -> 4620
B16: =IF(C16="","",CHOOSE(WEEKDAY(C16),"الأحد","الاثنين","الثلاثاء","الأربعاء","الخميس","الجمعة","السبت")) | J16: =IF(COUNTA(C16:D16)=0,"",ROUND(SUM(H$7:H16)-SUM(I$7:I16),2))
B17: =IF(C17="","",CHOOSE(WEEKDAY(C17),"الأحد","الاثنين","الثلاثاء","الأربعاء","الخميس","الجمعة","السبت")) | J17: =IF(COUNTA(C17:D17)=0,"",ROUND(SUM(H$7:H17)-SUM(I$7:I17),2))
B18: =IF(C18="","",CHOOSE(WEEKDAY(C18),"الأحد","الاثنين","الثلاثاء","الأربعاء","الخميس","الجمعة","السبت")) | J18: =IF(COUNTA(C18:D18)=0,"",ROUND(SUM(H$7:H18)-SUM(I$7:I18),2))
B19: =IF(C19="","",CHOOSE(WEEKDAY(C19),"الأحد","الاثنين","الثلاثاء","الأربعاء","الخميس","الجمعة","السبت")) | J19: =IF(COUNTA(C19:D19)=0,"",ROUND(SUM(H$7:H19)-SUM(I$7:I19),2))
B20: =IF(C20="","",CHOOSE(WEEKDAY(C20),"الأحد","الاثنين","الثلاثاء","الأربعاء","الخميس","الجمعة","السبت")) | J20: =IF(COUNTA(C20:D20)=0,"",ROUND(SUM(H$7:H20)-SUM(I$7:I20),2))
B21: =IF(C21="","",CHOOSE(WEEKDAY(C21),"الأحد","الاثنين","الثلاثاء","الأربعاء","الخميس","الجمعة","السبت")) | J21: =IF(COUNTA(C21:D21)=0,"",ROUND(SUM(H$7:H21)-SUM(I$7:I21),2))
B22: =IF(C22="","",CHOOSE(WEEKDAY(C22),"الأحد","الاثنين","الثلاثاء","الأربعاء","الخميس","الجمعة","السبت")) | J22: =IF(COUNTA(C22:D22)=0,"",ROUND(SUM(H$7:H22)-SUM(I$7:I22),2))
B23: =IF(C23="","",CHOOSE(WEEKDAY(C23),"الأحد","الاثنين","الثلاثاء","الأربعاء","الخميس","الجمعة","السبت")) | J23: =IF(COUNTA(C23:D23)=0,"",ROUND(SUM(H$7:H23)-SUM(I$7:I23),2))
B24: =IF(C24="","",CHOOSE(WEEKDAY(C24),"الأحد","الاثنين","الثلاثاء","الأربعاء","الخميس","الجمعة","السبت")) | J24: =IF(COUNTA(C24:D24)=0,"",ROUND(SUM(H$7:H24)-SUM(I$7:I24),2))
B25: =IF(C25="","",CHOOSE(WEEKDAY(C25),"الأحد","الاثنين","الثلاثاء","الأربعاء","الخميس","الجمعة","السبت")) | J25: =IF(COUNTA(C25:D25)=0,"",ROUND(SUM(H$7:H25)-SUM(I$7:I25),2))
B26: =IF(C26="","",CHOOSE(WEEKDAY(C26),"الأحد","الاثنين","الثلاثاء","الأربعاء","الخميس","الجمعة","السبت")) | J26: =IF(COUNTA(C26:D26)=0,"",ROUND(SUM(H$7:H26)-SUM(I$7:I26),2))
B27: =IF(C27="","",CHOOSE(WEEKDAY(C27),"الأحد","الاثنين","الثلاثاء","الأربعاء","الخميس","الجمعة","السبت")) | J27: =IF(COUNTA(C27:D27)=0,"",ROUND(SUM(H$7:H27)-SUM(I$7:I27),2))
... B55: =IF(C55="","",CHOOSE(WEEKDAY(C55),"الأحد","الاثنين","الثلاثاء","الأربعاء","الخميس","الجمعة","السبت")) | J55: =IF(COUNTA(C55:D55)=0,"",ROUND(SUM(H$7:H55)-SUM(I$7:I55),2))

Sheet مصنع امداد
B1: كشف حساب — مصنع امداد
B2: حساب عميل — المدين: مبيعات (مستحق لنا) · الدائن: تحصيلات وخصومات
B3: ملخص | D3: من تاريخ | E3: إلى تاريخ | F3: إجمالي المدين | G3: إجمالي الدائن | H3: الرصيد | I3: ضريبة القيمة المضافة | J3: آخر سداد | K3: الحالة | L3: الخانات الصفراء = إدخال يدوي · باقي الأعمدة معادلات. للإضافة: اكتب في أول صف فارغ.
D4: =IF(COUNT(C7:C1000)=0,"",MIN(C7:C1000)) -> 46298 | E4: =IF(COUNT(C7:C1000)=0,"",MAX(C7:C1000)) -> 46320 | F4: =SUM(H7:H1000) -> 2432.75 | G4: =SUM(I7:I1000) -> 1132.75 | H4: =ROUND(F4-G4,2) -> 1300 | I4: =ROUND(SUMPRODUCT((G7:G1000>1)*E7:E1000*F7:F1000*(G7:G1000-1)),2) -> 147.75 | J4: =IF(COUNTIFS(I7:I1000,">0",E7:E1000,"")=0,"",_xlfn.MAXIFS(C7:C1000,I7:I1000,">0",E7:E1000,"")) -> 46300 | K4: =IF(ABS(H4)<0.01,"مسدد",IF(H4>0,"مستحق لنا","رصيد للعميل")) -> مستحق لنا
B5: ← العودة للملخص
B6: اليوم | C6: التاريخ | D6: البيان / الصنف | E6: العدد | F6: السعر | G6: ضريبة (1.15 أو 0) | H6: مدين (لنا) | I6: دائن (محصّل) | J6: الرصيد التراكمي | K6: المرجع (سند/فاتورة) | L6: ملاحظات التدقيق
B7: =IF(C7="","",CHOOSE(WEEKDAY(C7),"الأحد","الاثنين","الثلاثاء","الأربعاء","الخميس","الجمعة","السبت")) -> السبت | C7: 46298 | D7: بخاره تركي | E7: 15 | F7: 21 | G7: 1.15 | H7: =ROUND(E7*F7*IF(G7>1,G7,1),2) -> 362.25 | J7: =IF(COUNTA(C7:D7)=0,"",ROUND(SUM(H$7:H7)-SUM(I$7:I7),2)) -> 362.25
B8: =IF(C8="","",CHOOSE(WEEKDAY(C8),"الأحد","الاثنين","الثلاثاء","الأربعاء","الخميس","الجمعة","السبت")) -> الاثنين | C8: 46300 | D8: افوكادو | E8: 20 | F8: 33.5 | G8: 1.15 | H8: =ROUND(E8*F8*IF(G8>1,G8,1),2) -> 770.5 | J8: =IF(COUNTA(C8:D8)=0,"",ROUND(SUM(H$7:H8)-SUM(I$7:I8),2)) -> 1132.75
B9: =IF(C9="","",CHOOSE(WEEKDAY(C9),"الأحد","الاثنين","الثلاثاء","الأربعاء","الخميس","الجمعة","السبت")) -> الاثنين | C9: 46300 | D9: سداد مقاصه مع جبار البيشي | I9: 362.25 | J9: =IF(COUNTA(C9:D9)=0,"",ROUND(SUM(H$7:H9)-SUM(I$7:I9),2)) -> 770.5
B10: =IF(C10="","",CHOOSE(WEEKDAY(C10),"الأحد","الاثنين","الثلاثاء","الأربعاء","الخميس","الجمعة","السبت")) -> الاثنين | C10: 46300 | D10: سداد مقاصه مع جبار البيشي | I10: 770.5 | J10: =IF(COUNTA(C10:D10)=0,"",ROUND(SUM(H$7:H10)-SUM(I$7:I10),2)) -> 0
B11: =IF(C11="","",CHOOSE(WEEKDAY(C11),"الأحد","الاثنين","الثلاثاء","الأربعاء","الخميس","الجمعة","السبت")) -> الأحد | C11: 46320 | D11: فراولة | E11: 10 | F11: 130 | G11: 0 | H11: =ROUND(E11*F11*IF(G11>1,G11,1),2) -> 1300 | J11: =IF(COUNTA(C11:D11)=0,"",ROUND(SUM(H$7:H11)-SUM(I$7:I11),2)) -> 1300
B12: =IF(C12="","",CHOOSE(WEEKDAY(C12),"الأحد","الاثنين","الثلاثاء","الأربعاء","الخميس","الجمعة","السبت")) | J12: =IF(COUNTA(C12:D12)=0,"",ROUND(SUM(H$7:H12)-SUM(I$7:I12),2))
B13: =IF(C13="","",CHOOSE(WEEKDAY(C13),"الأحد","الاثنين","الثلاثاء","الأربعاء","الخميس","الجمعة","السبت")) | J13: =IF(COUNTA(C13:D13)=0,"",ROUND(SUM(H$7:H13)-SUM(I$7:I13),2))
B14: =IF(C14="","",CHOOSE(WEEKDAY(C14),"الأحد","الاثنين","الثلاثاء","الأربعاء","الخميس","الجمعة","السبت")) | J14: =IF(COUNTA(C14:D14)=0,"",ROUND(SUM(H$7:H14)-SUM(I$7:I14),2))
B15: =IF(C15="","",CHOOSE(WEEKDAY(C15),"الأحد","الاثنين","الثلاثاء","الأربعاء","الخميس","الجمعة","السبت")) | J15: =IF(COUNTA(C15:D15)=0,"",ROUND(SUM(H$7:H15)-SUM(I$7:I15),2))
B16: =IF(C16="","",CHOOSE(WEEKDAY(C16),"الأحد","الاثنين","الثلاثاء","الأربعاء","الخميس","الجمعة","السبت")) | J16: =IF(COUNTA(C16:D16)=0,"",ROUND(SUM(H$7:H16)-SUM(I$7:I16),2))
B17: =IF(C17="","",CHOOSE(WEEKDAY(C17),"الأحد","الاثنين","الثلاثاء","الأربعاء","الخميس","الجمعة","السبت")) | J17: =IF(COUNTA(C17:D17)=0,"",ROUND(SUM(H$7:H17)-SUM(I$7:I17),2))
B18: =IF(C18="","",CHOOSE(WEEKDAY(C18),"الأحد","الاثنين","الثلاثاء","الأربعاء","الخميس","الجمعة","السبت")) | J18: =IF(COUNTA(C18:D18)=0,"",ROUND(SUM(H$7:H18)-SUM(I$7:I18),2))
B19: =IF(C19="","",CHOOSE(WEEKDAY(C19),"الأحد","الاثنين","الثلاثاء","الأربعاء","الخميس","الجمعة","السبت")) | J19: =IF(COUNTA(C19:D19)=0,"",ROUND(SUM(H$7:H19)-SUM(I$7:I19),2))
B20: =IF(C20="","",CHOOSE(WEEKDAY(C20),"الأحد","الاثنين","الثلاثاء","الأربعاء","الخميس","الجمعة","السبت")) | J20: =IF(COUNTA(C20:D20)=0,"",ROUND(SUM(H$7:H20)-SUM(I$7:I20),2))
B21: =IF(C21="","",CHOOSE(WEEKDAY(C21),"الأحد","الاثنين","الثلاثاء","الأربعاء","الخميس","الجمعة","السبت")) | J21: =IF(COUNTA(C21:D21)=0,"",ROUND(SUM(H$7:H21)-SUM(I$7:I21),2))
B22: =IF(C22="","",CHOOSE(WEEKDAY(C22),"الأحد","الاثنين","الثلاثاء","الأربعاء","الخميس","الجمعة","السبت")) | J22: =IF(COUNTA(C22:D22)=0,"",ROUND(SUM(H$7:H22)-SUM(I$7:I22),2))
B23: =IF(C23="","",CHOOSE(WEEKDAY(C23),"الأحد","الاثنين","الثلاثاء","الأربعاء","الخميس","الجمعة","السبت")) | J23: =IF(COUNTA(C23:D23)=0,"",ROUND(SUM(H$7:H23)-SUM(I$7:I23),2))
... B51: =IF(C51="","",CHOOSE(WEEKDAY(C51),"الأحد","الاثنين","الثلاثاء","الأربعاء","الخميس","الجمعة","السبت")) | J51: =IF(COUNTA(C51:D51)=0,"",ROUND(SUM(H$7:H51)-SUM(I$7:I51),2))

Sheet هارون
B1: كشف حساب — هارون
B2: حساب عميل — المدين: مبيعات (مستحق لنا) · الدائن: تحصيلات وخصومات
B3: ملخص | D3: من تاريخ | E3: إلى تاريخ | F3: إجمالي المدين | G3: إجمالي الدائن | H3: الرصيد | I3: ضريبة القيمة المضافة | J3: آخر سداد | K3: الحالة | L3: الخانات الصفراء = إدخال يدوي · باقي الأعمدة معادلات. للإضافة: اكتب في أول صف فارغ.
D4: =IF(COUNT(C7:C1000)=0,"",MIN(C7:C1000)) -> 46320 | E4: =IF(COUNT(C7:C1000)=0,"",MAX(C7:C1000)) -> 46321 | F4: =SUM(H7:H1000) -> 5400 | G4: =SUM(I7:I1000) -> 4000 | H4: =ROUND(F4-G4,2) -> 1400 | I4: =ROUND(SUMPRODUCT((G7:G1000>1)*E7:E1000*F7:F1000*(G7:G1000-1)),2) -> 0 | J4: =IF(COUNTIFS(I7:I1000,">0",E7:E1000,"")=0,"",_xlfn.MAXIFS(C7:C1000,I7:I1000,">0",E7:E1000,"")) -> 46321 | K4: =IF(ABS(H4)<0.01,"مسدد",IF(H4>0,"مستحق لنا","رصيد للعميل")) -> مستحق لنا
B5: ← العودة للملخص
B6: اليوم | C6: التاريخ | D6: البيان / الصنف | E6: العدد | F6: السعر | G6: ضريبة (1.15 أو 0) | H6: مدين (لنا) | I6: دائن (محصّل) | J6: الرصيد التراكمي | K6: المرجع (سند/فاتورة) | L6: ملاحظات التدقيق
B7: =IF(C7="","",CHOOSE(WEEKDAY(C7),"الأحد","الاثنين","الثلاثاء","الأربعاء","الخميس","الجمعة","السبت")) -> الأحد | C7: 46320 | D7: فراولة | E7: 40 | F7: 135 | G7: 0 | H7: =ROUND(E7*F7*IF(G7>1,G7,1),2) -> 5400 | J7: =IF(COUNTA(C7:D7)=0,"",ROUND(SUM(H$7:H7)-SUM(I$7:I7),2)) -> 5400
B8: =IF(C8="","",CHOOSE(WEEKDAY(C8),"الأحد","الاثنين","الثلاثاء","الأربعاء","الخميس","الجمعة","السبت")) -> الاثنين | C8: 46321 | D8: سداد دفعه | I8: 4000 | J8: =IF(COUNTA(C8:D8)=0,"",ROUND(SUM(H$7:H8)-SUM(I$7:I8),2)) -> 1400
B9: =IF(C9="","",CHOOSE(WEEKDAY(C9),"الأحد","الاثنين","الثلاثاء","الأربعاء","الخميس","الجمعة","السبت")) | J9: =IF(COUNTA(C9:D9)=0,"",ROUND(SUM(H$7:H9)-SUM(I$7:I9),2))
B10: =IF(C10="","",CHOOSE(WEEKDAY(C10),"الأحد","الاثنين","الثلاثاء","الأربعاء","الخميس","الجمعة","السبت")) | J10: =IF(COUNTA(C10:D10)=0,"",ROUND(SUM(H$7:H10)-SUM(I$7:I10),2))
B11: =IF(C11="","",CHOOSE(WEEKDAY(C11),"الأحد","الاثنين","الثلاثاء","الأربعاء","الخميس","الجمعة","السبت")) | J11: =IF(COUNTA(C11:D11)=0,"",ROUND(SUM(H$7:H11)-SUM(I$7:I11),2))
B12: =IF(C12="","",CHOOSE(WEEKDAY(C12),"الأحد","الاثنين","الثلاثاء","الأربعاء","الخميس","الجمعة","السبت")) | J12: =IF(COUNTA(C12:D12)=0,"",ROUND(SUM(H$7:H12)-SUM(I$7:I12),2))
B13: =IF(C13="","",CHOOSE(WEEKDAY(C13),"الأحد","الاثنين","الثلاثاء","الأربعاء","الخميس","الجمعة","السبت")) | J13: =IF(COUNTA(C13:D13)=0,"",ROUND(SUM(H$7:H13)-SUM(I$7:I13),2))
B14: =IF(C14="","",CHOOSE(WEEKDAY(C14),"الأحد","الاثنين","الثلاثاء","الأربعاء","الخميس","الجمعة","السبت")) | J14: =IF(COUNTA(C14:D14)=0,"",ROUND(SUM(H$7:H14)-SUM(I$7:I14),2))
B15: =IF(C15="","",CHOOSE(WEEKDAY(C15),"الأحد","الاثنين","الثلاثاء","الأربعاء","الخميس","الجمعة","السبت")) | J15: =IF(COUNTA(C15:D15)=0,"",ROUND(SUM(H$7:H15)-SUM(I$7:I15),2))
B16: =IF(C16="","",CHOOSE(WEEKDAY(C16),"الأحد","الاثنين","الثلاثاء","الأربعاء","الخميس","الجمعة","السبت")) | J16: =IF(COUNTA(C16:D16)=0,"",ROUND(SUM(H$7:H16)-SUM(I$7:I16),2))
B17: =IF(C17="","",CHOOSE(WEEKDAY(C17),"الأحد","الاثنين","الثلاثاء","الأربعاء","الخميس","الجمعة","السبت")) | J17: =IF(COUNTA(C17:D17)=0,"",ROUND(SUM(H$7:H17)-SUM(I$7:I17),2))
B18: =IF(C18="","",CHOOSE(WEEKDAY(C18),"الأحد","الاثنين","الثلاثاء","الأربعاء","الخميس","الجمعة","السبت")) | J18: =IF(COUNTA(C18:D18)=0,"",ROUND(SUM(H$7:H18)-SUM(I$7:I18),2))
B19: =IF(C19="","",CHOOSE(WEEKDAY(C19),"الأحد","الاثنين","الثلاثاء","الأربعاء","الخميس","الجمعة","السبت")) | J19: =IF(COUNTA(C19:D19)=0,"",ROUND(SUM(H$7:H19)-SUM(I$7:I19),2))
B20: =IF(C20="","",CHOOSE(WEEKDAY(C20),"الأحد","الاثنين","الثلاثاء","الأربعاء","الخميس","الجمعة","السبت")) | J20: =IF(COUNTA(C20:D20)=0,"",ROUND(SUM(H$7:H20)-SUM(I$7:I20),2))
... B48: =IF(C48="","",CHOOSE(WEEKDAY(C48),"الأحد","الاثنين","الثلاثاء","الأربعاء","الخميس","الجمعة","السبت")) | J48: =IF(COUNTA(C48:D48)=0,"",ROUND(SUM(H$7:H48)-SUM(I$7:I48),2))

Sheet مجني
B1: كشف حساب — ثمار مجني
B2: حساب عميل — المدين: مبيعات (مستحق لنا) · الدائن: تحصيلات وخصومات
B3: ملخص | D3: من تاريخ | E3: إلى تاريخ | F3: إجمالي المدين | G3: إجمالي الدائن | H3: الرصيد | I3: ضريبة القيمة المضافة | J3: آخر سداد | K3: الحالة | L3: الخانات الصفراء = إدخال يدوي · باقي الأعمدة معادلات. للإضافة: اكتب في أول صف فارغ.
D4: =IF(COUNT(C7:C1000)=0,"",MIN(C7:C1000)) -> 46297 | E4: =IF(COUNT(C7:C1000)=0,"",MAX(C7:C1000)) -> 46300 | F4: =SUM(H7:H1000) -> 4508 | G4: =SUM(I7:I1000) -> 4508 | H4: =ROUND(F4-G4,2) -> 0 | I4: =ROUND(SUMPRODUCT((G7:G1000>1)*E7:E1000*F7:F1000*(G7:G1000-1)),2) -> 588 | J4: =IF(COUNTIFS(I7:I1000,">0",E7:E1000,"")=0,"",_xlfn.MAXIFS(C7:C1000,I7:I1000,">0",E7:E1000,"")) -> 46300 | K4: =IF(ABS(H4)<0.01,"مسدد",IF(H4>0,"مستحق لنا","رصيد للعميل")) -> مسدد
B5: ← العودة للملخص
B6: اليوم | C6: التاريخ | D6: البيان / الصنف | E6: العدد | F6: السعر | G6: ضريبة (1.15 أو 0) | H6: مدين (لنا) | I6: دائن (محصّل) | J6: الرصيد التراكمي | K6: المرجع (سند/فاتورة) | L6: ملاحظات التدقيق
B7: =IF(C7="","",CHOOSE(WEEKDAY(C7),"الأحد","الاثنين","الثلاثاء","الأربعاء","الخميس","الجمعة","السبت")) -> الجمعة | C7: 46297 | D7: فراولة | E7: 40 | F7: 98 | G7: 1.15 | H7: =ROUND(E7*F7*IF(G7>1,G7,1),2) -> 4508 | J7: =IF(COUNTA(C7:D7)=0,"",ROUND(SUM(H$7:H7)-SUM(I$7:I7),2)) -> 4508
B8: =IF(C8="","",CHOOSE(WEEKDAY(C8),"الأحد","الاثنين","الثلاثاء","الأربعاء","الخميس","الجمعة","السبت")) -> الاثنين | C8: 46300 | D8: مقاصة مع جبار البيشي | I8: 4508 | J8: =IF(COUNTA(C8:D8)=0,"",ROUND(SUM(H$7:H8)-SUM(I$7:I8),2)) -> 0
B9: =IF(C9="","",CHOOSE(WEEKDAY(C9),"الأحد","الاثنين","الثلاثاء","الأربعاء","الخميس","الجمعة","السبت")) | J9: =IF(COUNTA(C9:D9)=0,"",ROUND(SUM(H$7:H9)-SUM(I$7:I9),2))
B10: =IF(C10="","",CHOOSE(WEEKDAY(C10),"الأحد","الاثنين","الثلاثاء","الأربعاء","الخميس","الجمعة","السبت")) | J10: =IF(COUNTA(C10:D10)=0,"",ROUND(SUM(H$7:H10)-SUM(I$7:I10),2))
B11: =IF(C11="","",CHOOSE(WEEKDAY(C11),"الأحد","الاثنين","الثلاثاء","الأربعاء","الخميس","الجمعة","السبت")) | J11: =IF(COUNTA(C11:D11)=0,"",ROUND(SUM(H$7:H11)-SUM(I$7:I11),2))
B12: =IF(C12="","",CHOOSE(WEEKDAY(C12),"الأحد","الاثنين","الثلاثاء","الأربعاء","الخميس","الجمعة","السبت")) | J12: =IF(COUNTA(C12:D12)=0,"",ROUND(SUM(H$7:H12)-SUM(I$7:I12),2))
B13: =IF(C13="","",CHOOSE(WEEKDAY(C13),"الأحد","الاثنين","الثلاثاء","الأربعاء","الخميس","الجمعة","السبت")) | J13: =IF(COUNTA(C13:D13)=0,"",ROUND(SUM(H$7:H13)-SUM(I$7:I13),2))
B14: =IF(C14="","",CHOOSE(WEEKDAY(C14),"الأحد","الاثنين","الثلاثاء","الأربعاء","الخميس","الجمعة","السبت")) | J14: =IF(COUNTA(C14:D14)=0,"",ROUND(SUM(H$7:H14)-SUM(I$7:I14),2))
B15: =IF(C15="","",CHOOSE(WEEKDAY(C15),"الأحد","الاثنين","الثلاثاء","الأربعاء","الخميس","الجمعة","السبت")) | J15: =IF(COUNTA(C15:D15)=0,"",ROUND(SUM(H$7:H15)-SUM(I$7:I15),2))
B16: =IF(C16="","",CHOOSE(WEEKDAY(C16),"الأحد","الاثنين","الثلاثاء","الأربعاء","الخميس","الجمعة","السبت")) | J16: =IF(COUNTA(C16:D16)=0,"",ROUND(SUM(H$7:H16)-SUM(I$7:I16),2))
B17: =IF(C17="","",CHOOSE(WEEKDAY(C17),"الأحد","الاثنين","الثلاثاء","الأربعاء","الخميس","الجمعة","السبت")) | J17: =IF(COUNTA(C17:D17)=0,"",ROUND(SUM(H$7:H17)-SUM(I$7:I17),2))
B18: =IF(C18="","",CHOOSE(WEEKDAY(C18),"الأحد","الاثنين","الثلاثاء","الأربعاء","الخميس","الجمعة","السبت")) | J18: =IF(COUNTA(C18:D18)=0,"",ROUND(SUM(H$7:H18)-SUM(I$7:I18),2))
B19: =IF(C19="","",CHOOSE(WEEKDAY(C19),"الأحد","الاثنين","الثلاثاء","الأربعاء","الخميس","الجمعة","السبت")) | J19: =IF(COUNTA(C19:D19)=0,"",ROUND(SUM(H$7:H19)-SUM(I$7:I19),2))
B20: =IF(C20="","",CHOOSE(WEEKDAY(C20),"الأحد","الاثنين","الثلاثاء","الأربعاء","الخميس","الجمعة","السبت")) | J20: =IF(COUNTA(C20:D20)=0,"",ROUND(SUM(H$7:H20)-SUM(I$7:I20),2))
... B48: =IF(C48="","",CHOOSE(WEEKDAY(C48),"الأحد","الاثنين","الثلاثاء","الأربعاء","الخميس","الجمعة","السبت")) | J48: =IF(COUNTA(C48:D48)=0,"",ROUND(SUM(H$7:H48)-SUM(I$7:I48),2))

Sheet علاء
B1: كشف حساب — علاء
B2: حساب عميل — المدين: مبيعات (مستحق لنا) · الدائن: تحصيلات وخصومات
B3: ملخص | D3: من تاريخ | E3: إلى تاريخ | F3: إجمالي المدين | G3: إجمالي الدائن | H3: الرصيد | I3: ضريبة القيمة المضافة | J3: آخر سداد | K3: الحالة | L3: الخانات الصفراء = إدخال يدوي · باقي الأعمدة معادلات. للإضافة: اكتب في أول صف فارغ.
D4: =IF(COUNT(C7:C1000)=0,"",MIN(C7:C1000)) -> 46308 | E4: =IF(COUNT(C7:C1000)=0,"",MAX(C7:C1000)) -> 46325 | F4: =SUM(H7:H1000) -> 3481 | G4: =SUM(I7:I1000) -> 2375 | H4: =ROUND(F4-G4,2) -> 1106 | I4: =ROUND(SUMPRODUCT((G7:G1000>1)*E7:E1000*F7:F1000*(G7:G1000-1)),2) -> 0 | J4: =IF(COUNTIFS(I7:I1000,">0",E7:E1000,"")=0,"",_xlfn.MAXIFS(C7:C1000,I7:I1000,">0",E7:E1000,"")) -> 46320 | K4: =IF(ABS(H4)<0.01,"مسدد",IF(H4>0,"مستحق لنا","رصيد للعميل")) -> مستحق لنا
B5: ← العودة للملخص
B6: اليوم | C6: التاريخ | D6: البيان / الصنف | E6: العدد | F6: السعر | G6: ضريبة (1.15 أو 0) | H6: مدين (لنا) | I6: دائن (محصّل) | J6: الرصيد التراكمي | K6: المرجع (سند/فاتورة) | L6: ملاحظات التدقيق
B7: =IF(C7="","",CHOOSE(WEEKDAY(C7),"الأحد","الاثنين","الثلاثاء","الأربعاء","الخميس","الجمعة","السبت")) -> الثلاثاء | C7: 46308 | D7: رمان وسط | E7: 20 | F7: 18 | G7: 0 | H7: =ROUND(E7*F7*IF(G7>1,G7,1),2) -> 360 | J7: =IF(COUNTA(C7:D7)=0,"",ROUND(SUM(H$7:H7)-SUM(I$7:I7),2)) -> 360
B8: =IF(C8="","",CHOOSE(WEEKDAY(C8),"الأحد","الاثنين","الثلاثاء","الأربعاء","الخميس","الجمعة","السبت")) -> الأربعاء | C8: 46309 | D8: سداد | I8: 360 | J8: =IF(COUNTA(C8:D8)=0,"",ROUND(SUM(H$7:H8)-SUM(I$7:I8),2)) -> 0
B9: =IF(C9="","",CHOOSE(WEEKDAY(C9),"الأحد","الاثنين","الثلاثاء","الأربعاء","الخميس","الجمعة","السبت")) -> الجمعة | C9: 46311 | D9: تفاح سلة | E9: 10 | F9: 59 | G9: 0 | H9: =ROUND(E9*F9*IF(G9>1,G9,1),2) -> 590 | J9: =IF(COUNTA(C9:D9)=0,"",ROUND(SUM(H$7:H9)-SUM(I$7:I9),2)) -> 590
B10: =IF(C10="","",CHOOSE(WEEKDAY(C10),"الأحد","الاثنين","الثلاثاء","الأربعاء","الخميس","الجمعة","السبت")) -> الأحد | C10: 46313 | D10: سداد | I10: 590 | J10: =IF(COUNTA(C10:D10)=0,"",ROUND(SUM(H$7:H10)-SUM(I$7:I10),2)) -> 0
B11: =IF(C11="","",CHOOSE(WEEKDAY(C11),"الأحد","الاثنين","الثلاثاء","الأربعاء","الخميس","الجمعة","السبت")) -> الثلاثاء | C11: 46315 | D11: رمان وسط | E11: 40 | F11: 19 | G11: 0 | H11: =ROUND(E11*F11*IF(G11>1,G11,1),2) -> 760 | J11: =IF(COUNTA(C11:D11)=0,"",ROUND(SUM(H$7:H11)-SUM(I$7:I11),2)) -> 760
B12: =IF(C12="","",CHOOSE(WEEKDAY(C12),"الأحد","الاثنين","الثلاثاء","الأربعاء","الخميس","الجمعة","السبت")) -> الأربعاء | C12: 46316 | D12: رمان وسط | E12: 35 | F12: 19 | G12: 0 | H12: =ROUND(E12*F12*IF(G12>1,G12,1),2) -> 665 | J12: =IF(COUNTA(C12:D12)=0,"",ROUND(SUM(H$7:H12)-SUM(I$7:I12),2)) -> 1425
B13: =IF(C13="","",CHOOSE(WEEKDAY(C13),"الأحد","الاثنين","الثلاثاء","الأربعاء","الخميس","الجمعة","السبت")) -> الأربعاء | C13: 46316 | D13: سداد دفعه | I13: 560 | J13: =IF(COUNTA(C13:D13)=0,"",ROUND(SUM(H$7:H13)-SUM(I$7:I13),2)) -> 865
B14: =IF(C14="","",CHOOSE(WEEKDAY(C14),"الأحد","الاثنين","الثلاثاء","الأربعاء","الخميس","الجمعة","السبت")) -> السبت | C14: 46319 | D14: سداد دفعه | I14: 300 | J14: =IF(COUNTA(C14:D14)=0,"",ROUND(SUM(H$7:H14)-SUM(I$7:I14),2)) -> 565
B15: =IF(C15="","",CHOOSE(WEEKDAY(C15),"الأحد","الاثنين","الثلاثاء","الأربعاء","الخميس","الجمعة","السبت")) -> الأحد | C15: 46320 | D15: سداد دفعه | I15: 565 | J15: =IF(COUNTA(C15:D15)=0,"",ROUND(SUM(H$7:H15)-SUM(I$7:I15),2)) -> 0
B16: =IF(C16="","",CHOOSE(WEEKDAY(C16),"الأحد","الاثنين","الثلاثاء","الأربعاء","الخميس","الجمعة","السبت")) -> الخميس | C16: 46324 | D16: كيوي | E16: 8 | F16: 42 | G16: 0 | H16: =ROUND(E16*F16*IF(G16>1,G16,1),2) -> 336 | J16: =IF(COUNTA(C16:D16)=0,"",ROUND(SUM(H$7:H16)-SUM(I$7:I16),2)) -> 336
B17: =IF(C17="","",CHOOSE(WEEKDAY(C17),"الأحد","الاثنين","الثلاثاء","الأربعاء","الخميس","الجمعة","السبت")) -> الجمعة | C17: 46325 | D17: تفاح سلة | E17: 14 | F17: 55 | G17: 0 | H17: =ROUND(E17*F17*IF(G17>1,G17,1),2) -> 770 | J17: =IF(COUNTA(C17:D17)=0,"",ROUND(SUM(H$7:H17)-SUM(I$7:I17),2)) -> 1106
B18: =IF(C18="","",CHOOSE(WEEKDAY(C18),"الأحد","الاثنين","الثلاثاء","الأربعاء","الخميس","الجمعة","السبت")) | J18: =IF(COUNTA(C18:D18)=0,"",ROUND(SUM(H$7:H18)-SUM(I$7:I18),2))
B19: =IF(C19="","",CHOOSE(WEEKDAY(C19),"الأحد","الاثنين","الثلاثاء","الأربعاء","الخميس","الجمعة","السبت")) | J19: =IF(COUNTA(C19:D19)=0,"",ROUND(SUM(H$7:H19)-SUM(I$7:I19),2))
B20: =IF(C20="","",CHOOSE(WEEKDAY(C20),"الأحد","الاثنين","الثلاثاء","الأربعاء","الخميس","الجمعة","السبت")) | J20: =IF(COUNTA(C20:D20)=0,"",ROUND(SUM(H$7:H20)-SUM(I$7:I20),2))
B21: =IF(C21="","",CHOOSE(WEEKDAY(C21),"الأحد","الاثنين","الثلاثاء","الأربعاء","الخميس","الجمعة","السبت")) | J21: =IF(COUNTA(C21:D21)=0,"",ROUND(SUM(H$7:H21)-SUM(I$7:I21),2))
B22: =IF(C22="","",CHOOSE(WEEKDAY(C22),"الأحد","الاثنين","الثلاثاء","الأربعاء","الخميس","الجمعة","السبت")) | J22: =IF(COUNTA(C22:D22)=0,"",ROUND(SUM(H$7:H22)-SUM(I$7:I22),2))
B23: =IF(C23="","",CHOOSE(WEEKDAY(C23),"الأحد","الاثنين","الثلاثاء","الأربعاء","الخميس","الجمعة","السبت")) | J23: =IF(COUNTA(C23:D23)=0,"",ROUND(SUM(H$7:H23)-SUM(I$7:I23),2))
B24: =IF(C24="","",CHOOSE(WEEKDAY(C24),"الأحد","الاثنين","الثلاثاء","الأربعاء","الخميس","الجمعة","السبت")) | J24: =IF(COUNTA(C24:D24)=0,"",ROUND(SUM(H$7:H24)-SUM(I$7:I24),2))
B25: =IF(C25="","",CHOOSE(WEEKDAY(C25),"الأحد","الاثنين","الثلاثاء","الأربعاء","الخميس","الجمعة","السبت")) | J25: =IF(COUNTA(C25:D25)=0,"",ROUND(SUM(H$7:H25)-SUM(I$7:I25),2))
B26: =IF(C26="","",CHOOSE(WEEKDAY(C26),"الأحد","الاثنين","الثلاثاء","الأربعاء","الخميس","الجمعة","السبت")) | J26: =IF(COUNTA(C26:D26)=0,"",ROUND(SUM(H$7:H26)-SUM(I$7:I26),2))
B27: =IF(C27="","",CHOOSE(WEEKDAY(C27),"الأحد","الاثنين","الثلاثاء","الأربعاء","الخميس","الجمعة","السبت")) | J27: =IF(COUNTA(C27:D27)=0,"",ROUND(SUM(H$7:H27)-SUM(I$7:I27),2))
B28: =IF(C28="","",CHOOSE(WEEKDAY(C28),"الأحد","الاثنين","الثلاثاء","الأربعاء","الخميس","الجمعة","السبت")) | J28: =IF(COUNTA(C28:D28)=0,"",ROUND(SUM(H$7:H28)-SUM(I$7:I28),2))
B29: =IF(C29="","",CHOOSE(WEEKDAY(C29),"الأحد","الاثنين","الثلاثاء","الأربعاء","الخميس","الجمعة","السبت")) | J29: =IF(COUNTA(C29:D29)=0,"",ROUND(SUM(H$7:H29)-SUM(I$7:I29),2))
... B57: =IF(C57="","",CHOOSE(WEEKDAY(C57),"الأحد","الاثنين","الثلاثاء","الأربعاء","الخميس","الجمعة","السبت")) | J57: =IF(COUNTA(C57:D57)=0,"",ROUND(SUM(H$7:H57)-SUM(I$7:I57),2))

Sheet مامون بنغالي
B1: كشف حساب — مامون بنغالي
B2: حساب عميل — المدين: مبيعات (مستحق لنا) · الدائن: تحصيلات وخصومات
B3: ملخص | D3: من تاريخ | E3: إلى تاريخ | F3: إجمالي المدين | G3: إجمالي الدائن | H3: الرصيد | I3: ضريبة القيمة المضافة | J3: آخر سداد | K3: الحالة | L3: الخانات الصفراء = إدخال يدوي · باقي الأعمدة معادلات. للإضافة: اكتب في أول صف فارغ.
D4: =IF(COUNT(C7:C1000)=0,"",MIN(C7:C1000)) -> 46317 | E4: =IF(COUNT(C7:C1000)=0,"",MAX(C7:C1000)) -> 46320 | F4: =SUM(H7:H1000) -> 2600 | G4: =SUM(I7:I1000) -> 2600 | H4: =ROUND(F4-G4,2) -> 0 | I4: =ROUND(SUMPRODUCT((G7:G1000>1)*E7:E1000*F7:F1000*(G7:G1000-1)),2) -> 0 | J4: =IF(COUNTIFS(I7:I1000,">0",E7:E1000,"")=0,"",_xlfn.MAXIFS(C7:C1000,I7:I1000,">0",E7:E1000,"")) -> 46320 | K4: =IF(ABS(H4)<0.01,"مسدد",IF(H4>0,"مستحق لنا","رصيد للعميل")) -> مسدد
B5: ← العودة للملخص
B6: اليوم | C6: التاريخ | D6: البيان / الصنف | E6: العدد | F6: السعر | G6: ضريبة (1.15 أو 0) | H6: مدين (لنا) | I6: دائن (محصّل) | J6: الرصيد التراكمي | K6: المرجع (سند/فاتورة) | L6: ملاحظات التدقيق
B7: =IF(C7="","",CHOOSE(WEEKDAY(C7),"الأحد","الاثنين","الثلاثاء","الأربعاء","الخميس","الجمعة","السبت")) -> الخميس | C7: 46317 | D7: فراولة | E7: 20 | F7: 130 | G7: 0 | H7: =ROUND(E7*F7*IF(G7>1,G7,1),2) -> 2600 | J7: =IF(COUNTA(C7:D7)=0,"",ROUND(SUM(H$7:H7)-SUM(I$7:I7),2)) -> 2600
B8: =IF(C8="","",CHOOSE(WEEKDAY(C8),"الأحد","الاثنين","الثلاثاء","الأربعاء","الخميس","الجمعة","السبت")) -> الأحد | C8: 46320 | D8: سداد | I8: 2600 | J8: =IF(COUNTA(C8:D8)=0,"",ROUND(SUM(H$7:H8)-SUM(I$7:I8),2)) -> 0
B9: =IF(C9="","",CHOOSE(WEEKDAY(C9),"الأحد","الاثنين","الثلاثاء","الأربعاء","الخميس","الجمعة","السبت")) | J9: =IF(COUNTA(C9:D9)=0,"",ROUND(SUM(H$7:H9)-SUM(I$7:I9),2))
B10: =IF(C10="","",CHOOSE(WEEKDAY(C10),"الأحد","الاثنين","الثلاثاء","الأربعاء","الخميس","الجمعة","السبت")) | J10: =IF(COUNTA(C10:D10)=0,"",ROUND(SUM(H$7:H10)-SUM(I$7:I10),2))
B11: =IF(C11="","",CHOOSE(WEEKDAY(C11),"الأحد","الاثنين","الثلاثاء","الأربعاء","الخميس","الجمعة","السبت")) | J11: =IF(COUNTA(C11:D11)=0,"",ROUND(SUM(H$7:H11)-SUM(I$7:I11),2))
B12: =IF(C12="","",CHOOSE(WEEKDAY(C12),"الأحد","الاثنين","الثلاثاء","الأربعاء","الخميس","الجمعة","السبت")) | J12: =IF(COUNTA(C12:D12)=0,"",ROUND(SUM(H$7:H12)-SUM(I$7:I12),2))
B13: =IF(C13="","",CHOOSE(WEEKDAY(C13),"الأحد","الاثنين","الثلاثاء","الأربعاء","الخميس","الجمعة","السبت")) | J13: =IF(COUNTA(C13:D13)=0,"",ROUND(SUM(H$7:H13)-SUM(I$7:I13),2))
B14: =IF(C14="","",CHOOSE(WEEKDAY(C14),"الأحد","الاثنين","الثلاثاء","الأربعاء","الخميس","الجمعة","السبت")) | J14: =IF(COUNTA(C14:D14)=0,"",ROUND(SUM(H$7:H14)-SUM(I$7:I14),2))
B15: =IF(C15="","",CHOOSE(WEEKDAY(C15),"الأحد","الاثنين","الثلاثاء","الأربعاء","الخميس","الجمعة","السبت")) | J15: =IF(COUNTA(C15:D15)=0,"",ROUND(SUM(H$7:H15)-SUM(I$7:I15),2))
B16: =IF(C16="","",CHOOSE(WEEKDAY(C16),"الأحد","الاثنين","الثلاثاء","الأربعاء","الخميس","الجمعة","السبت")) | J16: =IF(COUNTA(C16:D16)=0,"",ROUND(SUM(H$7:H16)-SUM(I$7:I16),2))
B17: =IF(C17="","",CHOOSE(WEEKDAY(C17),"الأحد","الاثنين","الثلاثاء","الأربعاء","الخميس","الجمعة","السبت")) | J17: =IF(COUNTA(C17:D17)=0,"",ROUND(SUM(H$7:H17)-SUM(I$7:I17),2))
B18: =IF(C18="","",CHOOSE(WEEKDAY(C18),"الأحد","الاثنين","الثلاثاء","الأربعاء","الخميس","الجمعة","السبت")) | J18: =IF(COUNTA(C18:D18)=0,"",ROUND(SUM(H$7:H18)-SUM(I$7:I18),2))
B19: =IF(C19="","",CHOOSE(WEEKDAY(C19),"الأحد","الاثنين","الثلاثاء","الأربعاء","الخميس","الجمعة","السبت")) | J19: =IF(COUNTA(C19:D19)=0,"",ROUND(SUM(H$7:H19)-SUM(I$7:I19),2))
B20: =IF(C20="","",CHOOSE(WEEKDAY(C20),"الأحد","الاثنين","الثلاثاء","الأربعاء","الخميس","الجمعة","السبت")) | J20: =IF(COUNTA(C20:D20)=0,"",ROUND(SUM(H$7:H20)-SUM(I$7:I20),2))
... B48: =IF(C48="","",CHOOSE(WEEKDAY(C48),"الأحد","الاثنين","الثلاثاء","الأربعاء","الخميس","الجمعة","السبت")) | J48: =IF(COUNTA(C48:D48)=0,"",ROUND(SUM(H$7:H48)-SUM(I$7:I48),2))

Sheet عرب بركات
B1: كشف حساب — عرب بركات
B2: حساب عميل — المدين: مبيعات (مستحق لنا) · الدائن: تحصيلات وخصومات
B3: ملخص | D3: من تاريخ | E3: إلى تاريخ | F3: إجمالي المدين | G3: إجمالي الدائن | H3: الرصيد | I3: ضريبة القيمة المضافة | J3: آخر سداد | K3: الحالة | L3: الخانات الصفراء = إدخال يدوي · باقي الأعمدة معادلات. للإضافة: اكتب في أول صف فارغ.
D4: =IF(COUNT(C7:C1000)=0,"",MIN(C7:C1000)) -> 46317 | E4: =IF(COUNT(C7:C1000)=0,"",MAX(C7:C1000)) -> 46321 | F4: =SUM(H7:H1000) -> 6560.75 | G4: =SUM(I7:I1000) -> 0 | H4: =ROUND(F4-G4,2) -> 6560.75 | I4: =ROUND(SUMPRODUCT((G7:G1000>1)*E7:E1000*F7:F1000*(G7:G1000-1)),2) -> 855.75 | J4: =IF(COUNTIFS(I7:I1000,">0",E7:E1000,"")=0,"",_xlfn.MAXIFS(C7:C1000,I7:I1000,">0",E7:E1000,"")) | K4: =IF(ABS(H4)<0.01,"مسدد",IF(H4>0,"مستحق لنا","رصيد للعميل")) -> مستحق لنا
B5: ← العودة للملخص
B6: اليوم | C6: التاريخ | D6: البيان / الصنف | E6: العدد | F6: السعر | G6: ضريبة (1.15 أو 0) | H6: مدين (لنا) | I6: دائن (محصّل) | J6: الرصيد التراكمي | K6: المرجع (سند/فاتورة) | L6: ملاحظات التدقيق
B7: =IF(C7="","",CHOOSE(WEEKDAY(C7),"الأحد","الاثنين","الثلاثاء","الأربعاء","الخميس","الجمعة","السبت")) -> الخميس | C7: 46317 | D7: كاكا لبناني | E7: 105 | F7: 17 | G7: 1.15 | H7: =ROUND(E7*F7*IF(G7>1,G7,1),2) -> 2052.75 | J7: =IF(COUNTA(C7:D7)=0,"",ROUND(SUM(H$7:H7)-SUM(I$7:I7),2)) -> 2052.75
B8: =IF(C8="","",CHOOSE(WEEKDAY(C8),"الأحد","الاثنين","الثلاثاء","الأربعاء","الخميس","الجمعة","السبت")) -> الاثنين | C8: 46321 | D8: افندي | E8: 49 | F8: 80 | G8: 1.15 | H8: =ROUND(E8*F8*IF(G8>1,G8,1),2) -> 4508 | J8: =IF(COUNTA(C8:D8)=0,"",ROUND(SUM(H$7:H8)-SUM(I$7:I8),2)) -> 6560.75
B9: =IF(C9="","",CHOOSE(WEEKDAY(C9),"الأحد","الاثنين","الثلاثاء","الأربعاء","الخميس","الجمعة","السبت")) | J9: =IF(COUNTA(C9:D9)=0,"",ROUND(SUM(H$7:H9)-SUM(I$7:I9),2))
B10: =IF(C10="","",CHOOSE(WEEKDAY(C10),"الأحد","الاثنين","الثلاثاء","الأربعاء","الخميس","الجمعة","السبت")) | J10: =IF(COUNTA(C10:D10)=0,"",ROUND(SUM(H$7:H10)-SUM(I$7:I10),2))
B11: =IF(C11="","",CHOOSE(WEEKDAY(C11),"الأحد","الاثنين","الثلاثاء","الأربعاء","الخميس","الجمعة","السبت")) | J11: =IF(COUNTA(C11:D11)=0,"",ROUND(SUM(H$7:H11)-SUM(I$7:I11),2))
B12: =IF(C12="","",CHOOSE(WEEKDAY(C12),"الأحد","الاثنين","الثلاثاء","الأربعاء","الخميس","الجمعة","السبت")) | J12: =IF(COUNTA(C12:D12)=0,"",ROUND(SUM(H$7:H12)-SUM(I$7:I12),2))
B13: =IF(C13="","",CHOOSE(WEEKDAY(C13),"الأحد","الاثنين","الثلاثاء","الأربعاء","الخميس","الجمعة","السبت")) | J13: =IF(COUNTA(C13:D13)=0,"",ROUND(SUM(H$7:H13)-SUM(I$7:I13),2))
B14: =IF(C14="","",CHOOSE(WEEKDAY(C14),"الأحد","الاثنين","الثلاثاء","الأربعاء","الخميس","الجمعة","السبت")) | J14: =IF(COUNTA(C14:D14)=0,"",ROUND(SUM(H$7:H14)-SUM(I$7:I14),2))
B15: =IF(C15="","",CHOOSE(WEEKDAY(C15),"الأحد","الاثنين","الثلاثاء","الأربعاء","الخميس","الجمعة","السبت")) | J15: =IF(COUNTA(C15:D15)=0,"",ROUND(SUM(H$7:H15)-SUM(I$7:I15),2))
B16: =IF(C16="","",CHOOSE(WEEKDAY(C16),"الأحد","الاثنين","الثلاثاء","الأربعاء","الخميس","الجمعة","السبت")) | J16: =IF(COUNTA(C16:D16)=0,"",ROUND(SUM(H$7:H16)-SUM(I$7:I16),2))
B17: =IF(C17="","",CHOOSE(WEEKDAY(C17),"الأحد","الاثنين","الثلاثاء","الأربعاء","الخميس","الجمعة","السبت")) | J17: =IF(COUNTA(C17:D17)=0,"",ROUND(SUM(H$7:H17)-SUM(I$7:I17),2))
B18: =IF(C18="","",CHOOSE(WEEKDAY(C18),"الأحد","الاثنين","الثلاثاء","الأربعاء","الخميس","الجمعة","السبت")) | J18: =IF(COUNTA(C18:D18)=0,"",ROUND(SUM(H$7:H18)-SUM(I$7:I18),2))
B19: =IF(C19="","",CHOOSE(WEEKDAY(C19),"الأحد","الاثنين","الثلاثاء","الأربعاء","الخميس","الجمعة","السبت")) | J19: =IF(COUNTA(C19:D19)=0,"",ROUND(SUM(H$7:H19)-SUM(I$7:I19),2))
B20: =IF(C20="","",CHOOSE(WEEKDAY(C20),"الأحد","الاثنين","الثلاثاء","الأربعاء","الخميس","الجمعة","السبت")) | J20: =IF(COUNTA(C20:D20)=0,"",ROUND(SUM(H$7:H20)-SUM(I$7:I20),2))
... B48: =IF(C48="","",CHOOSE(WEEKDAY(C48),"الأحد","الاثنين","الثلاثاء","الأربعاء","الخميس","الجمعة","السبت")) | J48: =IF(COUNTA(C48:D48)=0,"",ROUND(SUM(H$7:H48)-SUM(I$7:I48),2))

Sheet ابو احمد السوري
B1: كشف حساب — أبو احمد السوري
B2: حساب عميل — المدين: مبيعات (مستحق لنا) · الدائن: تحصيلات وخصومات
B3: ملخص | D3: من تاريخ | E3: إلى تاريخ | F3: إجمالي المدين | G3: إجمالي الدائن | H3: الرصيد | I3: ضريبة القيمة المضافة | J3: آخر سداد | K3: الحالة | L3: الخانات الصفراء = إدخال يدوي · باقي الأعمدة معادلات. للإضافة: اكتب في أول صف فارغ.
D4: =IF(COUNT(C7:C1000)=0,"",MIN(C7:C1000)) -> 46298 | E4: =IF(COUNT(C7:C1000)=0,"",MAX(C7:C1000)) -> 46316 | F4: =SUM(H7:H1000) -> 1271 | G4: =SUM(I7:I1000) -> 1270 | H4: =ROUND(F4-G4,2) -> 1 | I4: =ROUND(SUMPRODUCT((G7:G1000>1)*E7:E1000*F7:F1000*(G7:G1000-1)),2) -> 0 | J4: =IF(COUNTIFS(I7:I1000,">0",E7:E1000,"")=0,"",_xlfn.MAXIFS(C7:C1000,I7:I1000,">0",E7:E1000,"")) -> 46316 | K4: =IF(ABS(H4)<0.01,"مسدد",IF(H4>0,"مستحق لنا","رصيد للعميل")) -> مستحق لنا
B5: ← العودة للملخص
B6: اليوم | C6: التاريخ | D6: البيان / الصنف | E6: العدد | F6: السعر | G6: ضريبة (1.15 أو 0) | H6: مدين (لنا) | I6: دائن (محصّل) | J6: الرصيد التراكمي | K6: المرجع (سند/فاتورة) | L6: ملاحظات التدقيق
B7: =IF(C7="","",CHOOSE(WEEKDAY(C7),"الأحد","الاثنين","الثلاثاء","الأربعاء","الخميس","الجمعة","السبت")) -> السبت | C7: 46298 | D7: بخارة تركي | E7: 10 | F7: 25 | G7: 0 | H7: =ROUND(E7*F7*IF(G7>1,G7,1),2) -> 250 | J7: =IF(COUNTA(C7:D7)=0,"",ROUND(SUM(H$7:H7)-SUM(I$7:I7),2)) -> 250
B8: =IF(C8="","",CHOOSE(WEEKDAY(C8),"الأحد","الاثنين","الثلاثاء","الأربعاء","الخميس","الجمعة","السبت")) -> السبت | C8: 46298 | D8: رمان مصري | E8: 5 | F8: 12 | G8: 0 | H8: =ROUND(E8*F8*IF(G8>1,G8,1),2) -> 60 | J8: =IF(COUNTA(C8:D8)=0,"",ROUND(SUM(H$7:H8)-SUM(I$7:I8),2)) -> 310
B9: =IF(C9="","",CHOOSE(WEEKDAY(C9),"الأحد","الاثنين","الثلاثاء","الأربعاء","الخميس","الجمعة","السبت")) -> السبت | C9: 46305 | D9: بخارة صحن | E9: 16 | F9: 10 | G9: 0 | H9: =ROUND(E9*F9*IF(G9>1,G9,1),2) -> 160 | J9: =IF(COUNTA(C9:D9)=0,"",ROUND(SUM(H$7:H9)-SUM(I$7:I9),2)) -> 470
B10: =IF(C10="","",CHOOSE(WEEKDAY(C10),"الأحد","الاثنين","الثلاثاء","الأربعاء","الخميس","الجمعة","السبت")) -> السبت | C10: 46305 | D10: عنب مشكل | E10: 16 | F10: 11 | G10: 0 | H10: =ROUND(E10*F10*IF(G10>1,G10,1),2) -> 176 | J10: =IF(COUNTA(C10:D10)=0,"",ROUND(SUM(H$7:H10)-SUM(I$7:I10),2)) -> 646
B11: =IF(C11="","",CHOOSE(WEEKDAY(C11),"الأحد","الاثنين","الثلاثاء","الأربعاء","الخميس","الجمعة","السبت")) -> السبت | C11: 46305 | D11: كمثري عكاظ | E11: 16 | F11: 7.5 | G11: 0 | H11: =ROUND(E11*F11*IF(G11>1,G11,1),2) -> 120 | J11: =IF(COUNTA(C11:D11)=0,"",ROUND(SUM(H$7:H11)-SUM(I$7:I11),2)) -> 766
B12: =IF(C12="","",CHOOSE(WEEKDAY(C12),"الأحد","الاثنين","الثلاثاء","الأربعاء","الخميس","الجمعة","السبت")) -> السبت | C12: 46305 | D12: رمان وسط | E12: 5 | F12: 19 | G12: 0 | H12: =ROUND(E12*F12*IF(G12>1,G12,1),2) -> 95 | J12: =IF(COUNTA(C12:D12)=0,"",ROUND(SUM(H$7:H12)-SUM(I$7:I12),2)) -> 861
B13: =IF(C13="","",CHOOSE(WEEKDAY(C13),"الأحد","الاثنين","الثلاثاء","الأربعاء","الخميس","الجمعة","السبت")) -> السبت | C13: 46305 | D13: فراولة | E13: 1 | F13: 120 | G13: 0 | H13: =ROUND(E13*F13*IF(G13>1,G13,1),2) -> 120 | J13: =IF(COUNTA(C13:D13)=0,"",ROUND(SUM(H$7:H13)-SUM(I$7:I13),2)) -> 981
B14: =IF(C14="","",CHOOSE(WEEKDAY(C14),"الأحد","الاثنين","الثلاثاء","الأربعاء","الخميس","الجمعة","السبت")) -> السبت | C14: 46305 | D14: سداد دفعه | I14: 310 | J14: =IF(COUNTA(C14:D14)=0,"",ROUND(SUM(H$7:H14)-SUM(I$7:I14),2)) -> 671 | L14: ملاحظة أصلية: لنا
B15: =IF(C15="","",CHOOSE(WEEKDAY(C15),"الأحد","الاثنين","الثلاثاء","الأربعاء","الخميس","الجمعة","السبت")) -> السبت | C15: 46312 | D15: رمان مصري | E15: 10 | F15: 14 | G15: 0 | H15: =ROUND(E15*F15*IF(G15>1,G15,1),2) -> 140 | J15: =IF(COUNTA(C15:D15)=0,"",ROUND(SUM(H$7:H15)-SUM(I$7:I15),2)) -> 811
B16: =IF(C16="","",CHOOSE(WEEKDAY(C16),"الأحد","الاثنين","الثلاثاء","الأربعاء","الخميس","الجمعة","السبت")) -> السبت | C16: 46312 | D16: تفاح سوري | E16: 10 | F16: 10 | G16: 0 | H16: =ROUND(E16*F16*IF(G16>1,G16,1),2) -> 100 | J16: =IF(COUNTA(C16:D16)=0,"",ROUND(SUM(H$7:H16)-SUM(I$7:I16),2)) -> 911
B17: =IF(C17="","",CHOOSE(WEEKDAY(C17),"الأحد","الاثنين","الثلاثاء","الأربعاء","الخميس","الجمعة","السبت")) -> السبت | C17: 46312 | D17: بطاطا | E17: 5 | F17: 10 | G17: 0 | H17: =ROUND(E17*F17*IF(G17>1,G17,1),2) -> 50 | J17: =IF(COUNTA(C17:D17)=0,"",ROUND(SUM(H$7:H17)-SUM(I$7:I17),2)) -> 961
B18: =IF(C18="","",CHOOSE(WEEKDAY(C18),"الأحد","الاثنين","الثلاثاء","الأربعاء","الخميس","الجمعة","السبت")) -> الأربعاء | C18: 46316 | D18: سداد دفعه | I18: 960 | J18: =IF(COUNTA(C18:D18)=0,"",ROUND(SUM(H$7:H18)-SUM(I$7:I18),2)) -> 1
B19: =IF(C19="","",CHOOSE(WEEKDAY(C19),"الأحد","الاثنين","الثلاثاء","الأربعاء","الخميس","الجمعة","السبت")) | J19: =IF(COUNTA(C19:D19)=0,"",ROUND(SUM(H$7:H19)-SUM(I$7:I19),2))
B20: =IF(C20="","",CHOOSE(WEEKDAY(C20),"الأحد","الاثنين","الثلاثاء","الأربعاء","الخميس","الجمعة","السبت")) | J20: =IF(COUNTA(C20:D20)=0,"",ROUND(SUM(H$7:H20)-SUM(I$7:I20),2))
B21: =IF(C21="","",CHOOSE(WEEKDAY(C21),"الأحد","الاثنين","الثلاثاء","الأربعاء","الخميس","الجمعة","السبت")) | J21: =IF(COUNTA(C21:D21)=0,"",ROUND(SUM(H$7:H21)-SUM(I$7:I21),2))
B22: =IF(C22="","",CHOOSE(WEEKDAY(C22),"الأحد","الاثنين","الثلاثاء","الأربعاء","الخميس","الجمعة","السبت")) | J22: =IF(COUNTA(C22:D22)=0,"",ROUND(SUM(H$7:H22)-SUM(I$7:I22),2))
B23: =IF(C23="","",CHOOSE(WEEKDAY(C23),"الأحد","الاثنين","الثلاثاء","الأربعاء","الخميس","الجمعة","السبت")) | J23: =IF(COUNTA(C23:D23)=0,"",ROUND(SUM(H$7:H23)-SUM(I$7:I23),2))
B24: =IF(C24="","",CHOOSE(WEEKDAY(C24),"الأحد","الاثنين","الثلاثاء","الأربعاء","الخميس","الجمعة","السبت")) | J24: =IF(COUNTA(C24:D24)=0,"",ROUND(SUM(H$7:H24)-SUM(I$7:I24),2))
B25: =IF(C25="","",CHOOSE(WEEKDAY(C25),"الأحد","الاثنين","الثلاثاء","الأربعاء","الخميس","الجمعة","السبت")) | J25: =IF(COUNTA(C25:D25)=0,"",ROUND(SUM(H$7:H25)-SUM(I$7:I25),2))
B26: =IF(C26="","",CHOOSE(WEEKDAY(C26),"الأحد","الاثنين","الثلاثاء","الأربعاء","الخميس","الجمعة","السبت")) | J26: =IF(COUNTA(C26:D26)=0,"",ROUND(SUM(H$7:H26)-SUM(I$7:I26),2))
B27: =IF(C27="","",CHOOSE(WEEKDAY(C27),"الأحد","الاثنين","الثلاثاء","الأربعاء","الخميس","الجمعة","السبت")) | J27: =IF(COUNTA(C27:D27)=0,"",ROUND(SUM(H$7:H27)-SUM(I$7:I27),2))
B28: =IF(C28="","",CHOOSE(WEEKDAY(C28),"الأحد","الاثنين","الثلاثاء","الأربعاء","الخميس","الجمعة","السبت")) | J28: =IF(COUNTA(C28:D28)=0,"",ROUND(SUM(H$7:H28)-SUM(I$7:I28),2))
B29: =IF(C29="","",CHOOSE(WEEKDAY(C29),"الأحد","الاثنين","الثلاثاء","الأربعاء","الخميس","الجمعة","السبت")) | J29: =IF(COUNTA(C29:D29)=0,"",ROUND(SUM(H$7:H29)-SUM(I$7:I29),2))
B30: =IF(C30="","",CHOOSE(WEEKDAY(C30),"الأحد","الاثنين","الثلاثاء","الأربعاء","الخميس","الجمعة","السبت")) | J30: =IF(COUNTA(C30:D30)=0,"",ROUND(SUM(H$7:H30)-SUM(I$7:I30),2))
... B58: =IF(C58="","",CHOOSE(WEEKDAY(C58),"الأحد","الاثنين","الثلاثاء","الأربعاء","الخميس","الجمعة","السبت")) | J58: =IF(COUNTA(C58:D58)=0,"",ROUND(SUM(H$7:H58)-SUM(I$7:I58),2))

Sheet هشام ناجي
B1: كشف حساب — هشام ناجي
B2: حساب عميل — المدين: مبيعات (مستحق لنا) · الدائن: تحصيلات وخصومات
B3: ملخص | D3: من تاريخ | E3: إلى تاريخ | F3: إجمالي المدين | G3: إجمالي الدائن | H3: الرصيد | I3: ضريبة القيمة المضافة | J3: آخر سداد | K3: الحالة | L3: الخانات الصفراء = إدخال يدوي · باقي الأعمدة معادلات. للإضافة: اكتب في أول صف فارغ.
D4: =IF(COUNT(C7:C1000)=0,"",MIN(C7:C1000)) -> 46309 | E4: =IF(COUNT(C7:C1000)=0,"",MAX(C7:C1000)) -> 46319 | F4: =SUM(H7:H1000) -> 7846 | G4: =SUM(I7:I1000) -> 7821 | H4: =ROUND(F4-G4,2) -> 25 | I4: =ROUND(SUMPRODUCT((G7:G1000>1)*E7:E1000*F7:F1000*(G7:G1000-1)),2) -> 0 | J4: =IF(COUNTIFS(I7:I1000,">0",E7:E1000,"")=0,"",_xlfn.MAXIFS(C7:C1000,I7:I1000,">0",E7:E1000,"")) -> 46319 | K4: =IF(ABS(H4)<0.01,"مسدد",IF(H4>0,"مستحق لنا","رصيد للعميل")) -> مستحق لنا
B5: ← العودة للملخص
B6: اليوم | C6: التاريخ | D6: البيان / الصنف | E6: العدد | F6: السعر | G6: ضريبة (1.15 أو 0) | H6: مدين (لنا) | I6: دائن (محصّل) | J6: الرصيد التراكمي | K6: المرجع (سند/فاتورة) | L6: ملاحظات التدقيق
B7: =IF(C7="","",CHOOSE(WEEKDAY(C7),"الأحد","الاثنين","الثلاثاء","الأربعاء","الخميس","الجمعة","السبت")) -> الأربعاء | C7: 46309 | D7: فراولة | E7: 25 | F7: 123 | G7: 0 | H7: =ROUND(E7*F7*IF(G7>1,G7,1),2) -> 3075 | J7: =IF(COUNTA(C7:D7)=0,"",ROUND(SUM(H$7:H7)-SUM(I$7:I7),2)) -> 3075
B8: =IF(C8="","",CHOOSE(WEEKDAY(C8),"الأحد","الاثنين","الثلاثاء","الأربعاء","الخميس","الجمعة","السبت")) -> الأربعاء | C8: 46309 | D8: سداد | I8: 3050 | J8: =IF(COUNTA(C8:D8)=0,"",ROUND(SUM(H$7:H8)-SUM(I$7:I8),2)) -> 25
B9: =IF(C9="","",CHOOSE(WEEKDAY(C9),"الأحد","الاثنين","الثلاثاء","الأربعاء","الخميس","الجمعة","السبت")) -> الجمعة | C9: 46311 | D9: فراولة | E9: 15 | F9: 125 | G9: 0 | H9: =ROUND(E9*F9*IF(G9>1,G9,1),2) -> 1875 | J9: =IF(COUNTA(C9:D9)=0,"",ROUND(SUM(H$7:H9)-SUM(I$7:I9),2)) -> 1900
B10: =IF(C10="","",CHOOSE(WEEKDAY(C10),"الأحد","الاثنين","الثلاثاء","الأربعاء","الخميس","الجمعة","السبت")) -> الجمعة | C10: 46311 | D10: سداد | I10: 1875 | J10: =IF(COUNTA(C10:D10)=0,"",ROUND(SUM(H$7:H10)-SUM(I$7:I10),2)) -> 25
B11: =IF(C11="","",CHOOSE(WEEKDAY(C11),"الأحد","الاثنين","الثلاثاء","الأربعاء","الخميس","الجمعة","السبت")) -> الخميس | C11: 46317 | D11: فراولة | E11: 14 | F11: 128 | G11: 0 | H11: =ROUND(E11*F11*IF(G11>1,G11,1),2) -> 1792 | J11: =IF(COUNTA(C11:D11)=0,"",ROUND(SUM(H$7:H11)-SUM(I$7:I11),2)) -> 1817
B12: =IF(C12="","",CHOOSE(WEEKDAY(C12),"الأحد","الاثنين","الثلاثاء","الأربعاء","الخميس","الجمعة","السبت")) -> الخميس | C12: 46317 | D12: سداد | I12: 1792 | J12: =IF(COUNTA(C12:D12)=0,"",ROUND(SUM(H$7:H12)-SUM(I$7:I12),2)) -> 25
B13: =IF(C13="","",CHOOSE(WEEKDAY(C13),"الأحد","الاثنين","الثلاثاء","الأربعاء","الخميس","الجمعة","السبت")) -> السبت | C13: 46319 | D13: فراولة | E13: 8 | F13: 138 | G13: 0 | H13: =ROUND(E13*F13*IF(G13>1,G13,1),2) -> 1104 | J13: =IF(COUNTA(C13:D13)=0,"",ROUND(SUM(H$7:H13)-SUM(I$7:I13),2)) -> 1129
B14: =IF(C14="","",CHOOSE(WEEKDAY(C14),"الأحد","الاثنين","الثلاثاء","الأربعاء","الخميس","الجمعة","السبت")) -> السبت | C14: 46319 | D14: سداد | I14: 1104 | J14: =IF(COUNTA(C14:D14)=0,"",ROUND(SUM(H$7:H14)-SUM(I$7:I14),2)) -> 25
B15: =IF(C15="","",CHOOSE(WEEKDAY(C15),"الأحد","الاثنين","الثلاثاء","الأربعاء","الخميس","الجمعة","السبت")) | J15: =IF(COUNTA(C15:D15)=0,"",ROUND(SUM(H$7:H15)-SUM(I$7:I15),2))
B16: =IF(C16="","",CHOOSE(WEEKDAY(C16),"الأحد","الاثنين","الثلاثاء","الأربعاء","الخميس","الجمعة","السبت")) | J16: =IF(COUNTA(C16:D16)=0,"",ROUND(SUM(H$7:H16)-SUM(I$7:I16),2))
B17: =IF(C17="","",CHOOSE(WEEKDAY(C17),"الأحد","الاثنين","الثلاثاء","الأربعاء","الخميس","الجمعة","السبت")) | J17: =IF(COUNTA(C17:D17)=0,"",ROUND(SUM(H$7:H17)-SUM(I$7:I17),2))
B18: =IF(C18="","",CHOOSE(WEEKDAY(C18),"الأحد","الاثنين","الثلاثاء","الأربعاء","الخميس","الجمعة","السبت")) | J18: =IF(COUNTA(C18:D18)=0,"",ROUND(SUM(H$7:H18)-SUM(I$7:I18),2))
B19: =IF(C19="","",CHOOSE(WEEKDAY(C19),"الأحد","الاثنين","الثلاثاء","الأربعاء","الخميس","الجمعة","السبت")) | J19: =IF(COUNTA(C19:D19)=0,"",ROUND(SUM(H$7:H19)-SUM(I$7:I19),2))
B20: =IF(C20="","",CHOOSE(WEEKDAY(C20),"الأحد","الاثنين","الثلاثاء","الأربعاء","الخميس","الجمعة","السبت")) | J20: =IF(COUNTA(C20:D20)=0,"",ROUND(SUM(H$7:H20)-SUM(I$7:I20),2))
B21: =IF(C21="","",CHOOSE(WEEKDAY(C21),"الأحد","الاثنين","الثلاثاء","الأربعاء","الخميس","الجمعة","السبت")) | J21: =IF(COUNTA(C21:D21)=0,"",ROUND(SUM(H$7:H21)-SUM(I$7:I21),2))
B22: =IF(C22="","",CHOOSE(WEEKDAY(C22),"الأحد","الاثنين","الثلاثاء","الأربعاء","الخميس","الجمعة","السبت")) | J22: =IF(COUNTA(C22:D22)=0,"",ROUND(SUM(H$7:H22)-SUM(I$7:I22),2))
B23: =IF(C23="","",CHOOSE(WEEKDAY(C23),"الأحد","الاثنين","الثلاثاء","الأربعاء","الخميس","الجمعة","السبت")) | J23: =IF(COUNTA(C23:D23)=0,"",ROUND(SUM(H$7:H23)-SUM(I$7:I23),2))
B24: =IF(C24="","",CHOOSE(WEEKDAY(C24),"الأحد","الاثنين","الثلاثاء","الأربعاء","الخميس","الجمعة","السبت")) | J24: =IF(COUNTA(C24:D24)=0,"",ROUND(SUM(H$7:H24)-SUM(I$7:I24),2))
B25: =IF(C25="","",CHOOSE(WEEKDAY(C25),"الأحد","الاثنين","الثلاثاء","الأربعاء","الخميس","الجمعة","السبت")) | J25: =IF(COUNTA(C25:D25)=0,"",ROUND(SUM(H$7:H25)-SUM(I$7:I25),2))
B26: =IF(C26="","",CHOOSE(WEEKDAY(C26),"الأحد","الاثنين","الثلاثاء","الأربعاء","الخميس","الجمعة","السبت")) | J26: =IF(COUNTA(C26:D26)=0,"",ROUND(SUM(H$7:H26)-SUM(I$7:I26),2))
... B54: =IF(C54="","",CHOOSE(WEEKDAY(C54),"الأحد","الاثنين","الثلاثاء","الأربعاء","الخميس","الجمعة","السبت")) | J54: =IF(COUNTA(C54:D54)=0,"",ROUND(SUM(H$7:H54)-SUM(I$7:I54),2))

Sheet عصام المصري
B1: كشف حساب — عصام المصري
B2: حساب عميل — المدين: مبيعات (مستحق لنا) · الدائن: تحصيلات وخصومات
B3: ملخص | D3: من تاريخ | E3: إلى تاريخ | F3: إجمالي المدين | G3: إجمالي الدائن | H3: الرصيد | I3: ضريبة القيمة المضافة | J3: آخر سداد | K3: الحالة | L3: الخانات الصفراء = إدخال يدوي · باقي الأعمدة معادلات. للإضافة: اكتب في أول صف فارغ.
D4: =IF(COUNT(C7:C1000)=0,"",MIN(C7:C1000)) -> 46307 | E4: =IF(COUNT(C7:C1000)=0,"",MAX(C7:C1000)) -> 46325 | F4: =SUM(H7:H1000) -> 1739 | G4: =SUM(I7:I1000) -> 690 | H4: =ROUND(F4-G4,2) -> 1049 | I4: =ROUND(SUMPRODUCT((G7:G1000>1)*E7:E1000*F7:F1000*(G7:G1000-1)),2) -> 54 | J4: =IF(COUNTIFS(I7:I1000,">0",E7:E1000,"")=0,"",_xlfn.MAXIFS(C7:C1000,I7:I1000,">0",E7:E1000,"")) -> 46311 | K4: =IF(ABS(H4)<0.01,"مسدد",IF(H4>0,"مستحق لنا","رصيد للعميل")) -> مستحق لنا
B5: ← العودة للملخص
B6: اليوم | C6: التاريخ | D6: البيان / الصنف | E6: العدد | F6: السعر | G6: ضريبة (1.15 أو 0) | H6: مدين (لنا) | I6: دائن (محصّل) | J6: الرصيد التراكمي | K6: المرجع (سند/فاتورة) | L6: ملاحظات التدقيق
B7: =IF(C7="","",CHOOSE(WEEKDAY(C7),"الأحد","الاثنين","الثلاثاء","الأربعاء","الخميس","الجمعة","السبت")) -> الاثنين | C7: 46307 | D7: تفاح احمر | E7: 20 | F7: 9.5 | G7: 0 | H7: =ROUND(E7*F7*IF(G7>1,G7,1),2) -> 190 | J7: =IF(COUNTA(C7:D7)=0,"",ROUND(SUM(H$7:H7)-SUM(I$7:I7),2)) -> 190
B8: =IF(C8="","",CHOOSE(WEEKDAY(C8),"الأحد","الاثنين","الثلاثاء","الأربعاء","الخميس","الجمعة","السبت")) -> الاثنين | C8: 46307 | D8: تفاح ابيض | E8: 10 | F8: 9.5 | G8: 0 | H8: =ROUND(E8*F8*IF(G8>1,G8,1),2) -> 95 | J8: =IF(COUNTA(C8:D8)=0,"",ROUND(SUM(H$7:H8)-SUM(I$7:I8),2)) -> 285
B9: =IF(C9="","",CHOOSE(WEEKDAY(C9),"الأحد","الاثنين","الثلاثاء","الأربعاء","الخميس","الجمعة","السبت")) -> الثلاثاء | C9: 46308 | D9: تفاح احمر | E9: 15 | F9: 8 | G9: 1.15 | H9: =ROUND(E9*F9*IF(G9>1,G9,1),2) -> 138 | J9: =IF(COUNTA(C9:D9)=0,"",ROUND(SUM(H$7:H9)-SUM(I$7:I9),2)) -> 423
B10: =IF(C10="","",CHOOSE(WEEKDAY(C10),"الأحد","الاثنين","الثلاثاء","الأربعاء","الخميس","الجمعة","السبت")) -> الأربعاء | C10: 46309 | D10: تفاح احمر | E10: 20 | F10: 8 | G10: 1.15 | H10: =ROUND(E10*F10*IF(G10>1,G10,1),2) -> 184 | J10: =IF(COUNTA(C10:D10)=0,"",ROUND(SUM(H$7:H10)-SUM(I$7:I10),2)) -> 607
B11: =IF(C11="","",CHOOSE(WEEKDAY(C11),"الأحد","الاثنين","الثلاثاء","الأربعاء","الخميس","الجمعة","السبت")) -> الأربعاء | C11: 46309 | D11: تفاح اخضر | E11: 10 | F11: 8 | G11: 1.15 | H11: =ROUND(E11*F11*IF(G11>1,G11,1),2) -> 92 | J11: =IF(COUNTA(C11:D11)=0,"",ROUND(SUM(H$7:H11)-SUM(I$7:I11),2)) -> 699 | L11: ملاحظة أصلية: لنا
B12: =IF(C12="","",CHOOSE(WEEKDAY(C12),"الأحد","الاثنين","الثلاثاء","الأربعاء","الخميس","الجمعة","السبت")) -> الجمعة | C12: 46311 | D12: سداد نقدي و تم خصم 10 ريال | I12: 690 | J12: =IF(COUNTA(C12:D12)=0,"",ROUND(SUM(H$7:H12)-SUM(I$7:I12),2)) -> 9
B13: =IF(C13="","",CHOOSE(WEEKDAY(C13),"الأحد","الاثنين","الثلاثاء","الأربعاء","الخميس","الجمعة","السبت")) -> الجمعة | C13: 46325 | D13: تفاح سلة | E13: 20 | F13: 52 | G13: 0 | H13: =ROUND(E13*F13*IF(G13>1,G13,1),2) -> 1040 | J13: =IF(COUNTA(C13:D13)=0,"",ROUND(SUM(H$7:H13)-SUM(I$7:I13),2)) -> 1049
B14: =IF(C14="","",CHOOSE(WEEKDAY(C14),"الأحد","الاثنين","الثلاثاء","الأربعاء","الخميس","الجمعة","السبت")) | J14: =IF(COUNTA(C14:D14)=0,"",ROUND(SUM(H$7:H14)-SUM(I$7:I14),2))
B15: =IF(C15="","",CHOOSE(WEEKDAY(C15),"الأحد","الاثنين","الثلاثاء","الأربعاء","الخميس","الجمعة","السبت")) | J15: =IF(COUNTA(C15:D15)=0,"",ROUND(SUM(H$7:H15)-SUM(I$7:I15),2))
B16: =IF(C16="","",CHOOSE(WEEKDAY(C16),"الأحد","الاثنين","الثلاثاء","الأربعاء","الخميس","الجمعة","السبت")) | J16: =IF(COUNTA(C16:D16)=0,"",ROUND(SUM(H$7:H16)-SUM(I$7:I16),2))
B17: =IF(C17="","",CHOOSE(WEEKDAY(C17),"الأحد","الاثنين","الثلاثاء","الأربعاء","الخميس","الجمعة","السبت")) | J17: =IF(COUNTA(C17:D17)=0,"",ROUND(SUM(H$7:H17)-SUM(I$7:I17),2))
B18: =IF(C18="","",CHOOSE(WEEKDAY(C18),"الأحد","الاثنين","الثلاثاء","الأربعاء","الخميس","الجمعة","السبت")) | J18: =IF(COUNTA(C18:D18)=0,"",ROUND(SUM(H$7:H18)-SUM(I$7:I18),2))
B19: =IF(C19="","",CHOOSE(WEEKDAY(C19),"الأحد","الاثنين","الثلاثاء","الأربعاء","الخميس","الجمعة","السبت")) | J19: =IF(COUNTA(C19:D19)=0,"",ROUND(SUM(H$7:H19)-SUM(I$7:I19),2))
B20: =IF(C20="","",CHOOSE(WEEKDAY(C20),"الأحد","الاثنين","الثلاثاء","الأربعاء","الخميس","الجمعة","السبت")) | J20: =IF(COUNTA(C20:D20)=0,"",ROUND(SUM(H$7:H20)-SUM(I$7:I20),2))
B21: =IF(C21="","",CHOOSE(WEEKDAY(C21),"الأحد","الاثنين","الثلاثاء","الأربعاء","الخميس","الجمعة","السبت")) | J21: =IF(COUNTA(C21:D21)=0,"",ROUND(SUM(H$7:H21)-SUM(I$7:I21),2))
B22: =IF(C22="","",CHOOSE(WEEKDAY(C22),"الأحد","الاثنين","الثلاثاء","الأربعاء","الخميس","الجمعة","السبت")) | J22: =IF(COUNTA(C22:D22)=0,"",ROUND(SUM(H$7:H22)-SUM(I$7:I22),2))
B23: =IF(C23="","",CHOOSE(WEEKDAY(C23),"الأحد","الاثنين","الثلاثاء","الأربعاء","الخميس","الجمعة","السبت")) | J23: =IF(COUNTA(C23:D23)=0,"",ROUND(SUM(H$7:H23)-SUM(I$7:I23),2))
B24: =IF(C24="","",CHOOSE(WEEKDAY(C24),"الأحد","الاثنين","الثلاثاء","الأربعاء","الخميس","الجمعة","السبت")) | J24: =IF(COUNTA(C24:D24)=0,"",ROUND(SUM(H$7:H24)-SUM(I$7:I24),2))
B25: =IF(C25="","",CHOOSE(WEEKDAY(C25),"الأحد","الاثنين","الثلاثاء","الأربعاء","الخميس","الجمعة","السبت")) | J25: =IF(COUNTA(C25:D25)=0,"",ROUND(SUM(H$7:H25)-SUM(I$7:I25),2))
... B53: =IF(C53="","",CHOOSE(WEEKDAY(C53),"الأحد","الاثنين","الثلاثاء","الأربعاء","الخميس","الجمعة","السبت")) | J53: =IF(COUNTA(C53:D53)=0,"",ROUND(SUM(H$7:H53)-SUM(I$7:I53),2))

Sheet الحساني
B1: كشف حساب — الحساني
B2: حساب عميل — المدين: مبيعات (مستحق لنا) · الدائن: تحصيلات وخصومات
B3: ملخص | D3: من تاريخ | E3: إلى تاريخ | F3: إجمالي المدين | G3: إجمالي الدائن | H3: الرصيد | I3: ضريبة القيمة المضافة | J3: آخر سداد | K3: الحالة | L3: الخانات الصفراء = إدخال يدوي · باقي الأعمدة معادلات. للإضافة: اكتب في أول صف فارغ.
D4: =IF(COUNT(C7:C1000)=0,"",MIN(C7:C1000)) -> 46314 | E4: =IF(COUNT(C7:C1000)=0,"",MAX(C7:C1000)) -> 46315 | F4: =SUM(H7:H1000) -> 6626.3 | G4: =SUM(I7:I1000) -> 6626.3 | H4: =ROUND(F4-G4,2) -> 0 | I4: =ROUND(SUMPRODUCT((G7:G1000>1)*E7:E1000*F7:F1000*(G7:G1000-1)),2) -> 864.3 | J4: =IF(COUNTIFS(I7:I1000,">0",E7:E1000,"")=0,"",_xlfn.MAXIFS(C7:C1000,I7:I1000,">0",E7:E1000,"")) -> 46315 | K4: =IF(ABS(H4)<0.01,"مسدد",IF(H4>0,"مستحق لنا","رصيد للعميل")) -> مسدد
B5: ← العودة للملخص
B6: اليوم | C6: التاريخ | D6: البيان / الصنف | E6: العدد | F6: السعر | G6: ضريبة (1.15 أو 0) | H6: مدين (لنا) | I6: دائن (محصّل) | J6: الرصيد التراكمي | K6: المرجع (سند/فاتورة) | L6: ملاحظات التدقيق
B7: =IF(C7="","",CHOOSE(WEEKDAY(C7),"الأحد","الاثنين","الثلاثاء","الأربعاء","الخميس","الجمعة","السبت")) -> الاثنين | C7: 46314 | D7: عنب تركي | E7: 86 | F7: 67 | G7: 1.15 | H7: =ROUND(E7*F7*IF(G7>1,G7,1),2) -> 6626.3 | J7: =IF(COUNTA(C7:D7)=0,"",ROUND(SUM(H$7:H7)-SUM(I$7:I7),2)) -> 6626.3
B8: =IF(C8="","",CHOOSE(WEEKDAY(C8),"الأحد","الاثنين","الثلاثاء","الأربعاء","الخميس","الجمعة","السبت")) -> الثلاثاء | C8: 46315 | D8: حوالة ل جبار البيشي | I8: 6626.3 | J8: =IF(COUNTA(C8:D8)=0,"",ROUND(SUM(H$7:H8)-SUM(I$7:I8),2)) -> 0
B9: =IF(C9="","",CHOOSE(WEEKDAY(C9),"الأحد","الاثنين","الثلاثاء","الأربعاء","الخميس","الجمعة","السبت")) | J9: =IF(COUNTA(C9:D9)=0,"",ROUND(SUM(H$7:H9)-SUM(I$7:I9),2))
B10: =IF(C10="","",CHOOSE(WEEKDAY(C10),"الأحد","الاثنين","الثلاثاء","الأربعاء","الخميس","الجمعة","السبت")) | J10: =IF(COUNTA(C10:D10)=0,"",ROUND(SUM(H$7:H10)-SUM(I$7:I10),2))
B11: =IF(C11="","",CHOOSE(WEEKDAY(C11),"الأحد","الاثنين","الثلاثاء","الأربعاء","الخميس","الجمعة","السبت")) | J11: =IF(COUNTA(C11:D11)=0,"",ROUND(SUM(H$7:H11)-SUM(I$7:I11),2))
B12: =IF(C12="","",CHOOSE(WEEKDAY(C12),"الأحد","الاثنين","الثلاثاء","الأربعاء","الخميس","الجمعة","السبت")) | J12: =IF(COUNTA(C12:D12)=0,"",ROUND(SUM(H$7:H12)-SUM(I$7:I12),2))
B13: =IF(C13="","",CHOOSE(WEEKDAY(C13),"الأحد","الاثنين","الثلاثاء","الأربعاء","الخميس","الجمعة","السبت")) | J13: =IF(COUNTA(C13:D13)=0,"",ROUND(SUM(H$7:H13)-SUM(I$7:I13),2))
B14: =IF(C14="","",CHOOSE(WEEKDAY(C14),"الأحد","الاثنين","الثلاثاء","الأربعاء","الخميس","الجمعة","السبت")) | J14: =IF(COUNTA(C14:D14)=0,"",ROUND(SUM(H$7:H14)-SUM(I$7:I14),2))
B15: =IF(C15="","",CHOOSE(WEEKDAY(C15),"الأحد","الاثنين","الثلاثاء","الأربعاء","الخميس","الجمعة","السبت")) | J15: =IF(COUNTA(C15:D15)=0,"",ROUND(SUM(H$7:H15)-SUM(I$7:I15),2))
B16: =IF(C16="","",CHOOSE(WEEKDAY(C16),"الأحد","الاثنين","الثلاثاء","الأربعاء","الخميس","الجمعة","السبت")) | J16: =IF(COUNTA(C16:D16)=0,"",ROUND(SUM(H$7:H16)-SUM(I$7:I16),2))
B17: =IF(C17="","",CHOOSE(WEEKDAY(C17),"الأحد","الاثنين","الثلاثاء","الأربعاء","الخميس","الجمعة","السبت")) | J17: =IF(COUNTA(C17:D17)=0,"",ROUND(SUM(H$7:H17)-SUM(I$7:I17),2))
B18: =IF(C18="","",CHOOSE(WEEKDAY(C18),"الأحد","الاثنين","الثلاثاء","الأربعاء","الخميس","الجمعة","السبت")) | J18: =IF(COUNTA(C18:D18)=0,"",ROUND(SUM(H$7:H18)-SUM(I$7:I18),2))
B19: =IF(C19="","",CHOOSE(WEEKDAY(C19),"الأحد","الاثنين","الثلاثاء","الأربعاء","الخميس","الجمعة","السبت")) | J19: =IF(COUNTA(C19:D19)=0,"",ROUND(SUM(H$7:H19)-SUM(I$7:I19),2))
B20: =IF(C20="","",CHOOSE(WEEKDAY(C20),"الأحد","الاثنين","الثلاثاء","الأربعاء","الخميس","الجمعة","السبت")) | J20: =IF(COUNTA(C20:D20)=0,"",ROUND(SUM(H$7:H20)-SUM(I$7:I20),2))
... B48: =IF(C48="","",CHOOSE(WEEKDAY(C48),"الأحد","الاثنين","الثلاثاء","الأربعاء","الخميس","الجمعة","السبت")) | J48: =IF(COUNTA(C48:D48)=0,"",ROUND(SUM(H$7:H48)-SUM(I$7:I48),2))

Sheet سليم يمني
B1: كشف حساب — سليم يمني
B2: حساب عميل — المدين: مبيعات (مستحق لنا) · الدائن: تحصيلات وخصومات
B3: ملخص | D3: من تاريخ | E3: إلى تاريخ | F3: إجمالي المدين | G3: إجمالي الدائن | H3: الرصيد | I3: ضريبة القيمة المضافة | J3: آخر سداد | K3: الحالة | L3: الخانات الصفراء = إدخال يدوي · باقي الأعمدة معادلات. للإضافة: اكتب في أول صف فارغ.
D4: =IF(COUNT(C7:C1000)=0,"",MIN(C7:C1000)) -> 46315 | E4: =IF(COUNT(C7:C1000)=0,"",MAX(C7:C1000)) -> 46322 | F4: =SUM(H7:H1000) -> 300 | G4: =SUM(I7:I1000) -> 300 | H4: =ROUND(F4-G4,2) -> 0 | I4: =ROUND(SUMPRODUCT((G7:G1000>1)*E7:E1000*F7:F1000*(G7:G1000-1)),2) -> 0 | J4: =IF(COUNTIFS(I7:I1000,">0",E7:E1000,"")=0,"",_xlfn.MAXIFS(C7:C1000,I7:I1000,">0",E7:E1000,"")) -> 46322 | K4: =IF(ABS(H4)<0.01,"مسدد",IF(H4>0,"مستحق لنا","رصيد للعميل")) -> مسدد
B5: ← العودة للملخص
B6: اليوم | C6: التاريخ | D6: البيان / الصنف | E6: العدد | F6: السعر | G6: ضريبة (1.15 أو 0) | H6: مدين (لنا) | I6: دائن (محصّل) | J6: الرصيد التراكمي | K6: المرجع (سند/فاتورة) | L6: ملاحظات التدقيق
B7: =IF(C7="","",CHOOSE(WEEKDAY(C7),"الأحد","الاثنين","الثلاثاء","الأربعاء","الخميس","الجمعة","السبت")) -> الثلاثاء | C7: 46315 | D7: عنب لبناني | E7: 12 | F7: 25 | G7: 0 | H7: =ROUND(E7*F7*IF(G7>1,G7,1),2) -> 300 | J7: =IF(COUNTA(C7:D7)=0,"",ROUND(SUM(H$7:H7)-SUM(I$7:I7),2)) -> 300
B8: =IF(C8="","",CHOOSE(WEEKDAY(C8),"الأحد","الاثنين","الثلاثاء","الأربعاء","الخميس","الجمعة","السبت")) -> الثلاثاء | C8: 46322 | D8: سداد | I8: 300 | J8: =IF(COUNTA(C8:D8)=0,"",ROUND(SUM(H$7:H8)-SUM(I$7:I8),2)) -> 0
B9: =IF(C9="","",CHOOSE(WEEKDAY(C9),"الأحد","الاثنين","الثلاثاء","الأربعاء","الخميس","الجمعة","السبت")) | J9: =IF(COUNTA(C9:D9)=0,"",ROUND(SUM(H$7:H9)-SUM(I$7:I9),2))
B10: =IF(C10="","",CHOOSE(WEEKDAY(C10),"الأحد","الاثنين","الثلاثاء","الأربعاء","الخميس","الجمعة","السبت")) | J10: =IF(COUNTA(C10:D10)=0,"",ROUND(SUM(H$7:H10)-SUM(I$7:I10),2))
B11: =IF(C11="","",CHOOSE(WEEKDAY(C11),"الأحد","الاثنين","الثلاثاء","الأربعاء","الخميس","الجمعة","السبت")) | J11: =IF(COUNTA(C11:D11)=0,"",ROUND(SUM(H$7:H11)-SUM(I$7:I11),2))
B12: =IF(C12="","",CHOOSE(WEEKDAY(C12),"الأحد","الاثنين","الثلاثاء","الأربعاء","الخميس","الجمعة","السبت")) | J12: =IF(COUNTA(C12:D12)=0,"",ROUND(SUM(H$7:H12)-SUM(I$7:I12),2))
B13: =IF(C13="","",CHOOSE(WEEKDAY(C13),"الأحد","الاثنين","الثلاثاء","الأربعاء","الخميس","الجمعة","السبت")) | J13: =IF(COUNTA(C13:D13)=0,"",ROUND(SUM(H$7:H13)-SUM(I$7:I13),2))
B14: =IF(C14="","",CHOOSE(WEEKDAY(C14),"الأحد","الاثنين","الثلاثاء","الأربعاء","الخميس","الجمعة","السبت")) | J14: =IF(COUNTA(C14:D14)=0,"",ROUND(SUM(H$7:H14)-SUM(I$7:I14),2))
B15: =IF(C15="","",CHOOSE(WEEKDAY(C15),"الأحد","الاثنين","الثلاثاء","الأربعاء","الخميس","الجمعة","السبت")) | J15: =IF(COUNTA(C15:D15)=0,"",ROUND(SUM(H$7:H15)-SUM(I$7:I15),2))
B16: =IF(C16="","",CHOOSE(WEEKDAY(C16),"الأحد","الاثنين","الثلاثاء","الأربعاء","الخميس","الجمعة","السبت")) | J16: =IF(COUNTA(C16:D16)=0,"",ROUND(SUM(H$7:H16)-SUM(I$7:I16),2))
B17: =IF(C17="","",CHOOSE(WEEKDAY(C17),"الأحد","الاثنين","الثلاثاء","الأربعاء","الخميس","الجمعة","السبت")) | J17: =IF(COUNTA(C17:D17)=0,"",ROUND(SUM(H$7:H17)-SUM(I$7:I17),2))
B18: =IF(C18="","",CHOOSE(WEEKDAY(C18),"الأحد","الاثنين","الثلاثاء","الأربعاء","الخميس","الجمعة","السبت")) | J18: =IF(COUNTA(C18:D18)=0,"",ROUND(SUM(H$7:H18)-SUM(I$7:I18),2))
B19: =IF(C19="","",CHOOSE(WEEKDAY(C19),"الأحد","الاثنين","الثلاثاء","الأربعاء","الخميس","الجمعة","السبت")) | J19: =IF(COUNTA(C19:D19)=0,"",ROUND(SUM(H$7:H19)-SUM(I$7:I19),2))
B20: =IF(C20="","",CHOOSE(WEEKDAY(C20),"الأحد","الاثنين","الثلاثاء","الأربعاء","الخميس","الجمعة","السبت")) | J20: =IF(COUNTA(C20:D20)=0,"",ROUND(SUM(H$7:H20)-SUM(I$7:I20),2))
... B48: =IF(C48="","",CHOOSE(WEEKDAY(C48),"الأحد","الاثنين","الثلاثاء","الأربعاء","الخميس","الجمعة","السبت")) | J48: =IF(COUNTA(C48:D48)=0,"",ROUND(SUM(H$7:H48)-SUM(I$7:I48),2))

Sheet ناصر اكرم
B1: كشف حساب — ناصر اكرم
B2: حساب عميل — المدين: مبيعات (مستحق لنا) · الدائن: تحصيلات وخصومات
B3: ملخص | D3: من تاريخ | E3: إلى تاريخ | F3: إجمالي المدين | G3: إجمالي الدائن | H3: الرصيد | I3: ضريبة القيمة المضافة | J3: آخر سداد | K3: الحالة | L3: الخانات الصفراء = إدخال يدوي · باقي الأعمدة معادلات. للإضافة: اكتب في أول صف فارغ.
D4: =IF(COUNT(C7:C1000)=0,"",MIN(C7:C1000)) -> 46314 | E4: =IF(COUNT(C7:C1000)=0,"",MAX(C7:C1000)) -> 46322 | F4: =SUM(H7:H1000) -> 2190 | G4: =SUM(I7:I1000) -> 2190 | H4: =ROUND(F4-G4,2) -> 0 | I4: =ROUND(SUMPRODUCT((G7:G1000>1)*E7:E1000*F7:F1000*(G7:G1000-1)),2) -> 0 | J4: =IF(COUNTIFS(I7:I1000,">0",E7:E1000,"")=0,"",_xlfn.MAXIFS(C7:C1000,I7:I1000,">0",E7:E1000,"")) -> 46322 | K4: =IF(ABS(H4)<0.01,"مسدد",IF(H4>0,"مستحق لنا","رصيد للعميل")) -> مسدد
B5: ← العودة للملخص
B6: اليوم | C6: التاريخ | D6: البيان / الصنف | E6: العدد | F6: السعر | G6: ضريبة (1.15 أو 0) | H6: مدين (لنا) | I6: دائن (محصّل) | J6: الرصيد التراكمي | K6: المرجع (سند/فاتورة) | L6: ملاحظات التدقيق
B7: =IF(C7="","",CHOOSE(WEEKDAY(C7),"الأحد","الاثنين","الثلاثاء","الأربعاء","الخميس","الجمعة","السبت")) -> الاثنين | C7: 46314 | D7: كاكا | E7: 20 | F7: 20 | G7: 0 | H7: =ROUND(E7*F7*IF(G7>1,G7,1),2) -> 400 | J7: =IF(COUNTA(C7:D7)=0,"",ROUND(SUM(H$7:H7)-SUM(I$7:I7),2)) -> 400
B8: =IF(C8="","",CHOOSE(WEEKDAY(C8),"الأحد","الاثنين","الثلاثاء","الأربعاء","الخميس","الجمعة","السبت")) -> الثلاثاء | C8: 46315 | D8: سداد | I8: 400 | J8: =IF(COUNTA(C8:D8)=0,"",ROUND(SUM(H$7:H8)-SUM(I$7:I8),2)) -> 0
B9: =IF(C9="","",CHOOSE(WEEKDAY(C9),"الأحد","الاثنين","الثلاثاء","الأربعاء","الخميس","الجمعة","السبت")) -> الأربعاء | C9: 46316 | D9: كاكا | E9: 30 | F9: 21 | G9: 0 | H9: =ROUND(E9*F9*IF(G9>1,G9,1),2) -> 630 | J9: =IF(COUNTA(C9:D9)=0,"",ROUND(SUM(H$7:H9)-SUM(I$7:I9),2)) -> 630
B10: =IF(C10="","",CHOOSE(WEEKDAY(C10),"الأحد","الاثنين","الثلاثاء","الأربعاء","الخميس","الجمعة","السبت")) -> الجمعة | C10: 46318 | D10: كاكا | E10: 28 | F10: 20 | G10: 0 | H10: =ROUND(E10*F10*IF(G10>1,G10,1),2) -> 560 | J10: =IF(COUNTA(C10:D10)=0,"",ROUND(SUM(H$7:H10)-SUM(I$7:I10),2)) -> 1190
B11: =IF(C11="","",CHOOSE(WEEKDAY(C11),"الأحد","الاثنين","الثلاثاء","الأربعاء","الخميس","الجمعة","السبت")) -> الاثنين | C11: 46321 | D11: كاكا | E11: 24 | F11: 25 | G11: 0 | H11: =ROUND(E11*F11*IF(G11>1,G11,1),2) -> 600 | J11: =IF(COUNTA(C11:D11)=0,"",ROUND(SUM(H$7:H11)-SUM(I$7:I11),2)) -> 1790
B12: =IF(C12="","",CHOOSE(WEEKDAY(C12),"الأحد","الاثنين","الثلاثاء","الأربعاء","الخميس","الجمعة","السبت")) -> الثلاثاء | C12: 46322 | D12: سداد | I12: 1750 | J12: =IF(COUNTA(C12:D12)=0,"",ROUND(SUM(H$7:H12)-SUM(I$7:I12),2)) -> 40
B13: =IF(C13="","",CHOOSE(WEEKDAY(C13),"الأحد","الاثنين","الثلاثاء","الأربعاء","الخميس","الجمعة","السبت")) -> الثلاثاء | C13: 46322 | D13: خصم 40 | I13: 40 | J13: =IF(COUNTA(C13:D13)=0,"",ROUND(SUM(H$7:H13)-SUM(I$7:I13),2)) -> 0
B14: =IF(C14="","",CHOOSE(WEEKDAY(C14),"الأحد","الاثنين","الثلاثاء","الأربعاء","الخميس","الجمعة","السبت")) | J14: =IF(COUNTA(C14:D14)=0,"",ROUND(SUM(H$7:H14)-SUM(I$7:I14),2))
B15: =IF(C15="","",CHOOSE(WEEKDAY(C15),"الأحد","الاثنين","الثلاثاء","الأربعاء","الخميس","الجمعة","السبت")) | J15: =IF(COUNTA(C15:D15)=0,"",ROUND(SUM(H$7:H15)-SUM(I$7:I15),2))
B16: =IF(C16="","",CHOOSE(WEEKDAY(C16),"الأحد","الاثنين","الثلاثاء","الأربعاء","الخميس","الجمعة","السبت")) | J16: =IF(COUNTA(C16:D16)=0,"",ROUND(SUM(H$7:H16)-SUM(I$7:I16),2))
B17: =IF(C17="","",CHOOSE(WEEKDAY(C17),"الأحد","الاثنين","الثلاثاء","الأربعاء","الخميس","الجمعة","السبت")) | J17: =IF(COUNTA(C17:D17)=0,"",ROUND(SUM(H$7:H17)-SUM(I$7:I17),2))
B18: =IF(C18="","",CHOOSE(WEEKDAY(C18),"الأحد","الاثنين","الثلاثاء","الأربعاء","الخميس","الجمعة","السبت")) | J18: =IF(COUNTA(C18:D18)=0,"",ROUND(SUM(H$7:H18)-SUM(I$7:I18),2))
B19: =IF(C19="","",CHOOSE(WEEKDAY(C19),"الأحد","الاثنين","الثلاثاء","الأربعاء","الخميس","الجمعة","السبت")) | J19: =IF(COUNTA(C19:D19)=0,"",ROUND(SUM(H$7:H19)-SUM(I$7:I19),2))
B20: =IF(C20="","",CHOOSE(WEEKDAY(C20),"الأحد","الاثنين","الثلاثاء","الأربعاء","الخميس","الجمعة","السبت")) | J20: =IF(COUNTA(C20:D20)=0,"",ROUND(SUM(H$7:H20)-SUM(I$7:I20),2))
B21: =IF(C21="","",CHOOSE(WEEKDAY(C21),"الأحد","الاثنين","الثلاثاء","الأربعاء","الخميس","الجمعة","السبت")) | J21: =IF(COUNTA(C21:D21)=0,"",ROUND(SUM(H$7:H21)-SUM(I$7:I21),2))
B22: =IF(C22="","",CHOOSE(WEEKDAY(C22),"الأحد","الاثنين","الثلاثاء","الأربعاء","الخميس","الجمعة","السبت")) | J22: =IF(COUNTA(C22:D22)=0,"",ROUND(SUM(H$7:H22)-SUM(I$7:I22),2))
B23: =IF(C23="","",CHOOSE(WEEKDAY(C23),"الأحد","الاثنين","الثلاثاء","الأربعاء","الخميس","الجمعة","السبت")) | J23: =IF(COUNTA(C23:D23)=0,"",ROUND(SUM(H$7:H23)-SUM(I$7:I23),2))
B24: =IF(C24="","",CHOOSE(WEEKDAY(C24),"الأحد","الاثنين","الثلاثاء","الأربعاء","الخميس","الجمعة","السبت")) | J24: =IF(COUNTA(C24:D24)=0,"",ROUND(SUM(H$7:H24)-SUM(I$7:I24),2))
B25: =IF(C25="","",CHOOSE(WEEKDAY(C25),"الأحد","الاثنين","الثلاثاء","الأربعاء","الخميس","الجمعة","السبت")) | J25: =IF(COUNTA(C25:D25)=0,"",ROUND(SUM(H$7:H25)-SUM(I$7:I25),2))
... B53: =IF(C53="","",CHOOSE(WEEKDAY(C53),"الأحد","الاثنين","الثلاثاء","الأربعاء","الخميس","الجمعة","السبت")) | J53: =IF(COUNTA(C53:D53)=0,"",ROUND(SUM(H$7:H53)-SUM(I$7:I53),2))

Sheet مدحت تركي
B1: كشف حساب — مدحت تركي
B2: حساب عميل — المدين: مبيعات (مستحق لنا) · الدائن: تحصيلات وخصومات
B3: ملخص | D3: من تاريخ | E3: إلى تاريخ | F3: إجمالي المدين | G3: إجمالي الدائن | H3: الرصيد | I3: ضريبة القيمة المضافة | J3: آخر سداد | K3: الحالة | L3: الخانات الصفراء = إدخال يدوي · باقي الأعمدة معادلات. للإضافة: اكتب في أول صف فارغ.
D4: =IF(COUNT(C7:C1000)=0,"",MIN(C7:C1000)) -> 46318 | E4: =IF(COUNT(C7:C1000)=0,"",MAX(C7:C1000)) -> 46318 | F4: =SUM(H7:H1000) -> 1400 | G4: =SUM(I7:I1000) -> 0 | H4: =ROUND(F4-G4,2) -> 1400 | I4: =ROUND(SUMPRODUCT((G7:G1000>1)*E7:E1000*F7:F1000*(G7:G1000-1)),2) -> 0 | J4: =IF(COUNTIFS(I7:I1000,">0",E7:E1000,"")=0,"",_xlfn.MAXIFS(C7:C1000,I7:I1000,">0",E7:E1000,"")) | K4: =IF(ABS(H4)<0.01,"مسدد",IF(H4>0,"مستحق لنا","رصيد للعميل")) -> مستحق لنا
B5: ← العودة للملخص
B6: اليوم | C6: التاريخ | D6: البيان / الصنف | E6: العدد | F6: السعر | G6: ضريبة (1.15 أو 0) | H6: مدين (لنا) | I6: دائن (محصّل) | J6: الرصيد التراكمي | K6: المرجع (سند/فاتورة) | L6: ملاحظات التدقيق
B7: =IF(C7="","",CHOOSE(WEEKDAY(C7),"الأحد","الاثنين","الثلاثاء","الأربعاء","الخميس","الجمعة","السبت")) -> الجمعة | C7: 46318 | D7: كاكا | E7: 70 | F7: 20 | G7: 0 | H7: =ROUND(E7*F7*IF(G7>1,G7,1),2) -> 1400 | J7: =IF(COUNTA(C7:D7)=0,"",ROUND(SUM(H$7:H7)-SUM(I$7:I7),2)) -> 1400
B8: =IF(C8="","",CHOOSE(WEEKDAY(C8),"الأحد","الاثنين","الثلاثاء","الأربعاء","الخميس","الجمعة","السبت")) | J8: =IF(COUNTA(C8:D8)=0,"",ROUND(SUM(H$7:H8)-SUM(I$7:I8),2))
B9: =IF(C9="","",CHOOSE(WEEKDAY(C9),"الأحد","الاثنين","الثلاثاء","الأربعاء","الخميس","الجمعة","السبت")) | J9: =IF(COUNTA(C9:D9)=0,"",ROUND(SUM(H$7:H9)-SUM(I$7:I9),2))
B10: =IF(C10="","",CHOOSE(WEEKDAY(C10),"الأحد","الاثنين","الثلاثاء","الأربعاء","الخميس","الجمعة","السبت")) | J10: =IF(COUNTA(C10:D10)=0,"",ROUND(SUM(H$7:H10)-SUM(I$7:I10),2))
B11: =IF(C11="","",CHOOSE(WEEKDAY(C11),"الأحد","الاثنين","الثلاثاء","الأربعاء","الخميس","الجمعة","السبت")) | J11: =IF(COUNTA(C11:D11)=0,"",ROUND(SUM(H$7:H11)-SUM(I$7:I11),2))
B12: =IF(C12="","",CHOOSE(WEEKDAY(C12),"الأحد","الاثنين","الثلاثاء","الأربعاء","الخميس","الجمعة","السبت")) | J12: =IF(COUNTA(C12:D12)=0,"",ROUND(SUM(H$7:H12)-SUM(I$7:I12),2))
B13: =IF(C13="","",CHOOSE(WEEKDAY(C13),"الأحد","الاثنين","الثلاثاء","الأربعاء","الخميس","الجمعة","السبت")) | J13: =IF(COUNTA(C13:D13)=0,"",ROUND(SUM(H$7:H13)-SUM(I$7:I13),2))
B14: =IF(C14="","",CHOOSE(WEEKDAY(C14),"الأحد","الاثنين","الثلاثاء","الأربعاء","الخميس","الجمعة","السبت")) | J14: =IF(COUNTA(C14:D14)=0,"",ROUND(SUM(H$7:H14)-SUM(I$7:I14),2))
B15: =IF(C15="","",CHOOSE(WEEKDAY(C15),"الأحد","الاثنين","الثلاثاء","الأربعاء","الخميس","الجمعة","السبت")) | J15: =IF(COUNTA(C15:D15)=0,"",ROUND(SUM(H$7:H15)-SUM(I$7:I15),2))
B16: =IF(C16="","",CHOOSE(WEEKDAY(C16),"الأحد","الاثنين","الثلاثاء","الأربعاء","الخميس","الجمعة","السبت")) | J16: =IF(COUNTA(C16:D16)=0,"",ROUND(SUM(H$7:H16)-SUM(I$7:I16),2))
B17: =IF(C17="","",CHOOSE(WEEKDAY(C17),"الأحد","الاثنين","الثلاثاء","الأربعاء","الخميس","الجمعة","السبت")) | J17: =IF(COUNTA(C17:D17)=0,"",ROUND(SUM(H$7:H17)-SUM(I$7:I17),2))
B18: =IF(C18="","",CHOOSE(WEEKDAY(C18),"الأحد","الاثنين","الثلاثاء","الأربعاء","الخميس","الجمعة","السبت")) | J18: =IF(COUNTA(C18:D18)=0,"",ROUND(SUM(H$7:H18)-SUM(I$7:I18),2))
B19: =IF(C19="","",CHOOSE(WEEKDAY(C19),"الأحد","الاثنين","الثلاثاء","الأربعاء","الخميس","الجمعة","السبت")) | J19: =IF(COUNTA(C19:D19)=0,"",ROUND(SUM(H$7:H19)-SUM(I$7:I19),2))
... B47: =IF(C47="","",CHOOSE(WEEKDAY(C47),"الأحد","الاثنين","الثلاثاء","الأربعاء","الخميس","الجمعة","السبت")) | J47: =IF(COUNTA(C47:D47)=0,"",ROUND(SUM(H$7:H47)-SUM(I$7:I47),2))

Sheet امين بنغالي
B1: كشف حساب — امين بنغالي
B2: حساب عميل — المدين: مبيعات (مستحق لنا) · الدائن: تحصيلات وخصومات
B3: ملخص | D3: من تاريخ | E3: إلى تاريخ | F3: إجمالي المدين | G3: إجمالي الدائن | H3: الرصيد | I3: ضريبة القيمة المضافة | J3: آخر سداد | K3: الحالة | L3: الخانات الصفراء = إدخال يدوي · باقي الأعمدة معادلات. للإضافة: اكتب في أول صف فارغ.
D4: =IF(COUNT(C7:C1000)=0,"",MIN(C7:C1000)) -> 46314 | E4: =IF(COUNT(C7:C1000)=0,"",MAX(C7:C1000)) -> 46325 | F4: =SUM(H7:H1000) -> 7880 | G4: =SUM(I7:I1000) -> 5425 | H4: =ROUND(F4-G4,2) -> 2455 | I4: =ROUND(SUMPRODUCT((G7:G1000>1)*E7:E1000*F7:F1000*(G7:G1000-1)),2) -> 0 | J4: =IF(COUNTIFS(I7:I1000,">0",E7:E1000,"")=0,"",_xlfn.MAXIFS(C7:C1000,I7:I1000,">0",E7:E1000,"")) -> 46325 | K4: =IF(ABS(H4)<0.01,"مسدد",IF(H4>0,"مستحق لنا","رصيد للعميل")) -> مستحق لنا
B5: ← العودة للملخص
B6: اليوم | C6: التاريخ | D6: البيان / الصنف | E6: العدد | F6: السعر | G6: ضريبة (1.15 أو 0) | H6: مدين (لنا) | I6: دائن (محصّل) | J6: الرصيد التراكمي | K6: المرجع (سند/فاتورة) | L6: ملاحظات التدقيق
B7: =IF(C7="","",CHOOSE(WEEKDAY(C7),"الأحد","الاثنين","الثلاثاء","الأربعاء","الخميس","الجمعة","السبت")) -> الاثنين | C7: 46314 | D7: كاكا لبناني | E7: 30 | F7: 20 | G7: 0 | H7: =ROUND(E7*F7*IF(G7>1,G7,1),2) -> 600 | J7: =IF(COUNTA(C7:D7)=0,"",ROUND(SUM(H$7:H7)-SUM(I$7:I7),2)) -> 600
B8: =IF(C8="","",CHOOSE(WEEKDAY(C8),"الأحد","الاثنين","الثلاثاء","الأربعاء","الخميس","الجمعة","السبت")) -> الأربعاء | C8: 46316 | D8: كاكا لبناني | E8: 27 | F8: 20 | G8: 0 | H8: =ROUND(E8*F8*IF(G8>1,G8,1),2) -> 540 | J8: =IF(COUNTA(C8:D8)=0,"",ROUND(SUM(H$7:H8)-SUM(I$7:I8),2)) -> 1140
B9: =IF(C9="","",CHOOSE(WEEKDAY(C9),"الأحد","الاثنين","الثلاثاء","الأربعاء","الخميس","الجمعة","السبت")) -> الأربعاء | C9: 46316 | D9: سداد دفعه | I9: 600 | J9: =IF(COUNTA(C9:D9)=0,"",ROUND(SUM(H$7:H9)-SUM(I$7:I9),2)) -> 540
B10: =IF(C10="","",CHOOSE(WEEKDAY(C10),"الأحد","الاثنين","الثلاثاء","الأربعاء","الخميس","الجمعة","السبت")) -> الأحد | C10: 46320 | D10: سداد دفعه | I10: 525 | J10: =IF(COUNTA(C10:D10)=0,"",ROUND(SUM(H$7:H10)-SUM(I$7:I10),2)) -> 15
B11: =IF(C11="","",CHOOSE(WEEKDAY(C11),"الأحد","الاثنين","الثلاثاء","الأربعاء","الخميس","الجمعة","السبت")) -> الأحد | C11: 46320 | D11: افندي | E11: 25 | F11: 88 | G11: 0 | H11: =ROUND(E11*F11*IF(G11>1,G11,1),2) -> 2200 | J11: =IF(COUNTA(C11:D11)=0,"",ROUND(SUM(H$7:H11)-SUM(I$7:I11),2)) -> 2215
B12: =IF(C12="","",CHOOSE(WEEKDAY(C12),"الأحد","الاثنين","الثلاثاء","الأربعاء","الخميس","الجمعة","السبت")) -> الأحد | C12: 46320 | D12: رمان وسط | E12: 30 | F12: 20 | G12: 0 | H12: =ROUND(E12*F12*IF(G12>1,G12,1),2) -> 600 | J12: =IF(COUNTA(C12:D12)=0,"",ROUND(SUM(H$7:H12)-SUM(I$7:I12),2)) -> 2815
B13: =IF(C13="","",CHOOSE(WEEKDAY(C13),"الأحد","الاثنين","الثلاثاء","الأربعاء","الخميس","الجمعة","السبت")) -> الثلاثاء | C13: 46322 | D13: سداد دفعه | I13: 1300 | J13: =IF(COUNTA(C13:D13)=0,"",ROUND(SUM(H$7:H13)-SUM(I$7:I13),2)) -> 1515
B14: =IF(C14="","",CHOOSE(WEEKDAY(C14),"الأحد","الاثنين","الثلاثاء","الأربعاء","الخميس","الجمعة","السبت")) -> الثلاثاء | C14: 46322 | D14: افندي | E14: 30 | F14: 88 | G14: 0 | H14: =ROUND(E14*F14*IF(G14>1,G14,1),2) -> 2640 | J14: =IF(COUNTA(C14:D14)=0,"",ROUND(SUM(H$7:H14)-SUM(I$7:I14),2)) -> 4155
B15: =IF(C15="","",CHOOSE(WEEKDAY(C15),"الأحد","الاثنين","الثلاثاء","الأربعاء","الخميس","الجمعة","السبت")) -> الأربعاء | C15: 46323 | D15: سداد دفعه | I15: 1000 | J15: =IF(COUNTA(C15:D15)=0,"",ROUND(SUM(H$7:H15)-SUM(I$7:I15),2)) -> 3155
B16: =IF(C16="","",CHOOSE(WEEKDAY(C16),"الأحد","الاثنين","الثلاثاء","الأربعاء","الخميس","الجمعة","السبت")) -> الخميس | C16: 46324 | D16: رمان وسط | E16: 30 | F16: 20 | G16: 0 | H16: =ROUND(E16*F16*IF(G16>1,G16,1),2) -> 600 | J16: =IF(COUNTA(C16:D16)=0,"",ROUND(SUM(H$7:H16)-SUM(I$7:I16),2)) -> 3755
B17: =IF(C17="","",CHOOSE(WEEKDAY(C17),"الأحد","الاثنين","الثلاثاء","الأربعاء","الخميس","الجمعة","السبت")) -> الجمعة | C17: 46325 | D17: سداد دفعه | I17: 2000 | J17: =IF(COUNTA(C17:D17)=0,"",ROUND(SUM(H$7:H17)-SUM(I$7:I17),2)) -> 1755
B18: =IF(C18="","",CHOOSE(WEEKDAY(C18),"الأحد","الاثنين","الثلاثاء","الأربعاء","الخميس","الجمعة","السبت")) -> الجمعة | C18: 46325 | D18: رمان وسط | E18: 35 | F18: 20 | G18: 0 | H18: =ROUND(E18*F18*IF(G18>1,G18,1),2) -> 700 | J18: =IF(COUNTA(C18:D18)=0,"",ROUND(SUM(H$7:H18)-SUM(I$7:I18),2)) -> 2455
B19: =IF(C19="","",CHOOSE(WEEKDAY(C19),"الأحد","الاثنين","الثلاثاء","الأربعاء","الخميس","الجمعة","السبت")) | J19: =IF(COUNTA(C19:D19)=0,"",ROUND(SUM(H$7:H19)-SUM(I$7:I19),2))
B20: =IF(C20="","",CHOOSE(WEEKDAY(C20),"الأحد","الاثنين","الثلاثاء","الأربعاء","الخميس","الجمعة","السبت")) | J20: =IF(COUNTA(C20:D20)=0,"",ROUND(SUM(H$7:H20)-SUM(I$7:I20),2))
B21: =IF(C21="","",CHOOSE(WEEKDAY(C21),"الأحد","الاثنين","الثلاثاء","الأربعاء","الخميس","الجمعة","السبت")) | J21: =IF(COUNTA(C21:D21)=0,"",ROUND(SUM(H$7:H21)-SUM(I$7:I21),2))
B22: =IF(C22="","",CHOOSE(WEEKDAY(C22),"الأحد","الاثنين","الثلاثاء","الأربعاء","الخميس","الجمعة","السبت")) | J22: =IF(COUNTA(C22:D22)=0,"",ROUND(SUM(H$7:H22)-SUM(I$7:I22),2))
B23: =IF(C23="","",CHOOSE(WEEKDAY(C23),"الأحد","الاثنين","الثلاثاء","الأربعاء","الخميس","الجمعة","السبت")) | J23: =IF(COUNTA(C23:D23)=0,"",ROUND(SUM(H$7:H23)-SUM(I$7:I23),2))
B24: =IF(C24="","",CHOOSE(WEEKDAY(C24),"الأحد","الاثنين","الثلاثاء","الأربعاء","الخميس","الجمعة","السبت")) | J24: =IF(COUNTA(C24:D24)=0,"",ROUND(SUM(H$7:H24)-SUM(I$7:I24),2))
B25: =IF(C25="","",CHOOSE(WEEKDAY(C25),"الأحد","الاثنين","الثلاثاء","الأربعاء","الخميس","الجمعة","السبت")) | J25: =IF(COUNTA(C25:D25)=0,"",ROUND(SUM(H$7:H25)-SUM(I$7:I25),2))
B26: =IF(C26="","",CHOOSE(WEEKDAY(C26),"الأحد","الاثنين","الثلاثاء","الأربعاء","الخميس","الجمعة","السبت")) | J26: =IF(COUNTA(C26:D26)=0,"",ROUND(SUM(H$7:H26)-SUM(I$7:I26),2))
B27: =IF(C27="","",CHOOSE(WEEKDAY(C27),"الأحد","الاثنين","الثلاثاء","الأربعاء","الخميس","الجمعة","السبت")) | J27: =IF(COUNTA(C27:D27)=0,"",ROUND(SUM(H$7:H27)-SUM(I$7:I27),2))
B28: =IF(C28="","",CHOOSE(WEEKDAY(C28),"الأحد","الاثنين","الثلاثاء","الأربعاء","الخميس","الجمعة","السبت")) | J28: =IF(COUNTA(C28:D28)=0,"",ROUND(SUM(H$7:H28)-SUM(I$7:I28),2))
B29: =IF(C29="","",CHOOSE(WEEKDAY(C29),"الأحد","الاثنين","الثلاثاء","الأربعاء","الخميس","الجمعة","السبت")) | J29: =IF(COUNTA(C29:D29)=0,"",ROUND(SUM(H$7:H29)-SUM(I$7:I29),2))
B30: =IF(C30="","",CHOOSE(WEEKDAY(C30),"الأحد","الاثنين","الثلاثاء","الأربعاء","الخميس","الجمعة","السبت")) | J30: =IF(COUNTA(C30:D30)=0,"",ROUND(SUM(H$7:H30)-SUM(I$7:I30),2))
... B58: =IF(C58="","",CHOOSE(WEEKDAY(C58),"الأحد","الاثنين","الثلاثاء","الأربعاء","الخميس","الجمعة","السبت")) | J58: =IF(COUNTA(C58:D58)=0,"",ROUND(SUM(H$7:H58)-SUM(I$7:I58),2))

Sheet محمود الساعي
B1: كشف حساب — محمود الساعي
B2: حساب عميل — المدين: مبيعات (مستحق لنا) · الدائن: تحصيلات وخصومات
B3: ملخص | D3: من تاريخ | E3: إلى تاريخ | F3: إجمالي المدين | G3: إجمالي الدائن | H3: الرصيد | I3: ضريبة القيمة المضافة | J3: آخر سداد | K3: الحالة | L3: الخانات الصفراء = إدخال يدوي · باقي الأعمدة معادلات. للإضافة: اكتب في أول صف فارغ.
D4: =IF(COUNT(C7:C1000)=0,"",MIN(C7:C1000)) -> 46316 | E4: =IF(COUNT(C7:C1000)=0,"",MAX(C7:C1000)) -> 46323 | F4: =SUM(H7:H1000) -> 4275 | G4: =SUM(I7:I1000) -> 4275 | H4: =ROUND(F4-G4,2) -> 0 | I4: =ROUND(SUMPRODUCT((G7:G1000>1)*E7:E1000*F7:F1000*(G7:G1000-1)),2) -> 0 | J4: =IF(COUNTIFS(I7:I1000,">0",E7:E1000,"")=0,"",_xlfn.MAXIFS(C7:C1000,I7:I1000,">0",E7:E1000,"")) -> 46323 | K4: =IF(ABS(H4)<0.01,"مسدد",IF(H4>0,"مستحق لنا","رصيد للعميل")) -> مسدد
B5: ← العودة للملخص
B6: اليوم | C6: التاريخ | D6: البيان / الصنف | E6: العدد | F6: السعر | G6: ضريبة (1.15 أو 0) | H6: مدين (لنا) | I6: دائن (محصّل) | J6: الرصيد التراكمي | K6: المرجع (سند/فاتورة) | L6: ملاحظات التدقيق
B7: =IF(C7="","",CHOOSE(WEEKDAY(C7),"الأحد","الاثنين","الثلاثاء","الأربعاء","الخميس","الجمعة","السبت")) -> الأربعاء | C7: 46316 | D7: فراولة | E7: 15 | F7: 125 | G7: 0 | H7: =ROUND(E7*F7*IF(G7>1,G7,1),2) -> 1875 | J7: =IF(COUNTA(C7:D7)=0,"",ROUND(SUM(H$7:H7)-SUM(I$7:I7),2)) -> 1875
B8: =IF(C8="","",CHOOSE(WEEKDAY(C8),"الأحد","الاثنين","الثلاثاء","الأربعاء","الخميس","الجمعة","السبت")) -> الخميس | C8: 46317 | D8: فراولة | E8: 10 | F8: 128 | G8: 0 | H8: =ROUND(E8*F8*IF(G8>1,G8,1),2) -> 1280 | J8: =IF(COUNTA(C8:D8)=0,"",ROUND(SUM(H$7:H8)-SUM(I$7:I8),2)) -> 3155
B9: =IF(C9="","",CHOOSE(WEEKDAY(C9),"الأحد","الاثنين","الثلاثاء","الأربعاء","الخميس","الجمعة","السبت")) -> السبت | C9: 46319 | D9: فراولة | E9: 8 | F9: 140 | G9: 0 | H9: =ROUND(E9*F9*IF(G9>1,G9,1),2) -> 1120 | J9: =IF(COUNTA(C9:D9)=0,"",ROUND(SUM(H$7:H9)-SUM(I$7:I9),2)) -> 4275
B10: =IF(C10="","",CHOOSE(WEEKDAY(C10),"الأحد","الاثنين","الثلاثاء","الأربعاء","الخميس","الجمعة","السبت")) -> الأربعاء | C10: 46323 | D10: سداد | I10: 4275 | J10: =IF(COUNTA(C10:D10)=0,"",ROUND(SUM(H$7:H10)-SUM(I$7:I10),2)) -> 0
B11: =IF(C11="","",CHOOSE(WEEKDAY(C11),"الأحد","الاثنين","الثلاثاء","الأربعاء","الخميس","الجمعة","السبت")) | J11: =IF(COUNTA(C11:D11)=0,"",ROUND(SUM(H$7:H11)-SUM(I$7:I11),2))
B12: =IF(C12="","",CHOOSE(WEEKDAY(C12),"الأحد","الاثنين","الثلاثاء","الأربعاء","الخميس","الجمعة","السبت")) | J12: =IF(COUNTA(C12:D12)=0,"",ROUND(SUM(H$7:H12)-SUM(I$7:I12),2))
B13: =IF(C13="","",CHOOSE(WEEKDAY(C13),"الأحد","الاثنين","الثلاثاء","الأربعاء","الخميس","الجمعة","السبت")) | J13: =IF(COUNTA(C13:D13)=0,"",ROUND(SUM(H$7:H13)-SUM(I$7:I13),2))
B14: =IF(C14="","",CHOOSE(WEEKDAY(C14),"الأحد","الاثنين","الثلاثاء","الأربعاء","الخميس","الجمعة","السبت")) | J14: =IF(COUNTA(C14:D14)=0,"",ROUND(SUM(H$7:H14)-SUM(I$7:I14),2))
B15: =IF(C15="","",CHOOSE(WEEKDAY(C15),"الأحد","الاثنين","الثلاثاء","الأربعاء","الخميس","الجمعة","السبت")) | J15: =IF(COUNTA(C15:D15)=0,"",ROUND(SUM(H$7:H15)-SUM(I$7:I15),2))
B16: =IF(C16="","",CHOOSE(WEEKDAY(C16),"الأحد","الاثنين","الثلاثاء","الأربعاء","الخميس","الجمعة","السبت")) | J16: =IF(COUNTA(C16:D16)=0,"",ROUND(SUM(H$7:H16)-SUM(I$7:I16),2))
B17: =IF(C17="","",CHOOSE(WEEKDAY(C17),"الأحد","الاثنين","الثلاثاء","الأربعاء","الخميس","الجمعة","السبت")) | J17: =IF(COUNTA(C17:D17)=0,"",ROUND(SUM(H$7:H17)-SUM(I$7:I17),2))
B18: =IF(C18="","",CHOOSE(WEEKDAY(C18),"الأحد","الاثنين","الثلاثاء","الأربعاء","الخميس","الجمعة","السبت")) | J18: =IF(COUNTA(C18:D18)=0,"",ROUND(SUM(H$7:H18)-SUM(I$7:I18),2))
B19: =IF(C19="","",CHOOSE(WEEKDAY(C19),"الأحد","الاثنين","الثلاثاء","الأربعاء","الخميس","الجمعة","السبت")) | J19: =IF(COUNTA(C19:D19)=0,"",ROUND(SUM(H$7:H19)-SUM(I$7:I19),2))
B20: =IF(C20="","",CHOOSE(WEEKDAY(C20),"الأحد","الاثنين","الثلاثاء","الأربعاء","الخميس","الجمعة","السبت")) | J20: =IF(COUNTA(C20:D20)=0,"",ROUND(SUM(H$7:H20)-SUM(I$7:I20),2))
B21: =IF(C21="","",CHOOSE(WEEKDAY(C21),"الأحد","الاثنين","الثلاثاء","الأربعاء","الخميس","الجمعة","السبت")) | J21: =IF(COUNTA(C21:D21)=0,"",ROUND(SUM(H$7:H21)-SUM(I$7:I21),2))
B22: =IF(C22="","",CHOOSE(WEEKDAY(C22),"الأحد","الاثنين","الثلاثاء","الأربعاء","الخميس","الجمعة","السبت")) | J22: =IF(COUNTA(C22:D22)=0,"",ROUND(SUM(H$7:H22)-SUM(I$7:I22),2))
... B50: =IF(C50="","",CHOOSE(WEEKDAY(C50),"الأحد","الاثنين","الثلاثاء","الأربعاء","الخميس","الجمعة","السبت")) | J50: =IF(COUNTA(C50:D50)=0,"",ROUND(SUM(H$7:H50)-SUM(I$7:I50),2))

Sheet سليمان اليمني
B1: كشف حساب — سليمان اليمني
B2: حساب عميل — المدين: مبيعات (مستحق لنا) · الدائن: تحصيلات وخصومات
B3: ملخص | D3: من تاريخ | E3: إلى تاريخ | F3: إجمالي المدين | G3: إجمالي الدائن | H3: الرصيد | I3: ضريبة القيمة المضافة | J3: آخر سداد | K3: الحالة | L3: الخانات الصفراء = إدخال يدوي · باقي الأعمدة معادلات. للإضافة: اكتب في أول صف فارغ.
D4: =IF(COUNT(C7:C1000)=0,"",MIN(C7:C1000)) -> 46309 | E4: =IF(COUNT(C7:C1000)=0,"",MAX(C7:C1000)) -> 46311 | F4: =SUM(H7:H1000) -> 160 | G4: =SUM(I7:I1000) -> 160 | H4: =ROUND(F4-G4,2) -> 0 | I4: =ROUND(SUMPRODUCT((G7:G1000>1)*E7:E1000*F7:F1000*(G7:G1000-1)),2) -> 0 | J4: =IF(COUNTIFS(I7:I1000,">0",E7:E1000,"")=0,"",_xlfn.MAXIFS(C7:C1000,I7:I1000,">0",E7:E1000,"")) -> 46311 | K4: =IF(ABS(H4)<0.01,"مسدد",IF(H4>0,"مستحق لنا","رصيد للعميل")) -> مسدد
B5: ← العودة للملخص
B6: اليوم | C6: التاريخ | D6: البيان / الصنف | E6: العدد | F6: السعر | G6: ضريبة (1.15 أو 0) | H6: مدين (لنا) | I6: دائن (محصّل) | J6: الرصيد التراكمي | K6: المرجع (سند/فاتورة) | L6: ملاحظات التدقيق
B7: =IF(C7="","",CHOOSE(WEEKDAY(C7),"الأحد","الاثنين","الثلاثاء","الأربعاء","الخميس","الجمعة","السبت")) -> الأربعاء | C7: 46309 | D7: كمثري صحن | E7: 16 | F7: 10 | G7: 0 | H7: =ROUND(E7*F7*IF(G7>1,G7,1),2) -> 160 | J7: =IF(COUNTA(C7:D7)=0,"",ROUND(SUM(H$7:H7)-SUM(I$7:I7),2)) -> 160
B8: =IF(C8="","",CHOOSE(WEEKDAY(C8),"الأحد","الاثنين","الثلاثاء","الأربعاء","الخميس","الجمعة","السبت")) -> الجمعة | C8: 46311 | D8: سداد | I8: 160 | J8: =IF(COUNTA(C8:D8)=0,"",ROUND(SUM(H$7:H8)-SUM(I$7:I8),2)) -> 0
B9: =IF(C9="","",CHOOSE(WEEKDAY(C9),"الأحد","الاثنين","الثلاثاء","الأربعاء","الخميس","الجمعة","السبت")) | J9: =IF(COUNTA(C9:D9)=0,"",ROUND(SUM(H$7:H9)-SUM(I$7:I9),2))
B10: =IF(C10="","",CHOOSE(WEEKDAY(C10),"الأحد","الاثنين","الثلاثاء","الأربعاء","الخميس","الجمعة","السبت")) | J10: =IF(COUNTA(C10:D10)=0,"",ROUND(SUM(H$7:H10)-SUM(I$7:I10),2))
B11: =IF(C11="","",CHOOSE(WEEKDAY(C11),"الأحد","الاثنين","الثلاثاء","الأربعاء","الخميس","الجمعة","السبت")) | J11: =IF(COUNTA(C11:D11)=0,"",ROUND(SUM(H$7:H11)-SUM(I$7:I11),2))
B12: =IF(C12="","",CHOOSE(WEEKDAY(C12),"الأحد","الاثنين","الثلاثاء","الأربعاء","الخميس","الجمعة","السبت")) | J12: =IF(COUNTA(C12:D12)=0,"",ROUND(SUM(H$7:H12)-SUM(I$7:I12),2))
B13: =IF(C13="","",CHOOSE(WEEKDAY(C13),"الأحد","الاثنين","الثلاثاء","الأربعاء","الخميس","الجمعة","السبت")) | J13: =IF(COUNTA(C13:D13)=0,"",ROUND(SUM(H$7:H13)-SUM(I$7:I13),2))
B14: =IF(C14="","",CHOOSE(WEEKDAY(C14),"الأحد","الاثنين","الثلاثاء","الأربعاء","الخميس","الجمعة","السبت")) | J14: =IF(COUNTA(C14:D14)=0,"",ROUND(SUM(H$7:H14)-SUM(I$7:I14),2))
B15: =IF(C15="","",CHOOSE(WEEKDAY(C15),"الأحد","الاثنين","الثلاثاء","الأربعاء","الخميس","الجمعة","السبت")) | J15: =IF(COUNTA(C15:D15)=0,"",ROUND(SUM(H$7:H15)-SUM(I$7:I15),2))
B16: =IF(C16="","",CHOOSE(WEEKDAY(C16),"الأحد","الاثنين","الثلاثاء","الأربعاء","الخميس","الجمعة","السبت")) | J16: =IF(COUNTA(C16:D16)=0,"",ROUND(SUM(H$7:H16)-SUM(I$7:I16),2))
B17: =IF(C17="","",CHOOSE(WEEKDAY(C17),"الأحد","الاثنين","الثلاثاء","الأربعاء","الخميس","الجمعة","السبت")) | J17: =IF(COUNTA(C17:D17)=0,"",ROUND(SUM(H$7:H17)-SUM(I$7:I17),2))
B18: =IF(C18="","",CHOOSE(WEEKDAY(C18),"الأحد","الاثنين","الثلاثاء","الأربعاء","الخميس","الجمعة","السبت")) | J18: =IF(COUNTA(C18:D18)=0,"",ROUND(SUM(H$7:H18)-SUM(I$7:I18),2))
B19: =IF(C19="","",CHOOSE(WEEKDAY(C19),"الأحد","الاثنين","الثلاثاء","الأربعاء","الخميس","الجمعة","السبت")) | J19: =IF(COUNTA(C19:D19)=0,"",ROUND(SUM(H$7:H19)-SUM(I$7:I19),2))
B20: =IF(C20="","",CHOOSE(WEEKDAY(C20),"الأحد","الاثنين","الثلاثاء","الأربعاء","الخميس","الجمعة","السبت")) | J20: =IF(COUNTA(C20:D20)=0,"",ROUND(SUM(H$7:H20)-SUM(I$7:I20),2))
... B48: =IF(C48="","",CHOOSE(WEEKDAY(C48),"الأحد","الاثنين","الثلاثاء","الأربعاء","الخميس","الجمعة","السبت")) | J48: =IF(COUNTA(C48:D48)=0,"",ROUND(SUM(H$7:H48)-SUM(I$7:I48),2))

Sheet كامل
B1: كشف حساب — كامل
B2: حساب عميل — المدين: مبيعات (مستحق لنا) · الدائن: تحصيلات وخصومات
B3: ملخص | D3: من تاريخ | E3: إلى تاريخ | F3: إجمالي المدين | G3: إجمالي الدائن | H3: الرصيد | I3: ضريبة القيمة المضافة | J3: آخر سداد | K3: الحالة | L3: الخانات الصفراء = إدخال يدوي · باقي الأعمدة معادلات. للإضافة: اكتب في أول صف فارغ.
D4: =IF(COUNT(C7:C1000)=0,"",MIN(C7:C1000)) -> 46313 | E4: =IF(COUNT(C7:C1000)=0,"",MAX(C7:C1000)) -> 46313 | F4: =SUM(H7:H1000) -> 568.1 | G4: =SUM(I7:I1000) -> 0 | H4: =ROUND(F4-G4,2) -> 568.1 | I4: =ROUND(SUMPRODUCT((G7:G1000>1)*E7:E1000*F7:F1000*(G7:G1000-1)),2) -> 74.1 | J4: =IF(COUNTIFS(I7:I1000,">0",E7:E1000,"")=0,"",_xlfn.MAXIFS(C7:C1000,I7:I1000,">0",E7:E1000,"")) | K4: =IF(ABS(H4)<0.01,"مسدد",IF(H4>0,"مستحق لنا","رصيد للعميل")) -> مستحق لنا
B5: ← العودة للملخص
B6: اليوم | C6: التاريخ | D6: البيان / الصنف | E6: العدد | F6: السعر | G6: ضريبة (1.15 أو 0) | H6: مدين (لنا) | I6: دائن (محصّل) | J6: الرصيد التراكمي | K6: المرجع (سند/فاتورة) | L6: ملاحظات التدقيق
B7: =IF(C7="","",CHOOSE(WEEKDAY(C7),"الأحد","الاثنين","الثلاثاء","الأربعاء","الخميس","الجمعة","السبت")) -> الأحد | C7: 46313 | D7: نكترين وزن | E7: 19 | F7: 26 | G7: 1.15 | H7: =ROUND(E7*F7*IF(G7>1,G7,1),2) -> 568.1 | J7: =IF(COUNTA(C7:D7)=0,"",ROUND(SUM(H$7:H7)-SUM(I$7:I7),2)) -> 568.1
B8: =IF(C8="","",CHOOSE(WEEKDAY(C8),"الأحد","الاثنين","الثلاثاء","الأربعاء","الخميس","الجمعة","السبت")) | J8: =IF(COUNTA(C8:D8)=0,"",ROUND(SUM(H$7:H8)-SUM(I$7:I8),2))
B9: =IF(C9="","",CHOOSE(WEEKDAY(C9),"الأحد","الاثنين","الثلاثاء","الأربعاء","الخميس","الجمعة","السبت")) | J9: =IF(COUNTA(C9:D9)=0,"",ROUND(SUM(H$7:H9)-SUM(I$7:I9),2))
B10: =IF(C10="","",CHOOSE(WEEKDAY(C10),"الأحد","الاثنين","الثلاثاء","الأربعاء","الخميس","الجمعة","السبت")) | J10: =IF(COUNTA(C10:D10)=0,"",ROUND(SUM(H$7:H10)-SUM(I$7:I10),2))
B11: =IF(C11="","",CHOOSE(WEEKDAY(C11),"الأحد","الاثنين","الثلاثاء","الأربعاء","الخميس","الجمعة","السبت")) | J11: =IF(COUNTA(C11:D11)=0,"",ROUND(SUM(H$7:H11)-SUM(I$7:I11),2))
B12: =IF(C12="","",CHOOSE(WEEKDAY(C12),"الأحد","الاثنين","الثلاثاء","الأربعاء","الخميس","الجمعة","السبت")) | J12: =IF(COUNTA(C12:D12)=0,"",ROUND(SUM(H$7:H12)-SUM(I$7:I12),2))
B13: =IF(C13="","",CHOOSE(WEEKDAY(C13),"الأحد","الاثنين","الثلاثاء","الأربعاء","الخميس","الجمعة","السبت")) | J13: =IF(COUNTA(C13:D13)=0,"",ROUND(SUM(H$7:H13)-SUM(I$7:I13),2))
B14: =IF(C14="","",CHOOSE(WEEKDAY(C14),"الأحد","الاثنين","الثلاثاء","الأربعاء","الخميس","الجمعة","السبت")) | J14: =IF(COUNTA(C14:D14)=0,"",ROUND(SUM(H$7:H14)-SUM(I$7:I14),2))
B15: =IF(C15="","",CHOOSE(WEEKDAY(C15),"الأحد","الاثنين","الثلاثاء","الأربعاء","الخميس","الجمعة","السبت")) | J15: =IF(COUNTA(C15:D15)=0,"",ROUND(SUM(H$7:H15)-SUM(I$7:I15),2))
B16: =IF(C16="","",CHOOSE(WEEKDAY(C16),"الأحد","الاثنين","الثلاثاء","الأربعاء","الخميس","الجمعة","السبت")) | J16: =IF(COUNTA(C16:D16)=0,"",ROUND(SUM(H$7:H16)-SUM(I$7:I16),2))
B17: =IF(C17="","",CHOOSE(WEEKDAY(C17),"الأحد","الاثنين","الثلاثاء","الأربعاء","الخميس","الجمعة","السبت")) | J17: =IF(COUNTA(C17:D17)=0,"",ROUND(SUM(H$7:H17)-SUM(I$7:I17),2))
B18: =IF(C18="","",CHOOSE(WEEKDAY(C18),"الأحد","الاثنين","الثلاثاء","الأربعاء","الخميس","الجمعة","السبت")) | J18: =IF(COUNTA(C18:D18)=0,"",ROUND(SUM(H$7:H18)-SUM(I$7:I18),2))
B19: =IF(C19="","",CHOOSE(WEEKDAY(C19),"الأحد","الاثنين","الثلاثاء","الأربعاء","الخميس","الجمعة","السبت")) | J19: =IF(COUNTA(C19:D19)=0,"",ROUND(SUM(H$7:H19)-SUM(I$7:I19),2))
... B47: =IF(C47="","",CHOOSE(WEEKDAY(C47),"الأحد","الاثنين","الثلاثاء","الأربعاء","الخميس","الجمعة","السبت")) | J47: =IF(COUNTA(C47:D47)=0,"",ROUND(SUM(H$7:H47)-SUM(I$7:I47),2))

Sheet امجد
B1: كشف حساب — امجد
B2: حساب عميل — المدين: مبيعات (مستحق لنا) · الدائن: تحصيلات وخصومات
B3: ملخص | D3: من تاريخ | E3: إلى تاريخ | F3: إجمالي المدين | G3: إجمالي الدائن | H3: الرصيد | I3: ضريبة القيمة المضافة | J3: آخر سداد | K3: الحالة | L3: الخانات الصفراء = إدخال يدوي · باقي الأعمدة معادلات. للإضافة: اكتب في أول صف فارغ.
D4: =IF(COUNT(C7:C1000)=0,"",MIN(C7:C1000)) -> 46322 | E4: =IF(COUNT(C7:C1000)=0,"",MAX(C7:C1000)) -> 46323 | F4: =SUM(H7:H1000) -> 75 | G4: =SUM(I7:I1000) -> 75 | H4: =ROUND(F4-G4,2) -> 0 | I4: =ROUND(SUMPRODUCT((G7:G1000>1)*E7:E1000*F7:F1000*(G7:G1000-1)),2) -> 0 | J4: =IF(COUNTIFS(I7:I1000,">0",E7:E1000,"")=0,"",_xlfn.MAXIFS(C7:C1000,I7:I1000,">0",E7:E1000,"")) -> 46323 | K4: =IF(ABS(H4)<0.01,"مسدد",IF(H4>0,"مستحق لنا","رصيد للعميل")) -> مسدد
B5: ← العودة للملخص
B6: اليوم | C6: التاريخ | D6: البيان / الصنف | E6: العدد | F6: السعر | G6: ضريبة (1.15 أو 0) | H6: مدين (لنا) | I6: دائن (محصّل) | J6: الرصيد التراكمي | K6: المرجع (سند/فاتورة) | L6: ملاحظات التدقيق
B7: =IF(C7="","",CHOOSE(WEEKDAY(C7),"الأحد","الاثنين","الثلاثاء","الأربعاء","الخميس","الجمعة","السبت")) -> الثلاثاء | C7: 46322 | D7: رمان | E7: 1 | F7: 20 | G7: 0 | H7: =ROUND(E7*F7*IF(G7>1,G7,1),2) -> 20 | J7: =IF(COUNTA(C7:D7)=0,"",ROUND(SUM(H$7:H7)-SUM(I$7:I7),2)) -> 20
B8: =IF(C8="","",CHOOSE(WEEKDAY(C8),"الأحد","الاثنين","الثلاثاء","الأربعاء","الخميس","الجمعة","السبت")) -> الثلاثاء | C8: 46322 | D8: تفاح | E8: 1 | F8: 55 | G8: 0 | H8: =ROUND(E8*F8*IF(G8>1,G8,1),2) -> 55 | J8: =IF(COUNTA(C8:D8)=0,"",ROUND(SUM(H$7:H8)-SUM(I$7:I8),2)) -> 75
B9: =IF(C9="","",CHOOSE(WEEKDAY(C9),"الأحد","الاثنين","الثلاثاء","الأربعاء","الخميس","الجمعة","السبت")) -> الأربعاء | C9: 46323 | D9: سداد | I9: 75 | J9: =IF(COUNTA(C9:D9)=0,"",ROUND(SUM(H$7:H9)-SUM(I$7:I9),2)) -> 0
B10: =IF(C10="","",CHOOSE(WEEKDAY(C10),"الأحد","الاثنين","الثلاثاء","الأربعاء","الخميس","الجمعة","السبت")) | J10: =IF(COUNTA(C10:D10)=0,"",ROUND(SUM(H$7:H10)-SUM(I$7:I10),2))
B11: =IF(C11="","",CHOOSE(WEEKDAY(C11),"الأحد","الاثنين","الثلاثاء","الأربعاء","الخميس","الجمعة","السبت")) | J11: =IF(COUNTA(C11:D11)=0,"",ROUND(SUM(H$7:H11)-SUM(I$7:I11),2))
B12: =IF(C12="","",CHOOSE(WEEKDAY(C12),"الأحد","الاثنين","الثلاثاء","الأربعاء","الخميس","الجمعة","السبت")) | J12: =IF(COUNTA(C12:D12)=0,"",ROUND(SUM(H$7:H12)-SUM(I$7:I12),2))
B13: =IF(C13="","",CHOOSE(WEEKDAY(C13),"الأحد","الاثنين","الثلاثاء","الأربعاء","الخميس","الجمعة","السبت")) | J13: =IF(COUNTA(C13:D13)=0,"",ROUND(SUM(H$7:H13)-SUM(I$7:I13),2))
B14: =IF(C14="","",CHOOSE(WEEKDAY(C14),"الأحد","الاثنين","الثلاثاء","الأربعاء","الخميس","الجمعة","السبت")) | J14: =IF(COUNTA(C14:D14)=0,"",ROUND(SUM(H$7:H14)-SUM(I$7:I14),2))
B15: =IF(C15="","",CHOOSE(WEEKDAY(C15),"الأحد","الاثنين","الثلاثاء","الأربعاء","الخميس","الجمعة","السبت")) | J15: =IF(COUNTA(C15:D15)=0,"",ROUND(SUM(H$7:H15)-SUM(I$7:I15),2))
B16: =IF(C16="","",CHOOSE(WEEKDAY(C16),"الأحد","الاثنين","الثلاثاء","الأربعاء","الخميس","الجمعة","السبت")) | J16: =IF(COUNTA(C16:D16)=0,"",ROUND(SUM(H$7:H16)-SUM(I$7:I16),2))
B17: =IF(C17="","",CHOOSE(WEEKDAY(C17),"الأحد","الاثنين","الثلاثاء","الأربعاء","الخميس","الجمعة","السبت")) | J17: =IF(COUNTA(C17:D17)=0,"",ROUND(SUM(H$7:H17)-SUM(I$7:I17),2))
B18: =IF(C18="","",CHOOSE(WEEKDAY(C18),"الأحد","الاثنين","الثلاثاء","الأربعاء","الخميس","الجمعة","السبت")) | J18: =IF(COUNTA(C18:D18)=0,"",ROUND(SUM(H$7:H18)-SUM(I$7:I18),2))
B19: =IF(C19="","",CHOOSE(WEEKDAY(C19),"الأحد","الاثنين","الثلاثاء","الأربعاء","الخميس","الجمعة","السبت")) | J19: =IF(COUNTA(C19:D19)=0,"",ROUND(SUM(H$7:H19)-SUM(I$7:I19),2))
B20: =IF(C20="","",CHOOSE(WEEKDAY(C20),"الأحد","الاثنين","الثلاثاء","الأربعاء","الخميس","الجمعة","السبت")) | J20: =IF(COUNTA(C20:D20)=0,"",ROUND(SUM(H$7:H20)-SUM(I$7:I20),2))
B21: =IF(C21="","",CHOOSE(WEEKDAY(C21),"الأحد","الاثنين","الثلاثاء","الأربعاء","الخميس","الجمعة","السبت")) | J21: =IF(COUNTA(C21:D21)=0,"",ROUND(SUM(H$7:H21)-SUM(I$7:I21),2))
... B49: =IF(C49="","",CHOOSE(WEEKDAY(C49),"الأحد","الاثنين","الثلاثاء","الأربعاء","الخميس","الجمعة","السبت")) | J49: =IF(COUNTA(C49:D49)=0,"",ROUND(SUM(H$7:H49)-SUM(I$7:I49),2))

Sheet الكعبي كاش
B1: كشف حساب — الكعبي كاش
B2: حساب عميل — المدين: مبيعات (مستحق لنا) · الدائن: تحصيلات وخصومات
B3: ملخص | D3: من تاريخ | E3: إلى تاريخ | F3: إجمالي المدين | G3: إجمالي الدائن | H3: الرصيد | I3: ضريبة القيمة المضافة | J3: آخر سداد | K3: الحالة | L3: الخانات الصفراء = إدخال يدوي · باقي الأعمدة معادلات. للإضافة: اكتب في أول صف فارغ.
D4: =IF(COUNT(C7:C1000)=0,"",MIN(C7:C1000)) -> 46298 | E4: =IF(COUNT(C7:C1000)=0,"",MAX(C7:C1000)) -> 46317 | F4: =SUM(H7:H1000) -> 10430 | G4: =SUM(I7:I1000) -> 6760 | H4: =ROUND(F4-G4,2) -> 3670 | I4: =ROUND(SUMPRODUCT((G7:G1000>1)*E7:E1000*F7:F1000*(G7:G1000-1)),2) -> 0 | J4: =IF(COUNTIFS(I7:I1000,">0",E7:E1000,"")=0,"",_xlfn.MAXIFS(C7:C1000,I7:I1000,">0",E7:E1000,"")) -> 46308 | K4: =IF(ABS(H4)<0.01,"مسدد",IF(H4>0,"مستحق لنا","رصيد للعميل")) -> مستحق لنا
B5: ← العودة للملخص
B6: اليوم | C6: التاريخ | D6: البيان / الصنف | E6: العدد | F6: السعر | G6: ضريبة (1.15 أو 0) | H6: مدين (لنا) | I6: دائن (محصّل) | J6: الرصيد التراكمي | K6: المرجع (سند/فاتورة) | L6: ملاحظات التدقيق
B7: =IF(C7="","",CHOOSE(WEEKDAY(C7),"الأحد","الاثنين","الثلاثاء","الأربعاء","الخميس","الجمعة","السبت")) -> السبت | C7: 46298 | D7: نكترين علبة | E7: 40 | F7: 30 | G7: 0 | H7: =ROUND(E7*F7*IF(G7>1,G7,1),2) -> 1200 | J7: =IF(COUNTA(C7:D7)=0,"",ROUND(SUM(H$7:H7)-SUM(I$7:I7),2)) -> 1200
B8: =IF(C8="","",CHOOSE(WEEKDAY(C8),"الأحد","الاثنين","الثلاثاء","الأربعاء","الخميس","الجمعة","السبت")) -> الأحد | C8: 46299 | D8: كعك علبة | E8: 40 | F8: 40 | G8: 0 | H8: =ROUND(E8*F8*IF(G8>1,G8,1),2) -> 1600 | J8: =IF(COUNTA(C8:D8)=0,"",ROUND(SUM(H$7:H8)-SUM(I$7:I8),2)) -> 2800
B9: =IF(C9="","",CHOOSE(WEEKDAY(C9),"الأحد","الاثنين","الثلاثاء","الأربعاء","الخميس","الجمعة","السبت")) -> الخميس | C9: 46303 | D9: كعك علبة | E9: 40 | F9: 39 | G9: 0 | H9: =ROUND(E9*F9*IF(G9>1,G9,1),2) -> 1560 | J9: =IF(COUNTA(C9:D9)=0,"",ROUND(SUM(H$7:H9)-SUM(I$7:I9),2)) -> 4360
B10: =IF(C10="","",CHOOSE(WEEKDAY(C10),"الأحد","الاثنين","الثلاثاء","الأربعاء","الخميس","الجمعة","السبت")) -> الخميس | C10: 46303 | D10: نكترين علبة | E10: 20 | F10: 27 | G10: 0 | H10: =ROUND(E10*F10*IF(G10>1,G10,1),2) -> 540 | J10: =IF(COUNTA(C10:D10)=0,"",ROUND(SUM(H$7:H10)-SUM(I$7:I10),2)) -> 4900
B11: =IF(C11="","",CHOOSE(WEEKDAY(C11),"الأحد","الاثنين","الثلاثاء","الأربعاء","الخميس","الجمعة","السبت")) -> الخميس | C11: 46303 | D11: خوخ | E11: 30 | F11: 38 | G11: 0 | H11: =ROUND(E11*F11*IF(G11>1,G11,1),2) -> 1140 | J11: =IF(COUNTA(C11:D11)=0,"",ROUND(SUM(H$7:H11)-SUM(I$7:I11),2)) -> 6040
B12: =IF(C12="","",CHOOSE(WEEKDAY(C12),"الأحد","الاثنين","الثلاثاء","الأربعاء","الخميس","الجمعة","السبت")) -> السبت | C12: 46305 | D12: كمثري عكاظ | E12: 80 | F12: 9 | G12: 0 | H12: =ROUND(E12*F12*IF(G12>1,G12,1),2) -> 720 | J12: =IF(COUNTA(C12:D12)=0,"",ROUND(SUM(H$7:H12)-SUM(I$7:I12),2)) -> 6760
B13: =IF(C13="","",CHOOSE(WEEKDAY(C13),"الأحد","الاثنين","الثلاثاء","الأربعاء","الخميس","الجمعة","السبت")) -> الثلاثاء | C13: 46308 | D13: سداد نقدي | I13: 6760 | J13: =IF(COUNTA(C13:D13)=0,"",ROUND(SUM(H$7:H13)-SUM(I$7:I13),2)) -> 0
B14: =IF(C14="","",CHOOSE(WEEKDAY(C14),"الأحد","الاثنين","الثلاثاء","الأربعاء","الخميس","الجمعة","السبت")) -> الخميس | C14: 46317 | D14: كعك علبة | E14: 40 | F14: 40 | G14: 0 | H14: =ROUND(E14*F14*IF(G14>1,G14,1),2) -> 1600 | J14: =IF(COUNTA(C14:D14)=0,"",ROUND(SUM(H$7:H14)-SUM(I$7:I14),2)) -> 1600
B15: =IF(C15="","",CHOOSE(WEEKDAY(C15),"الأحد","الاثنين","الثلاثاء","الأربعاء","الخميس","الجمعة","السبت")) -> الخميس | C15: 46317 | D15: خوخ | E15: 30 | F15: 39 | G15: 0 | H15: =ROUND(E15*F15*IF(G15>1,G15,1),2) -> 1170 | J15: =IF(COUNTA(C15:D15)=0,"",ROUND(SUM(H$7:H15)-SUM(I$7:I15),2)) -> 2770
B16: =IF(C16="","",CHOOSE(WEEKDAY(C16),"الأحد","الاثنين","الثلاثاء","الأربعاء","الخميس","الجمعة","السبت")) -> الخميس | C16: 46317 | D16: نكترين علبة | E16: 30 | F16: 30 | G16: 0 | H16: =ROUND(E16*F16*IF(G16>1,G16,1),2) -> 900 | J16: =IF(COUNTA(C16:D16)=0,"",ROUND(SUM(H$7:H16)-SUM(I$7:I16),2)) -> 3670
B17: =IF(C17="","",CHOOSE(WEEKDAY(C17),"الأحد","الاثنين","الثلاثاء","الأربعاء","الخميس","الجمعة","السبت")) | J17: =IF(COUNTA(C17:D17)=0,"",ROUND(SUM(H$7:H17)-SUM(I$7:I17),2))
B18: =IF(C18="","",CHOOSE(WEEKDAY(C18),"الأحد","الاثنين","الثلاثاء","الأربعاء","الخميس","الجمعة","السبت")) | J18: =IF(COUNTA(C18:D18)=0,"",ROUND(SUM(H$7:H18)-SUM(I$7:I18),2))
B19: =IF(C19="","",CHOOSE(WEEKDAY(C19),"الأحد","الاثنين","الثلاثاء","الأربعاء","الخميس","الجمعة","السبت")) | J19: =IF(COUNTA(C19:D19)=0,"",ROUND(SUM(H$7:H19)-SUM(I$7:I19),2))
B20: =IF(C20="","",CHOOSE(WEEKDAY(C20),"الأحد","الاثنين","الثلاثاء","الأربعاء","الخميس","الجمعة","السبت")) | J20: =IF(COUNTA(C20:D20)=0,"",ROUND(SUM(H$7:H20)-SUM(I$7:I20),2))
B21: =IF(C21="","",CHOOSE(WEEKDAY(C21),"الأحد","الاثنين","الثلاثاء","الأربعاء","الخميس","الجمعة","السبت")) | J21: =IF(COUNTA(C21:D21)=0,"",ROUND(SUM(H$7:H21)-SUM(I$7:I21),2))
B22: =IF(C22="","",CHOOSE(WEEKDAY(C22),"الأحد","الاثنين","الثلاثاء","الأربعاء","الخميس","الجمعة","السبت")) | J22: =IF(COUNTA(C22:D22)=0,"",ROUND(SUM(H$7:H22)-SUM(I$7:I22),2))
B23: =IF(C23="","",CHOOSE(WEEKDAY(C23),"الأحد","الاثنين","الثلاثاء","الأربعاء","الخميس","الجمعة","السبت")) | J23: =IF(COUNTA(C23:D23)=0,"",ROUND(SUM(H$7:H23)-SUM(I$7:I23),2))
B24: =IF(C24="","",CHOOSE(WEEKDAY(C24),"الأحد","الاثنين","الثلاثاء","الأربعاء","الخميس","الجمعة","السبت")) | J24: =IF(COUNTA(C24:D24)=0,"",ROUND(SUM(H$7:H24)-SUM(I$7:I24),2))
B25: =IF(C25="","",CHOOSE(WEEKDAY(C25),"الأحد","الاثنين","الثلاثاء","الأربعاء","الخميس","الجمعة","السبت")) | J25: =IF(COUNTA(C25:D25)=0,"",ROUND(SUM(H$7:H25)-SUM(I$7:I25),2))
B26: =IF(C26="","",CHOOSE(WEEKDAY(C26),"الأحد","الاثنين","الثلاثاء","الأربعاء","الخميس","الجمعة","السبت")) | J26: =IF(COUNTA(C26:D26)=0,"",ROUND(SUM(H$7:H26)-SUM(I$7:I26),2))
B27: =IF(C27="","",CHOOSE(WEEKDAY(C27),"الأحد","الاثنين","الثلاثاء","الأربعاء","الخميس","الجمعة","السبت")) | J27: =IF(COUNTA(C27:D27)=0,"",ROUND(SUM(H$7:H27)-SUM(I$7:I27),2))
B28: =IF(C28="","",CHOOSE(WEEKDAY(C28),"الأحد","الاثنين","الثلاثاء","الأربعاء","الخميس","الجمعة","السبت")) | J28: =IF(COUNTA(C28:D28)=0,"",ROUND(SUM(H$7:H28)-SUM(I$7:I28),2))
... B56: =IF(C56="","",CHOOSE(WEEKDAY(C56),"الأحد","الاثنين","الثلاثاء","الأربعاء","الخميس","الجمعة","السبت")) | J56: =IF(COUNTA(C56:D56)=0,"",ROUND(SUM(H$7:H56)-SUM(I$7:I56),2))

Sheet الكعبي حوالة
B1: كشف حساب — الكعبي حوالة
B2: حساب عميل — المدين: مبيعات (مستحق لنا) · الدائن: تحصيلات وخصومات
B3: ملخص | D3: من تاريخ | E3: إلى تاريخ | F3: إجمالي المدين | G3: إجمالي الدائن | H3: الرصيد | I3: ضريبة القيمة المضافة | J3: آخر سداد | K3: الحالة | L3: الخانات الصفراء = إدخال يدوي · باقي الأعمدة معادلات. للإضافة: اكتب في أول صف فارغ.
D4: =IF(COUNT(C7:C1000)=0,"",MIN(C7:C1000)) -> 46307 | E4: =IF(COUNT(C7:C1000)=0,"",MAX(C7:C1000)) -> 46309 | F4: =SUM(H7:H1000) -> 7636 | G4: =SUM(I7:I1000) -> 0 | H4: =ROUND(F4-G4,2) -> 7636 | I4: =ROUND(SUMPRODUCT((G7:G1000>1)*E7:E1000*F7:F1000*(G7:G1000-1)),2) -> 996 | J4: =IF(COUNTIFS(I7:I1000,">0",E7:E1000,"")=0,"",_xlfn.MAXIFS(C7:C1000,I7:I1000,">0",E7:E1000,"")) | K4: =IF(ABS(H4)<0.01,"مسدد",IF(H4>0,"مستحق لنا","رصيد للعميل")) -> مستحق لنا
B5: ← العودة للملخص
B6: اليوم | C6: التاريخ | D6: البيان / الصنف | E6: العدد | F6: السعر | G6: ضريبة (1.15 أو 0) | H6: مدين (لنا) | I6: دائن (محصّل) | J6: الرصيد التراكمي | K6: المرجع (سند/فاتورة) | L6: ملاحظات التدقيق
B7: =IF(C7="","",CHOOSE(WEEKDAY(C7),"الأحد","الاثنين","الثلاثاء","الأربعاء","الخميس","الجمعة","السبت")) -> الاثنين | C7: 46307 | D7: كعك علب | E7: 30 | F7: 35 | G7: 1.15 | H7: =ROUND(E7*F7*IF(G7>1,G7,1),2) -> 1207.5 | J7: =IF(COUNTA(C7:D7)=0,"",ROUND(SUM(H$7:H7)-SUM(I$7:I7),2)) -> 1207.5
B8: =IF(C8="","",CHOOSE(WEEKDAY(C8),"الأحد","الاثنين","الثلاثاء","الأربعاء","الخميس","الجمعة","السبت")) -> الاثنين | C8: 46307 | D8: نكتارين علب | E8: 20 | F8: 27 | G8: 1.15 | H8: =ROUND(E8*F8*IF(G8>1,G8,1),2) -> 621 | J8: =IF(COUNTA(C8:D8)=0,"",ROUND(SUM(H$7:H8)-SUM(I$7:I8),2)) -> 1828.5
B9: =IF(C9="","",CHOOSE(WEEKDAY(C9),"الأحد","الاثنين","الثلاثاء","الأربعاء","الخميس","الجمعة","السبت")) -> الاثنين | C9: 46307 | D9: خوخ علب | E9: 20 | F9: 35 | G9: 1.15 | H9: =ROUND(E9*F9*IF(G9>1,G9,1),2) -> 805 | J9: =IF(COUNTA(C9:D9)=0,"",ROUND(SUM(H$7:H9)-SUM(I$7:I9),2)) -> 2633.5
B10: =IF(C10="","",CHOOSE(WEEKDAY(C10),"الأحد","الاثنين","الثلاثاء","الأربعاء","الخميس","الجمعة","السبت")) -> الاثنين | C10: 46307 | D10: كمثري عكاظ | E10: 80 | F10: 7 | G10: 1.15 | H10: =ROUND(E10*F10*IF(G10>1,G10,1),2) -> 644 | J10: =IF(COUNTA(C10:D10)=0,"",ROUND(SUM(H$7:H10)-SUM(I$7:I10),2)) -> 3277.5
B11: =IF(C11="","",CHOOSE(WEEKDAY(C11),"الأحد","الاثنين","الثلاثاء","الأربعاء","الخميس","الجمعة","السبت")) -> الأربعاء | C11: 46309 | D11: كعك علب | E11: 40 | F11: 35 | G11: 1.15 | H11: =ROUND(E11*F11*IF(G11>1,G11,1),2) -> 1610 | J11: =IF(COUNTA(C11:D11)=0,"",ROUND(SUM(H$7:H11)-SUM(I$7:I11),2)) -> 4887.5
B12: =IF(C12="","",CHOOSE(WEEKDAY(C12),"الأحد","الاثنين","الثلاثاء","الأربعاء","الخميس","الجمعة","السبت")) -> الأربعاء | C12: 46309 | D12: خوخ علب | E12: 30 | F12: 34 | G12: 1.15 | H12: =ROUND(E12*F12*IF(G12>1,G12,1),2) -> 1173 | J12: =IF(COUNTA(C12:D12)=0,"",ROUND(SUM(H$7:H12)-SUM(I$7:I12),2)) -> 6060.5
B13: =IF(C13="","",CHOOSE(WEEKDAY(C13),"الأحد","الاثنين","الثلاثاء","الأربعاء","الخميس","الجمعة","السبت")) -> الأربعاء | C13: 46309 | D13: نكتارين علب | E13: 30 | F13: 27 | G13: 1.15 | H13: =ROUND(E13*F13*IF(G13>1,G13,1),2) -> 931.5 | J13: =IF(COUNTA(C13:D13)=0,"",ROUND(SUM(H$7:H13)-SUM(I$7:I13),2)) -> 6992
B14: =IF(C14="","",CHOOSE(WEEKDAY(C14),"الأحد","الاثنين","الثلاثاء","الأربعاء","الخميس","الجمعة","السبت")) -> الأربعاء | C14: 46309 | D14: كمثري عكاظ | E14: 80 | F14: 7 | G14: 1.15 | H14: =ROUND(E14*F14*IF(G14>1,G14,1),2) -> 644 | J14: =IF(COUNTA(C14:D14)=0,"",ROUND(SUM(H$7:H14)-SUM(I$7:I14),2)) -> 7636
B15: =IF(C15="","",CHOOSE(WEEKDAY(C15),"الأحد","الاثنين","الثلاثاء","الأربعاء","الخميس","الجمعة","السبت")) | J15: =IF(COUNTA(C15:D15)=0,"",ROUND(SUM(H$7:H15)-SUM(I$7:I15),2))
B16: =IF(C16="","",CHOOSE(WEEKDAY(C16),"الأحد","الاثنين","الثلاثاء","الأربعاء","الخميس","الجمعة","السبت")) | J16: =IF(COUNTA(C16:D16)=0,"",ROUND(SUM(H$7:H16)-SUM(I$7:I16),2))
B17: =IF(C17="","",CHOOSE(WEEKDAY(C17),"الأحد","الاثنين","الثلاثاء","الأربعاء","الخميس","الجمعة","السبت")) | J17: =IF(COUNTA(C17:D17)=0,"",ROUND(SUM(H$7:H17)-SUM(I$7:I17),2))
B18: =IF(C18="","",CHOOSE(WEEKDAY(C18),"الأحد","الاثنين","الثلاثاء","الأربعاء","الخميس","الجمعة","السبت")) | J18: =IF(COUNTA(C18:D18)=0,"",ROUND(SUM(H$7:H18)-SUM(I$7:I18),2))
B19: =IF(C19="","",CHOOSE(WEEKDAY(C19),"الأحد","الاثنين","الثلاثاء","الأربعاء","الخميس","الجمعة","السبت")) | J19: =IF(COUNTA(C19:D19)=0,"",ROUND(SUM(H$7:H19)-SUM(I$7:I19),2))
B20: =IF(C20="","",CHOOSE(WEEKDAY(C20),"الأحد","الاثنين","الثلاثاء","الأربعاء","الخميس","الجمعة","السبت")) | J20: =IF(COUNTA(C20:D20)=0,"",ROUND(SUM(H$7:H20)-SUM(I$7:I20),2))
B21: =IF(C21="","",CHOOSE(WEEKDAY(C21),"الأحد","الاثنين","الثلاثاء","الأربعاء","الخميس","الجمعة","السبت")) | J21: =IF(COUNTA(C21:D21)=0,"",ROUND(SUM(H$7:H21)-SUM(I$7:I21),2))
B22: =IF(C22="","",CHOOSE(WEEKDAY(C22),"الأحد","الاثنين","الثلاثاء","الأربعاء","الخميس","الجمعة","السبت")) | J22: =IF(COUNTA(C22:D22)=0,"",ROUND(SUM(H$7:H22)-SUM(I$7:I22),2))
B23: =IF(C23="","",CHOOSE(WEEKDAY(C23),"الأحد","الاثنين","الثلاثاء","الأربعاء","الخميس","الجمعة","السبت")) | J23: =IF(COUNTA(C23:D23)=0,"",ROUND(SUM(H$7:H23)-SUM(I$7:I23),2))
B24: =IF(C24="","",CHOOSE(WEEKDAY(C24),"الأحد","الاثنين","الثلاثاء","الأربعاء","الخميس","الجمعة","السبت")) | J24: =IF(COUNTA(C24:D24)=0,"",ROUND(SUM(H$7:H24)-SUM(I$7:I24),2))
B25: =IF(C25="","",CHOOSE(WEEKDAY(C25),"الأحد","الاثنين","الثلاثاء","الأربعاء","الخميس","الجمعة","السبت")) | J25: =IF(COUNTA(C25:D25)=0,"",ROUND(SUM(H$7:H25)-SUM(I$7:I25),2))
B26: =IF(C26="","",CHOOSE(WEEKDAY(C26),"الأحد","الاثنين","الثلاثاء","الأربعاء","الخميس","الجمعة","السبت")) | J26: =IF(COUNTA(C26:D26)=0,"",ROUND(SUM(H$7:H26)-SUM(I$7:I26),2))
... B54: =IF(C54="","",CHOOSE(WEEKDAY(C54),"الأحد","الاثنين","الثلاثاء","الأربعاء","الخميس","الجمعة","السبت")) | J54: =IF(COUNTA(C54:D54)=0,"",ROUND(SUM(H$7:H54)-SUM(I$7:I54),2))

Sheet محمد عادل
B1: كشف حساب — محمد عادل
B2: حساب عميل — المدين: مبيعات (مستحق لنا) · الدائن: تحصيلات وخصومات
B3: ملخص | D3: من تاريخ | E3: إلى تاريخ | F3: إجمالي المدين | G3: إجمالي الدائن | H3: الرصيد | I3: ضريبة القيمة المضافة | J3: آخر سداد | K3: الحالة | L3: الخانات الصفراء = إدخال يدوي · باقي الأعمدة معادلات. للإضافة: اكتب في أول صف فارغ.
D4: =IF(COUNT(C7:C1000)=0,"",MIN(C7:C1000)) -> 46307 | E4: =IF(COUNT(C7:C1000)=0,"",MAX(C7:C1000)) -> 46321 | F4: =SUM(H7:H1000) -> 10835.55 | G4: =SUM(I7:I1000) -> 10835 | H4: =ROUND(F4-G4,2) -> 0.55 | I4: =ROUND(SUMPRODUCT((G7:G1000>1)*E7:E1000*F7:F1000*(G7:G1000-1)),2) -> 547.25 | J4: =IF(COUNTIFS(I7:I1000,">0",E7:E1000,"")=0,"",_xlfn.MAXIFS(C7:C1000,I7:I1000,">0",E7:E1000,"")) -> 46321 | K4: =IF(ABS(H4)<0.01,"مسدد",IF(H4>0,"مستحق لنا","رصيد للعميل")) -> مستحق لنا
B5: ← العودة للملخص
B6: اليوم | C6: التاريخ | D6: البيان / الصنف | E6: العدد | F6: السعر | G6: ضريبة (1.15 أو 0) | H6: مدين (لنا) | I6: دائن (محصّل) | J6: الرصيد التراكمي | K6: المرجع (سند/فاتورة) | L6: ملاحظات التدقيق
B7: =IF(C7="","",CHOOSE(WEEKDAY(C7),"الأحد","الاثنين","الثلاثاء","الأربعاء","الخميس","الجمعة","السبت")) -> الاثنين | C7: 46307 | D7: كمثري عكاظ | E7: 16 | F7: 7 | G7: 1.15 | H7: =ROUND(E7*F7*IF(G7>1,G7,1),2) -> 128.8 | J7: =IF(COUNTA(C7:D7)=0,"",ROUND(SUM(H$7:H7)-SUM(I$7:I7),2)) -> 128.8
B8: =IF(C8="","",CHOOSE(WEEKDAY(C8),"الأحد","الاثنين","الثلاثاء","الأربعاء","الخميس","الجمعة","السبت")) -> الجمعة | C8: 46311 | D8: فراولة | E8: 14 | F8: 108.7 | G8: 1.15 | H8: =ROUND(E8*F8*IF(G8>1,G8,1),2) -> 1750.07 | J8: =IF(COUNTA(C8:D8)=0,"",ROUND(SUM(H$7:H8)-SUM(I$7:I8),2)) -> 1878.87
B9: =IF(C9="","",CHOOSE(WEEKDAY(C9),"الأحد","الاثنين","الثلاثاء","الأربعاء","الخميس","الجمعة","السبت")) -> السبت | C9: 46312 | D9: كمثري عكاظ | E9: 32 | F9: 8 | G9: 1.15 | H9: =ROUND(E9*F9*IF(G9>1,G9,1),2) -> 294.4 | J9: =IF(COUNTA(C9:D9)=0,"",ROUND(SUM(H$7:H9)-SUM(I$7:I9),2)) -> 2173.27
B10: =IF(C10="","",CHOOSE(WEEKDAY(C10),"الأحد","الاثنين","الثلاثاء","الأربعاء","الخميس","الجمعة","السبت")) -> الأحد | C10: 46313 | D10: فراولة | E10: 15 | F10: 108.7 | G10: 1.15 | H10: =ROUND(E10*F10*IF(G10>1,G10,1),2) -> 1875.08 | J10: =IF(COUNTA(C10:D10)=0,"",ROUND(SUM(H$7:H10)-SUM(I$7:I10),2)) -> 4048.35
B11: =IF(C11="","",CHOOSE(WEEKDAY(C11),"الأحد","الاثنين","الثلاثاء","الأربعاء","الخميس","الجمعة","السبت")) -> الاثنين | C11: 46314 | D11: كمثري عكاظ | E11: 16 | F11: 8 | G11: 1.15 | H11: =ROUND(E11*F11*IF(G11>1,G11,1),2) -> 147.2 | J11: =IF(COUNTA(C11:D11)=0,"",ROUND(SUM(H$7:H11)-SUM(I$7:I11),2)) -> 4195.55
B12: =IF(C12="","",CHOOSE(WEEKDAY(C12),"الأحد","الاثنين","الثلاثاء","الأربعاء","الخميس","الجمعة","السبت")) -> الأربعاء | C12: 46316 | D12: فراولة | E12: 10 | F12: 128 | G12: 0 | H12: =ROUND(E12*F12*IF(G12>1,G12,1),2) -> 1280 | J12: =IF(COUNTA(C12:D12)=0,"",ROUND(SUM(H$7:H12)-SUM(I$7:I12),2)) -> 5475.55
B13: =IF(C13="","",CHOOSE(WEEKDAY(C13),"الأحد","الاثنين","الثلاثاء","الأربعاء","الخميس","الجمعة","السبت")) -> الخميس | C13: 46317 | D13: حوالة بنكية ل جبار البيشي | I13: 3000 | J13: =IF(COUNTA(C13:D13)=0,"",ROUND(SUM(H$7:H13)-SUM(I$7:I13),2)) -> 2475.55
B14: =IF(C14="","",CHOOSE(WEEKDAY(C14),"الأحد","الاثنين","الثلاثاء","الأربعاء","الخميس","الجمعة","السبت")) -> السبت | C14: 46319 | D14: فراولة | E14: 20 | F14: 138 | G14: 0 | H14: =ROUND(E14*F14*IF(G14>1,G14,1),2) -> 2760 | J14: =IF(COUNTA(C14:D14)=0,"",ROUND(SUM(H$7:H14)-SUM(I$7:I14),2)) -> 5235.55
B15: =IF(C15="","",CHOOSE(WEEKDAY(C15),"الأحد","الاثنين","الثلاثاء","الأربعاء","الخميس","الجمعة","السبت")) -> الأحد | C15: 46320 | D15: فراولة | E15: 20 | F15: 130 | G15: 0 | H15: =ROUND(E15*F15*IF(G15>1,G15,1),2) -> 2600 | J15: =IF(COUNTA(C15:D15)=0,"",ROUND(SUM(H$7:H15)-SUM(I$7:I15),2)) -> 7835.55
B16: =IF(C16="","",CHOOSE(WEEKDAY(C16),"الأحد","الاثنين","الثلاثاء","الأربعاء","الخميس","الجمعة","السبت")) -> الاثنين | C16: 46321 | D16: حوالة بنكية ل جبار البيشي | I16: 7800 | J16: =IF(COUNTA(C16:D16)=0,"",ROUND(SUM(H$7:H16)-SUM(I$7:I16),2)) -> 35.55
B17: =IF(C17="","",CHOOSE(WEEKDAY(C17),"الأحد","الاثنين","الثلاثاء","الأربعاء","الخميس","الجمعة","السبت")) -> الاثنين | C17: 46321 | D17: خصم | I17: 35 | J17: =IF(COUNTA(C17:D17)=0,"",ROUND(SUM(H$7:H17)-SUM(I$7:I17),2)) -> 0.55
B18: =IF(C18="","",CHOOSE(WEEKDAY(C18),"الأحد","الاثنين","الثلاثاء","الأربعاء","الخميس","الجمعة","السبت")) | J18: =IF(COUNTA(C18:D18)=0,"",ROUND(SUM(H$7:H18)-SUM(I$7:I18),2))
B19: =IF(C19="","",CHOOSE(WEEKDAY(C19),"الأحد","الاثنين","الثلاثاء","الأربعاء","الخميس","الجمعة","السبت")) | J19: =IF(COUNTA(C19:D19)=0,"",ROUND(SUM(H$7:H19)-SUM(I$7:I19),2))
B20: =IF(C20="","",CHOOSE(WEEKDAY(C20),"الأحد","الاثنين","الثلاثاء","الأربعاء","الخميس","الجمعة","السبت")) | J20: =IF(COUNTA(C20:D20)=0,"",ROUND(SUM(H$7:H20)-SUM(I$7:I20),2))
B21: =IF(C21="","",CHOOSE(WEEKDAY(C21),"الأحد","الاثنين","الثلاثاء","الأربعاء","الخميس","الجمعة","السبت")) | J21: =IF(COUNTA(C21:D21)=0,"",ROUND(SUM(H$7:H21)-SUM(I$7:I21),2))
B22: =IF(C22="","",CHOOSE(WEEKDAY(C22),"الأحد","الاثنين","الثلاثاء","الأربعاء","الخميس","الجمعة","السبت")) | J22: =IF(COUNTA(C22:D22)=0,"",ROUND(SUM(H$7:H22)-SUM(I$7:I22),2))
B23: =IF(C23="","",CHOOSE(WEEKDAY(C23),"الأحد","الاثنين","الثلاثاء","الأربعاء","الخميس","الجمعة","السبت")) | J23: =IF(COUNTA(C23:D23)=0,"",ROUND(SUM(H$7:H23)-SUM(I$7:I23),2))
B24: =IF(C24="","",CHOOSE(WEEKDAY(C24),"الأحد","الاثنين","الثلاثاء","الأربعاء","الخميس","الجمعة","السبت")) | J24: =IF(COUNTA(C24:D24)=0,"",ROUND(SUM(H$7:H24)-SUM(I$7:I24),2))
B25: =IF(C25="","",CHOOSE(WEEKDAY(C25),"الأحد","الاثنين","الثلاثاء","الأربعاء","الخميس","الجمعة","السبت")) | J25: =IF(COUNTA(C25:D25)=0,"",ROUND(SUM(H$7:H25)-SUM(I$7:I25),2))
B26: =IF(C26="","",CHOOSE(WEEKDAY(C26),"الأحد","الاثنين","الثلاثاء","الأربعاء","الخميس","الجمعة","السبت")) | J26: =IF(COUNTA(C26:D26)=0,"",ROUND(SUM(H$7:H26)-SUM(I$7:I26),2))
B27: =IF(C27="","",CHOOSE(WEEKDAY(C27),"الأحد","الاثنين","الثلاثاء","الأربعاء","الخميس","الجمعة","السبت")) | J27: =IF(COUNTA(C27:D27)=0,"",ROUND(SUM(H$7:H27)-SUM(I$7:I27),2))
B28: =IF(C28="","",CHOOSE(WEEKDAY(C28),"الأحد","الاثنين","الثلاثاء","الأربعاء","الخميس","الجمعة","السبت")) | J28: =IF(COUNTA(C28:D28)=0,"",ROUND(SUM(H$7:H28)-SUM(I$7:I28),2))
B29: =IF(C29="","",CHOOSE(WEEKDAY(C29),"الأحد","الاثنين","الثلاثاء","الأربعاء","الخميس","الجمعة","السبت")) | J29: =IF(COUNTA(C29:D29)=0,"",ROUND(SUM(H$7:H29)-SUM(I$7:I29),2))
... B57: =IF(C57="","",CHOOSE(WEEKDAY(C57),"الأحد","الاثنين","الثلاثاء","الأربعاء","الخميس","الجمعة","السبت")) | J57: =IF(COUNTA(C57:D57)=0,"",ROUND(SUM(H$7:H57)-SUM(I$7:I57),2))

Sheet فيض الكرم
B1: كشف حساب — فيض الكرم
B2: حساب عميل — المدين: مبيعات (مستحق لنا) · الدائن: تحصيلات وخصومات
B3: ملخص | D3: من تاريخ | E3: إلى تاريخ | F3: إجمالي المدين | G3: إجمالي الدائن | H3: الرصيد | I3: ضريبة القيمة المضافة | J3: آخر سداد | K3: الحالة | L3: الخانات الصفراء = إدخال يدوي · باقي الأعمدة معادلات. للإضافة: اكتب في أول صف فارغ.
D4: =IF(COUNT(C7:C1000)=0,"",MIN(C7:C1000)) -> 46313 | E4: =IF(COUNT(C7:C1000)=0,"",MAX(C7:C1000)) -> 46321 | F4: =SUM(H7:H1000) -> 5037 | G4: =SUM(I7:I1000) -> 5035 | H4: =ROUND(F4-G4,2) -> 2 | I4: =ROUND(SUMPRODUCT((G7:G1000>1)*E7:E1000*F7:F1000*(G7:G1000-1)),2) -> 657 | J4: =IF(COUNTIFS(I7:I1000,">0",E7:E1000,"")=0,"",_xlfn.MAXIFS(C7:C1000,I7:I1000,">0",E7:E1000,"")) -> 46321 | K4: =IF(ABS(H4)<0.01,"مسدد",IF(H4>0,"مستحق لنا","رصيد للعميل")) -> مستحق لنا
B5: ← العودة للملخص
B6: اليوم | C6: التاريخ | D6: البيان / الصنف | E6: العدد | F6: السعر | G6: ضريبة (1.15 أو 0) | H6: مدين (لنا) | I6: دائن (محصّل) | J6: الرصيد التراكمي | K6: المرجع (سند/فاتورة) | L6: ملاحظات التدقيق
B7: =IF(C7="","",CHOOSE(WEEKDAY(C7),"الأحد","الاثنين","الثلاثاء","الأربعاء","الخميس","الجمعة","السبت")) -> الأحد | C7: 46313 | D7: فراولة | E7: 20 | F7: 107 | G7: 1.15 | H7: =ROUND(E7*F7*IF(G7>1,G7,1),2) -> 2461 | J7: =IF(COUNTA(C7:D7)=0,"",ROUND(SUM(H$7:H7)-SUM(I$7:I7),2)) -> 2461
B8: =IF(C8="","",CHOOSE(WEEKDAY(C8),"الأحد","الاثنين","الثلاثاء","الأربعاء","الخميس","الجمعة","السبت")) -> الأربعاء | C8: 46316 | D8: سداد | I8: 2460 | J8: =IF(COUNTA(C8:D8)=0,"",ROUND(SUM(H$7:H8)-SUM(I$7:I8),2)) -> 1
B9: =IF(C9="","",CHOOSE(WEEKDAY(C9),"الأحد","الاثنين","الثلاثاء","الأربعاء","الخميس","الجمعة","السبت")) -> السبت | C9: 46319 | D9: فراولة | E9: 20 | F9: 112 | G9: 1.15 | H9: =ROUND(E9*F9*IF(G9>1,G9,1),2) -> 2576 | J9: =IF(COUNTA(C9:D9)=0,"",ROUND(SUM(H$7:H9)-SUM(I$7:I9),2)) -> 2577
B10: =IF(C10="","",CHOOSE(WEEKDAY(C10),"الأحد","الاثنين","الثلاثاء","الأربعاء","الخميس","الجمعة","السبت")) -> الاثنين | C10: 46321 | D10: سداد | I10: 2575 | J10: =IF(COUNTA(C10:D10)=0,"",ROUND(SUM(H$7:H10)-SUM(I$7:I10),2)) -> 2
B11: =IF(C11="","",CHOOSE(WEEKDAY(C11),"الأحد","الاثنين","الثلاثاء","الأربعاء","الخميس","الجمعة","السبت")) | J11: =IF(COUNTA(C11:D11)=0,"",ROUND(SUM(H$7:H11)-SUM(I$7:I11),2))
B12: =IF(C12="","",CHOOSE(WEEKDAY(C12),"الأحد","الاثنين","الثلاثاء","الأربعاء","الخميس","الجمعة","السبت")) | J12: =IF(COUNTA(C12:D12)=0,"",ROUND(SUM(H$7:H12)-SUM(I$7:I12),2))
B13: =IF(C13="","",CHOOSE(WEEKDAY(C13),"الأحد","الاثنين","الثلاثاء","الأربعاء","الخميس","الجمعة","السبت")) | J13: =IF(COUNTA(C13:D13)=0,"",ROUND(SUM(H$7:H13)-SUM(I$7:I13),2))
B14: =IF(C14="","",CHOOSE(WEEKDAY(C14),"الأحد","الاثنين","الثلاثاء","الأربعاء","الخميس","الجمعة","السبت")) | J14: =IF(COUNTA(C14:D14)=0,"",ROUND(SUM(H$7:H14)-SUM(I$7:I14),2))
B15: =IF(C15="","",CHOOSE(WEEKDAY(C15),"الأحد","الاثنين","الثلاثاء","الأربعاء","الخميس","الجمعة","السبت")) | J15: =IF(COUNTA(C15:D15)=0,"",ROUND(SUM(H$7:H15)-SUM(I$7:I15),2))
B16: =IF(C16="","",CHOOSE(WEEKDAY(C16),"الأحد","الاثنين","الثلاثاء","الأربعاء","الخميس","الجمعة","السبت")) | J16: =IF(COUNTA(C16:D16)=0,"",ROUND(SUM(H$7:H16)-SUM(I$7:I16),2))
B17: =IF(C17="","",CHOOSE(WEEKDAY(C17),"الأحد","الاثنين","الثلاثاء","الأربعاء","الخميس","الجمعة","السبت")) | J17: =IF(COUNTA(C17:D17)=0,"",ROUND(SUM(H$7:H17)-SUM(I$7:I17),2))
B18: =IF(C18="","",CHOOSE(WEEKDAY(C18),"الأحد","الاثنين","الثلاثاء","الأربعاء","الخميس","الجمعة","السبت")) | J18: =IF(COUNTA(C18:D18)=0,"",ROUND(SUM(H$7:H18)-SUM(I$7:I18),2))
B19: =IF(C19="","",CHOOSE(WEEKDAY(C19),"الأحد","الاثنين","الثلاثاء","الأربعاء","الخميس","الجمعة","السبت")) | J19: =IF(COUNTA(C19:D19)=0,"",ROUND(SUM(H$7:H19)-SUM(I$7:I19),2))
B20: =IF(C20="","",CHOOSE(WEEKDAY(C20),"الأحد","الاثنين","الثلاثاء","الأربعاء","الخميس","الجمعة","السبت")) | J20: =IF(COUNTA(C20:D20)=0,"",ROUND(SUM(H$7:H20)-SUM(I$7:I20),2))
B21: =IF(C21="","",CHOOSE(WEEKDAY(C21),"الأحد","الاثنين","الثلاثاء","الأربعاء","الخميس","الجمعة","السبت")) | J21: =IF(COUNTA(C21:D21)=0,"",ROUND(SUM(H$7:H21)-SUM(I$7:I21),2))
B22: =IF(C22="","",CHOOSE(WEEKDAY(C22),"الأحد","الاثنين","الثلاثاء","الأربعاء","الخميس","الجمعة","السبت")) | J22: =IF(COUNTA(C22:D22)=0,"",ROUND(SUM(H$7:H22)-SUM(I$7:I22),2))
... B50: =IF(C50="","",CHOOSE(WEEKDAY(C50),"الأحد","الاثنين","الثلاثاء","الأربعاء","الخميس","الجمعة","السبت")) | J50: =IF(COUNTA(C50:D50)=0,"",ROUND(SUM(H$7:H50)-SUM(I$7:I50),2))

Sheet سامر اليمني
B1: كشف حساب — سامر اليمني
B2: حساب عميل — المدين: مبيعات (مستحق لنا) · الدائن: تحصيلات وخصومات
B3: ملخص | D3: من تاريخ | E3: إلى تاريخ | F3: إجمالي المدين | G3: إجمالي الدائن | H3: الرصيد | I3: ضريبة القيمة المضافة | J3: آخر سداد | K3: الحالة | L3: الخانات الصفراء = إدخال يدوي · باقي الأعمدة معادلات. للإضافة: اكتب في أول صف فارغ.
D4: =IF(COUNT(C7:C1000)=0,"",MIN(C7:C1000)) -> 46305 | E4: =IF(COUNT(C7:C1000)=0,"",MAX(C7:C1000)) -> 46313 | F4: =SUM(H7:H1000) -> 720 | G4: =SUM(I7:I1000) -> 715 | H4: =ROUND(F4-G4,2) -> 5 | I4: =ROUND(SUMPRODUCT((G7:G1000>1)*E7:E1000*F7:F1000*(G7:G1000-1)),2) -> 0 | J4: =IF(COUNTIFS(I7:I1000,">0",E7:E1000,"")=0,"",_xlfn.MAXIFS(C7:C1000,I7:I1000,">0",E7:E1000,"")) -> 46313 | K4: =IF(ABS(H4)<0.01,"مسدد",IF(H4>0,"مستحق لنا","رصيد للعميل")) -> مستحق لنا
B5: ← العودة للملخص
B6: اليوم | C6: التاريخ | D6: البيان / الصنف | E6: العدد | F6: السعر | G6: ضريبة (1.15 أو 0) | H6: مدين (لنا) | I6: دائن (محصّل) | J6: الرصيد التراكمي | K6: المرجع (سند/فاتورة) | L6: ملاحظات التدقيق
B7: =IF(C7="","",CHOOSE(WEEKDAY(C7),"الأحد","الاثنين","الثلاثاء","الأربعاء","الخميس","الجمعة","السبت")) -> السبت | C7: 46305 | D7: رمان وسط | E7: 10 | F7: 18.5 | G7: 0 | H7: =ROUND(E7*F7*IF(G7>1,G7,1),2) -> 185 | J7: =IF(COUNTA(C7:D7)=0,"",ROUND(SUM(H$7:H7)-SUM(I$7:I7),2)) -> 185
B8: =IF(C8="","",CHOOSE(WEEKDAY(C8),"الأحد","الاثنين","الثلاثاء","الأربعاء","الخميس","الجمعة","السبت")) -> الأحد | C8: 46306 | D8: سداد | I8: 180 | J8: =IF(COUNTA(C8:D8)=0,"",ROUND(SUM(H$7:H8)-SUM(I$7:I8),2)) -> 5
