Workbook

Sheet تعليمات
A1: دليل الاستخدام
A3: طريقة الإدخال
A4: 1 | B4: سجّل العملاء في "دليل العملاء" والأصناف في "دليل الأصناف" (أول صف فارغ).
A5: 2 | B5: في "المبيعات اليومية" أدخل: التاريخ، العميل، الصنف، الكمية، سعر الوحدة، ونوع السعر.
A6: 3 | B6: كود الصنف والإجماليات والضريبة وحالة السطر تُحسب تلقائياً — لا تكتب فيها.
A7: 4 | B7: عمود "حالة السطر" ينبّهك بأي نقص أو خطأ في السطر، وبطاقة "سطور تحتاج مراجعة" تعرض عددها.
A8: 5 | B8: في أوراق الملخص اختر "من تاريخ / إلى تاريخ" لعرض فترة محددة، أو اتركهما فارغين لكل الفترات.
A9: 6 | B9: نسبة الضريبة واسم المنشأة تُعدَّل من ورقة "الإعدادات" فقط.
A10: دليل الألوان
A11: خلفية صفراء + خط أزرق | B11: خلايا إدخال.
A12: خط أسود | B12: معادلات تلقائية — لا تعدّلها.
A13: أحمر | B13: خطأ أو تكرار يحتاج مراجعة.
A14: العمل على Google Sheets و Google Drive
A15: 1 | B15: ارفع الملف إلى Google Drive، ثم انقر عليه بالزر الأيمن ← فتح باستخدام ← جداول بيانات Google.
A16: 2 | B16: للتحويل الكامل: ملف ← حفظ كجداول بيانات Google (يمكن بعدها مشاركته والعمل عليه من أكثر من جهاز).
A17: 3 | B17: كل المعادلات والقوائم المنسدلة والتنسيق الشرطي متوافقة مع Google Sheets و Excel معاً.
A18: 4 | B18: لتنزيله مرة أخرى كملف Excel: ملف ← تنزيل ← Microsoft Excel (.xlsx).
A19: 5 | B19: للتشغيل على الجوال استخدم تطبيق Google Sheets — القوائم المنسدلة تعمل باللمس.
A20: ملاحظات
A21: • | B21: الشاشة تتسع لـ 300 عملية، و100 عميل، و200 صنف. عند امتلاء الصفوف: انسخ آخر صف وألصقه أسفله.
A22: • | B22: الحساب لكل سطر يُقرَّب إلى هللتين؛ في السعر الشامل يُستخرج الصافي = الإجمالي ÷ (1 + نسبة الضريبة).
A23: • | B23: بيانات العمليات الأصلية أُعطيت تاريخ 2026/10/24 (لم يكن في الملف الأصلي عمود تاريخ) — عدّله حسب الحاجة.

Sheet المبيعات اليومية
A1: شاشة المبيعات اليومية وتتبع العملاء
A2: ="تاريخ التقرير: "&TEXT(TODAY(),"yyyy/mm/dd")&" | "&الإعدادات!$B$4&" | نسبة الضريبة: "&TEXT(الإعدادات!$B$5,"0%") -> تاريخ التقرير: 2026/10/24 | مؤسسة توريد الخضار والفواكه | نسبة الضريبة: 15%
A4: إجمالي المبيعات (شامل الضريبة) | C4: إجمالي المبيعات قبل الضريبة | E4: إجمالي الضريبة | G4: مبيعات اليوم (شامل الضريبة) | I4: عدد العمليات المسجلة | K4: سطور تحتاج مراجعة
A5: =SUM($J$9:$J$308) -> 13736.18 | C5: =SUM($H$9:$H$308) -> 11944.5 | E5: =SUM($I$9:$I$308) -> 1791.68 | G5: =SUMIFS($J$9:$J$308,$A$9:$A$308,TODAY()) -> 13736.18 | I5: =COUNTIF($B$9:$B$308,"?*") -> 8 | K5: =COUNTIF($L$9:$L$308,"⚠*") -> 0
A7: الخلايا الصفراء بخط أزرق للإدخال — باقي الأعمدة تُحسب تلقائياً. اترك "نوع السعر" فارغاً ليُعامل كـ "غير شامل الضريبة".
A8: التاريخ | B8: اسم العميل (اختر من القائمة) | C8: اسم الصنف (اختر من القائمة) | D8: كود الصنف (تلقائي) | E8: الكمية | F8: سعر الوحدة | G8: نوع السعر | H8: الإجمالي قبل الضريبة | I8: مبلغ الضريبة | J8: الإجمالي شامل الضريبة | K8: ملاحظات | L8: حالة السطر (تلقائي)
A9: 46319 | B9: شركة التخصص الذهبي -الربوه | C9: بصل كبير | D9: =IF(C9="","",IFERROR(INDEX('دليل الأصناف'!$A$4:$A$203,MATCH(C9,'دليل الأصناف'!$B$4:$B$203,0)),"غير مسجل")) -> 20211 | E9: 470 | F9: 4.5 | G9: غير شامل الضريبة | H9: =IF(OR(E9="",F9=""),0,IF(G9="شامل الضريبة",ROUND(ROUND(E9*F9,2)/(1+الإعدادات!$B$5),2),ROUND(E9*F9,2))) -> 2115 | I9: =IF(OR(E9="",F9=""),0,IF(G9="شامل الضريبة",ROUND(E9*F9,2)-H9,ROUND(H9*الإعدادات!$B$5,2))) -> 317.25 | J9: =H9+I9 -> 2432.25 | K9: توريد صباحي | L9: =IF(AND(B9="",C9="",E9="",F9=""),"",IF(B9="","⚠ اختر العميل",IF(COUNTIF('دليل العملاء'!$B$4:$B$203,B9)=0,"⚠ عميل غير مسجل",IF(C9="","⚠ اختر الصنف",IF(COUNTIF('دليل الأصناف'!$B$4:$B$203,C9)=0,"⚠ صنف غير مسجل",IF(E9="","⚠ أدخل الكمية",IF(F9="","⚠ أدخل السعر",IF(A9="","⚠ أدخل التاريخ","✓ سليم")))))))) -> ✓ سليم
A10: 46319 | B10: شركة التخصص الذهبي -حراء | C10: بطاطس كبير | D10: =IF(C10="","",IFERROR(INDEX('دليل الأصناف'!$A$4:$A$203,MATCH(C10,'دليل الأصناف'!$B$4:$B$203,0)),"غير مسجل")) -> 20213 | E10: 297 | F10: 9.775 | G10: شامل الضريبة | H10: =IF(OR(E10="",F10=""),0,IF(G10="شامل الضريبة",ROUND(ROUND(E10*F10,2)/(1+الإعدادات!$B$5),2),ROUND(E10*F10,2))) -> 2524.5 | I10: =IF(OR(E10="",F10=""),0,IF(G10="شامل الضريبة",ROUND(E10*F10,2)-H10,ROUND(H10*الإعدادات!$B$5,2))) -> 378.68 | J10: =H10+I10 -> 2903.18 | K10: فرع حراء | L10: =IF(AND(B10="",C10="",E10="",F10=""),"",IF(B10="","⚠ اختر العميل",IF(COUNTIF('دليل العملاء'!$B$4:$B$203,B10)=0,"⚠ عميل غير مسجل",IF(C10="","⚠ اختر الصنف",IF(COUNTIF('دليل الأصناف'!$B$4:$B$203,C10)=0,"⚠ صنف غير مسجل",IF(E10="","⚠ أدخل الكمية",IF(F10="","⚠ أدخل السعر",IF(A10="","⚠ أدخل التاريخ","✓ سليم")))))))) -> ✓ سليم
A11: 46319 | B11: شركة التخصص الذهبي -الصفا | C11: بصل ابيض | D11: =IF(C11="","",IFERROR(INDEX('دليل الأصناف'!$A$4:$A$203,MATCH(C11,'دليل الأصناف'!$B$4:$B$203,0)),"غير مسجل")) -> 448660 | E11: 150 | F11: 5 | G11: غير شامل الضريبة | H11: =IF(OR(E11="",F11=""),0,IF(G11="شامل الضريبة",ROUND(ROUND(E11*F11,2)/(1+الإعدادات!$B$5),2),ROUND(E11*F11,2))) -> 750 | I11: =IF(OR(E11="",F11=""),0,IF(G11="شامل الضريبة",ROUND(E11*F11,2)-H11,ROUND(H11*الإعدادات!$B$5,2))) -> 112.5 | J11: =H11+I11 -> 862.5 | K11: طلب خاص | L11: =IF(AND(B11="",C11="",E11="",F11=""),"",IF(B11="","⚠ اختر العميل",IF(COUNTIF('دليل العملاء'!$B$4:$B$203,B11)=0,"⚠ عميل غير مسجل",IF(C11="","⚠ اختر الصنف",IF(COUNTIF('دليل الأصناف'!$B$4:$B$203,C11)=0,"⚠ صنف غير مسجل",IF(E11="","⚠ أدخل الكمية",IF(F11="","⚠ أدخل السعر",IF(A11="","⚠ أدخل التاريخ","✓ سليم")))))))) -> ✓ سليم
A12: 46319 | B12: عبر الإقليم | C12: رمان | D12: =IF(C12="","",IFERROR(INDEX('دليل الأصناف'!$A$4:$A$203,MATCH(C12,'دليل الأصناف'!$B$4:$B$203,0)),"غير مسجل")) -> 20227 | E12: 200 | F12: 9.2 | G12: شامل الضريبة | H12: =IF(OR(E12="",F12=""),0,IF(G12="شامل الضريبة",ROUND(ROUND(E12*F12,2)/(1+الإعدادات!$B$5),2),ROUND(E12*F12,2))) -> 1600 | I12: =IF(OR(E12="",F12=""),0,IF(G12="شامل الضريبة",ROUND(E12*F12,2)-H12,ROUND(H12*الإعدادات!$B$5,2))) -> 240 | J12: =H12+I12 -> 1840 | K12: آجل 30 يوم | L12: =IF(AND(B12="",C12="",E12="",F12=""),"",IF(B12="","⚠ اختر العميل",IF(COUNTIF('دليل العملاء'!$B$4:$B$203,B12)=0,"⚠ عميل غير مسجل",IF(C12="","⚠ اختر الصنف",IF(COUNTIF('دليل الأصناف'!$B$4:$B$203,C12)=0,"⚠ صنف غير مسجل",IF(E12="","⚠ أدخل الكمية",IF(F12="","⚠ أدخل السعر",IF(A12="","⚠ أدخل التاريخ","✓ سليم")))))))) -> ✓ سليم
A13: 46319 | B13: حقيبة الفواكه | C13: تفاح احمر | D13: =IF(C13="","",IFERROR(INDEX('دليل الأصناف'!$A$4:$A$203,MATCH(C13,'دليل الأصناف'!$B$4:$B$203,0)),"غير مسجل")) -> 20225 | E13: 150 | F13: 7.5 | G13: غير شامل الضريبة | H13: =IF(OR(E13="",F13=""),0,IF(G13="شامل الضريبة",ROUND(ROUND(E13*F13,2)/(1+الإعدادات!$B$5),2),ROUND(E13*F13,2))) -> 1125 | I13: =IF(OR(E13="",F13=""),0,IF(G13="شامل الضريبة",ROUND(E13*F13,2)-H13,ROUND(H13*الإعدادات!$B$5,2))) -> 168.75 | J13: =H13+I13 -> 1293.75 | K13: طلب مميز | L13: =IF(AND(B13="",C13="",E13="",F13=""),"",IF(B13="","⚠ اختر العميل",IF(COUNTIF('دليل العملاء'!$B$4:$B$203,B13)=0,"⚠ عميل غير مسجل",IF(C13="","⚠ اختر الصنف",IF(COUNTIF('دليل الأصناف'!$B$4:$B$203,C13)=0,"⚠ صنف غير مسجل",IF(E13="","⚠ أدخل الكمية",IF(F13="","⚠ أدخل السعر",IF(A13="","⚠ أدخل التاريخ","✓ سليم")))))))) -> ✓ سليم
A14: 46319 | B14: فيض الكرم | C14: عنب ابيض | D14: =IF(C14="","",IFERROR(INDEX('دليل الأصناف'!$A$4:$A$203,MATCH(C14,'دليل الأصناف'!$B$4:$B$203,0)),"غير مسجل")) -> 20218 | E14: 80 | F14: 14.375 | G14: شامل الضريبة | H14: =IF(OR(E14="",F14=""),0,IF(G14="شامل الضريبة",ROUND(ROUND(E14*F14,2)/(1+الإعدادات!$B$5),2),ROUND(E14*F14,2))) -> 1000 | I14: =IF(OR(E14="",F14=""),0,IF(G14="شامل الضريبة",ROUND(E14*F14,2)-H14,ROUND(H14*الإعدادات!$B$5,2))) -> 150 | J14: =H14+I14 -> 1150 | K14: كاش | L14: =IF(AND(B14="",C14="",E14="",F14=""),"",IF(B14="","⚠ اختر العميل",IF(COUNTIF('دليل العملاء'!$B$4:$B$203,B14)=0,"⚠ عميل غير مسجل",IF(C14="","⚠ اختر الصنف",IF(COUNTIF('دليل الأصناف'!$B$4:$B$203,C14)=0,"⚠ صنف غير مسجل",IF(E14="","⚠ أدخل الكمية",IF(F14="","⚠ أدخل السعر",IF(A14="","⚠ أدخل التاريخ","✓ سليم")))))))) -> ✓ سليم
A15: 46319 | B15: غصون الفاكهه | C15: برتقال عصير | D15: =IF(C15="","",IFERROR(INDEX('دليل الأصناف'!$A$4:$A$203,MATCH(C15,'دليل الأصناف'!$B$4:$B$203,0)),"غير مسجل")) -> 20221 | E15: 350 | F15: 5 | G15: غير شامل الضريبة | H15: =IF(OR(E15="",F15=""),0,IF(G15="شامل الضريبة",ROUND(ROUND(E15*F15,2)/(1+الإعدادات!$B$5),2),ROUND(E15*F15,2))) -> 1750 | I15: =IF(OR(E15="",F15=""),0,IF(G15="شامل الضريبة",ROUND(E15*F15,2)-H15,ROUND(H15*الإعدادات!$B$5,2))) -> 262.5 | J15: =H15+I15 -> 2012.5 | K15: تسليم موقع | L15: =IF(AND(B15="",C15="",E15="",F15=""),"",IF(B15="","⚠ اختر العميل",IF(COUNTIF('دليل العملاء'!$B$4:$B$203,B15)=0,"⚠ عميل غير مسجل",IF(C15="","⚠ اختر الصنف",IF(COUNTIF('دليل الأصناف'!$B$4:$B$203,C15)=0,"⚠ صنف غير مسجل",IF(E15="","⚠ أدخل الكمية",IF(F15="","⚠ أدخل السعر",IF(A15="","⚠ أدخل التاريخ","✓ سليم")))))))) -> ✓ سليم
A16: 46319 | B16: نقاوه بس | C16: فراوله | D16: =IF(C16="","",IFERROR(INDEX('دليل الأصناف'!$A$4:$A$203,MATCH(C16,'دليل الأصناف'!$B$4:$B$203,0)),"غير مسجل")) -> 20224 | E16: 120 | F16: 10.35 | G16: شامل الضريبة | H16: =IF(OR(E16="",F16=""),0,IF(G16="شامل الضريبة",ROUND(ROUND(E16*F16,2)/(1+الإعدادات!$B$5),2),ROUND(E16*F16,2))) -> 1080 | I16: =IF(OR(E16="",F16=""),0,IF(G16="شامل الضريبة",ROUND(E16*F16,2)-H16,ROUND(H16*الإعدادات!$B$5,2))) -> 162 | J16: =H16+I16 -> 1242 | K16: عميل جديد | L16: =IF(AND(B16="",C16="",E16="",F16=""),"",IF(B16="","⚠ اختر العميل",IF(COUNTIF('دليل العملاء'!$B$4:$B$203,B16)=0,"⚠ عميل غير مسجل",IF(C16="","⚠ اختر الصنف",IF(COUNTIF('دليل الأصناف'!$B$4:$B$203,C16)=0,"⚠ صنف غير مسجل",IF(E16="","⚠ أدخل الكمية",IF(F16="","⚠ أدخل السعر",IF(A16="","⚠ أدخل التاريخ","✓ سليم")))))))) -> ✓ سليم
D17: =IF(C17="","",IFERROR(INDEX('دليل الأصناف'!$A$4:$A$203,MATCH(C17,'دليل الأصناف'!$B$4:$B$203,0)),"غير مسجل")) | H17: =IF(OR(E17="",F17=""),0,IF(G17="شامل الضريبة",ROUND(ROUND(E17*F17,2)/(1+الإعدادات!$B$5),2),ROUND(E17*F17,2))) -> 0 | I17: =IF(OR(E17="",F17=""),0,IF(G17="شامل الضريبة",ROUND(E17*F17,2)-H17,ROUND(H17*الإعدادات!$B$5,2))) -> 0 | J17: =H17+I17 -> 0 | L17: =IF(AND(B17="",C17="",E17="",F17=""),"",IF(B17="","⚠ اختر العميل",IF(COUNTIF('دليل العملاء'!$B$4:$B$203,B17)=0,"⚠ عميل غير مسجل",IF(C17="","⚠ اختر الصنف",IF(COUNTIF('دليل الأصناف'!$B$4:$B$203,C17)=0,"⚠ صنف غير مسجل",IF(E17="","⚠ أدخل الكمية",IF(F17="","⚠ أدخل السعر",IF(A17="","⚠ أدخل التاريخ","✓ سليم"))))))))
D18: =IF(C18="","",IFERROR(INDEX('دليل الأصناف'!$A$4:$A$203,MATCH(C18,'دليل الأصناف'!$B$4:$B$203,0)),"غير مسجل")) | H18: =IF(OR(E18="",F18=""),0,IF(G18="شامل الضريبة",ROUND(ROUND(E18*F18,2)/(1+الإعدادات!$B$5),2),ROUND(E18*F18,2))) -> 0 | I18: =IF(OR(E18="",F18=""),0,IF(G18="شامل الضريبة",ROUND(E18*F18,2)-H18,ROUND(H18*الإعدادات!$B$5,2))) -> 0 | J18: =H18+I18 -> 0 | L18: =IF(AND(B18="",C18="",E18="",F18=""),"",IF(B18="","⚠ اختر العميل",IF(COUNTIF('دليل العملاء'!$B$4:$B$203,B18)=0,"⚠ عميل غير مسجل",IF(C18="","⚠ اختر الصنف",IF(COUNTIF('دليل الأصناف'!$B$4:$B$203,C18)=0,"⚠ صنف غير مسجل",IF(E18="","⚠ أدخل الكمية",IF(F18="","⚠ أدخل السعر",IF(A18="","⚠ أدخل التاريخ","✓ سليم"))))))))
D19: =IF(C19="","",IFERROR(INDEX('دليل الأصناف'!$A$4:$A$203,MATCH(C19,'دليل الأصناف'!$B$4:$B$203,0)),"غير مسجل")) | H19: =IF(OR(E19="",F19=""),0,IF(G19="شامل الضريبة",ROUND(ROUND(E19*F19,2)/(1+الإعدادات!$B$5),2),ROUND(E19*F19,2))) -> 0 | I19: =IF(OR(E19="",F19=""),0,IF(G19="شامل الضريبة",ROUND(E19*F19,2)-H19,ROUND(H19*الإعدادات!$B$5,2))) -> 0 | J19: =H19+I19 -> 0 | L19: =IF(AND(B19="",C19="",E19="",F19=""),"",IF(B19="","⚠ اختر العميل",IF(COUNTIF('دليل العملاء'!$B$4:$B$203,B19)=0,"⚠ عميل غير مسجل",IF(C19="","⚠ اختر الصنف",IF(COUNTIF('دليل الأصناف'!$B$4:$B$203,C19)=0,"⚠ صنف غير مسجل",IF(E19="","⚠ أدخل الكمية",IF(F19="","⚠ أدخل السعر",IF(A19="","⚠ أدخل التاريخ","✓ سليم"))))))))
D20: =IF(C20="","",IFERROR(INDEX('دليل الأصناف'!$A$4:$A$203,MATCH(C20,'دليل الأصناف'!$B$4:$B$203,0)),"غير مسجل")) | H20: =IF(OR(E20="",F20=""),0,IF(G20="شامل الضريبة",ROUND(ROUND(E20*F20,2)/(1+الإعدادات!$B$5),2),ROUND(E20*F20,2))) -> 0 | I20: =IF(OR(E20="",F20=""),0,IF(G20="شامل الضريبة",ROUND(E20*F20,2)-H20,ROUND(H20*الإعدادات!$B$5,2))) -> 0 | J20: =H20+I20 -> 0 | L20: =IF(AND(B20="",C20="",E20="",F20=""),"",IF(B20="","⚠ اختر العميل",IF(COUNTIF('دليل العملاء'!$B$4:$B$203,B20)=0,"⚠ عميل غير مسجل",IF(C20="","⚠ اختر الصنف",IF(COUNTIF('دليل الأصناف'!$B$4:$B$203,C20)=0,"⚠ صنف غير مسجل",IF(E20="","⚠ أدخل الكمية",IF(F20="","⚠ أدخل السعر",IF(A20="","⚠ أدخل التاريخ","✓ سليم"))))))))
D21: =IF(C21="","",IFERROR(INDEX('دليل الأصناف'!$A$4:$A$203,MATCH(C21,'دليل الأصناف'!$B$4:$B$203,0)),"غير مسجل")) | H21: =IF(OR(E21="",F21=""),0,IF(G21="شامل الضريبة",ROUND(ROUND(E21*F21,2)/(1+الإعدادات!$B$5),2),ROUND(E21*F21,2))) -> 0 | I21: =IF(OR(E21="",F21=""),0,IF(G21="شامل الضريبة",ROUND(E21*F21,2)-H21,ROUND(H21*الإعدادات!$B$5,2))) -> 0 | J21: =H21+I21 -> 0 | L21: =IF(AND(B21="",C21="",E21="",F21=""),"",IF(B21="","⚠ اختر العميل",IF(COUNTIF('دليل العملاء'!$B$4:$B$203,B21)=0,"⚠ عميل غير مسجل",IF(C21="","⚠ اختر الصنف",IF(COUNTIF('دليل الأصناف'!$B$4:$B$203,C21)=0,"⚠ صنف غير مسجل",IF(E21="","⚠ أدخل الكمية",IF(F21="","⚠ أدخل السعر",IF(A21="","⚠ أدخل التاريخ","✓ سليم"))))))))
D22: =IF(C22="","",IFERROR(INDEX('دليل الأصناف'!$A$4:$A$203,MATCH(C22,'دليل الأصناف'!$B$4:$B$203,0)),"غير مسجل")) | H22: =IF(OR(E22="",F22=""),0,IF(G22="شامل الضريبة",ROUND(ROUND(E22*F22,2)/(1+الإعدادات!$B$5),2),ROUND(E22*F22,2))) -> 0 | I22: =IF(OR(E22="",F22=""),0,IF(G22="شامل الضريبة",ROUND(E22*F22,2)-H22,ROUND(H22*الإعدادات!$B$5,2))) -> 0 | J22: =H22+I22 -> 0 | L22: =IF(AND(B22="",C22="",E22="",F22=""),"",IF(B22="","⚠ اختر العميل",IF(COUNTIF('دليل العملاء'!$B$4:$B$203,B22)=0,"⚠ عميل غير مسجل",IF(C22="","⚠ اختر الصنف",IF(COUNTIF('دليل الأصناف'!$B$4:$B$203,C22)=0,"⚠ صنف غير مسجل",IF(E22="","⚠ أدخل الكمية",IF(F22="","⚠ أدخل السعر",IF(A22="","⚠ أدخل التاريخ","✓ سليم"))))))))
D23: =IF(C23="","",IFERROR(INDEX('دليل الأصناف'!$A$4:$A$203,MATCH(C23,'دليل الأصناف'!$B$4:$B$203,0)),"غير مسجل")) | H23: =IF(OR(E23="",F23=""),0,IF(G23="شامل الضريبة",ROUND(ROUND(E23*F23,2)/(1+الإعدادات!$B$5),2),ROUND(E23*F23,2))) -> 0 | I23: =IF(OR(E23="",F23=""),0,IF(G23="شامل الضريبة",ROUND(E23*F23,2)-H23,ROUND(H23*الإعدادات!$B$5,2))) -> 0 | J23: =H23+I23 -> 0 | L23: =IF(AND(B23="",C23="",E23="",F23=""),"",IF(B23="","⚠ اختر العميل",IF(COUNTIF('دليل العملاء'!$B$4:$B$203,B23)=0,"⚠ عميل غير مسجل",IF(C23="","⚠ اختر الصنف",IF(COUNTIF('دليل الأصناف'!$B$4:$B$203,C23)=0,"⚠ صنف غير مسجل",IF(E23="","⚠ أدخل الكمية",IF(F23="","⚠ أدخل السعر",IF(A23="","⚠ أدخل التاريخ","✓ سليم"))))))))
D24: =IF(C24="","",IFERROR(INDEX('دليل الأصناف'!$A$4:$A$203,MATCH(C24,'دليل الأصناف'!$B$4:$B$203,0)),"غير مسجل")) | H24: =IF(OR(E24="",F24=""),0,IF(G24="شامل الضريبة",ROUND(ROUND(E24*F24,2)/(1+الإعدادات!$B$5),2),ROUND(E24*F24,2))) -> 0 | I24: =IF(OR(E24="",F24=""),0,IF(G24="شامل الضريبة",ROUND(E24*F24,2)-H24,ROUND(H24*الإعدادات!$B$5,2))) -> 0 | J24: =H24+I24 -> 0 | L24: =IF(AND(B24="",C24="",E24="",F24=""),"",IF(B24="","⚠ اختر العميل",IF(COUNTIF('دليل العملاء'!$B$4:$B$203,B24)=0,"⚠ عميل غير مسجل",IF(C24="","⚠ اختر الصنف",IF(COUNTIF('دليل الأصناف'!$B$4:$B$203,C24)=0,"⚠ صنف غير مسجل",IF(E24="","⚠ أدخل الكمية",IF(F24="","⚠ أدخل السعر",IF(A24="","⚠ أدخل التاريخ","✓ سليم"))))))))
D25: =IF(C25="","",IFERROR(INDEX('دليل الأصناف'!$A$4:$A$203,MATCH(C25,'دليل الأصناف'!$B$4:$B$203,0)),"غير مسجل")) | H25: =IF(OR(E25="",F25=""),0,IF(G25="شامل الضريبة",ROUND(ROUND(E25*F25,2)/(1+الإعدادات!$B$5),2),ROUND(E25*F25,2))) -> 0 | I25: =IF(OR(E25="",F25=""),0,IF(G25="شامل الضريبة",ROUND(E25*F25,2)-H25,ROUND(H25*الإعدادات!$B$5,2))) -> 0 | J25: =H25+I25 -> 0 | L25: =IF(AND(B25="",C25="",E25="",F25=""),"",IF(B25="","⚠ اختر العميل",IF(COUNTIF('دليل العملاء'!$B$4:$B$203,B25)=0,"⚠ عميل غير مسجل",IF(C25="","⚠ اختر الصنف",IF(COUNTIF('دليل الأصناف'!$B$4:$B$203,C25)=0,"⚠ صنف غير مسجل",IF(E25="","⚠ أدخل الكمية",IF(F25="","⚠ أدخل السعر",IF(A25="","⚠ أدخل التاريخ","✓ سليم"))))))))
D26: =IF(C26="","",IFERROR(INDEX('دليل الأصناف'!$A$4:$A$203,MATCH(C26,'دليل الأصناف'!$B$4:$B$203,0)),"غير مسجل")) | H26: =IF(OR(E26="",F26=""),0,IF(G26="شامل الضريبة",ROUND(ROUND(E26*F26,2)/(1+الإعدادات!$B$5),2),ROUND(E26*F26,2))) -> 0 | I26: =IF(OR(E26="",F26=""),0,IF(G26="شامل الضريبة",ROUND(E26*F26,2)-H26,ROUND(H26*الإعدادات!$B$5,2))) -> 0 | J26: =H26+I26 -> 0 | L26: =IF(AND(B26="",C26="",E26="",F26=""),"",IF(B26="","⚠ اختر العميل",IF(COUNTIF('دليل العملاء'!$B$4:$B$203,B26)=0,"⚠ عميل غير مسجل",IF(C26="","⚠ اختر الصنف",IF(COUNTIF('دليل الأصناف'!$B$4:$B$203,C26)=0,"⚠ صنف غير مسجل",IF(E26="","⚠ أدخل الكمية",IF(F26="","⚠ أدخل السعر",IF(A26="","⚠ أدخل التاريخ","✓ سليم"))))))))
D27: =IF(C27="","",IFERROR(INDEX('دليل الأصناف'!$A$4:$A$203,MATCH(C27,'دليل الأصناف'!$B$4:$B$203,0)),"غير مسجل")) | H27: =IF(OR(E27="",F27=""),0,IF(G27="شامل الضريبة",ROUND(ROUND(E27*F27,2)/(1+الإعدادات!$B$5),2),ROUND(E27*F27,2))) -> 0 | I27: =IF(OR(E27="",F27=""),0,IF(G27="شامل الضريبة",ROUND(E27*F27,2)-H27,ROUND(H27*الإعدادات!$B$5,2))) -> 0 | J27: =H27+I27 -> 0 | L27: =IF(AND(B27="",C27="",E27="",F27=""),"",IF(B27="","⚠ اختر العميل",IF(COUNTIF('دليل العملاء'!$B$4:$B$203,B27)=0,"⚠ عميل غير مسجل",IF(C27="","⚠ اختر الصنف",IF(COUNTIF('دليل الأصناف'!$B$4:$B$203,C27)=0,"⚠ صنف غير مسجل",IF(E27="","⚠ أدخل الكمية",IF(F27="","⚠ أدخل السعر",IF(A27="","⚠ أدخل التاريخ","✓ سليم"))))))))
D28: =IF(C28="","",IFERROR(INDEX('دليل الأصناف'!$A$4:$A$203,MATCH(C28,'دليل الأصناف'!$B$4:$B$203,0)),"غير مسجل")) | H28: =IF(OR(E28="",F28=""),0,IF(G28="شامل الضريبة",ROUND(ROUND(E28*F28,2)/(1+الإعدادات!$B$5),2),ROUND(E28*F28,2))) -> 0 | I28: =IF(OR(E28="",F28=""),0,IF(G28="شامل الضريبة",ROUND(E28*F28,2)-H28,ROUND(H28*الإعدادات!$B$5,2))) -> 0 | J28: =H28+I28 -> 0 | L28: =IF(AND(B28="",C28="",E28="",F28=""),"",IF(B28="","⚠ اختر العميل",IF(COUNTIF('دليل العملاء'!$B$4:$B$203,B28)=0,"⚠ عميل غير مسجل",IF(C28="","⚠ اختر الصنف",IF(COUNTIF('دليل الأصناف'!$B$4:$B$203,C28)=0,"⚠ صنف غير مسجل",IF(E28="","⚠ أدخل الكمية",IF(F28="","⚠ أدخل السعر",IF(A28="","⚠ أدخل التاريخ","✓ سليم"))))))))
... D308: =IF(C308="","",IFERROR(INDEX('دليل الأصناف'!$A$4:$A$203,MATCH(C308,'دليل الأصناف'!$B$4:$B$203,0)),"غير مسجل")) | H308: =IF(OR(E308="",F308=""),0,IF(G308="شامل الضريبة",ROUND(ROUND(E308*F308,2)/(1+الإعدادات!$B$5),2),ROUND(E308*F308,2))) -> 0 | I308: =IF(OR(E308="",F308=""),0,IF(G308="شامل الضريبة",ROUND(E308*F308,2)-H308,ROUND(H308*الإعدادات!$B$5,2))) -> 0 | J308: =H308+I308 -> 0 | L308: =IF(AND(B308="",C308="",E308="",F308=""),"",IF(B308="","⚠ اختر العميل",IF(COUNTIF('دليل العملاء'!$B$4:$B$203,B308)=0,"⚠ عميل غير مسجل",IF(C308="","⚠ اختر الصنف",IF(COUNTIF('دليل الأصناف'!$B$4:$B$203,C308)=0,"⚠ صنف غير مسجل",IF(E308="","⚠ أدخل الكمية",IF(F308="","⚠ أدخل السعر",IF(A308="","⚠ أدخل التاريخ","✓ سليم"))))))))
A309: الإجمالي العام | E309: =SUM($E$9:$E$308) -> 1817 | H309: =SUM($H$9:$H$308) -> 11944.5 | I309: =SUM($I$9:$I$308) -> 1791.68 | J309: =SUM($J$9:$J$308) -> 13736.18

Sheet ملخص العملاء
A1: ملخص فواتير وحسابات العملاء
A2: يُحدَّث تلقائياً من ورقة "المبيعات اليومية" — اترك التاريخين فارغين لعرض كل الفترات
A4: من تاريخ | D4: =IF(AND(B4<>"",B5<>"",B4>B5),"⚠ تاريخ البداية بعد تاريخ النهاية","")
A5: إلى تاريخ
A7: م | B7: كود العميل | C7: اسم العميل | D7: عدد العمليات | E7: إجمالي الكمية | F7: الإجمالي قبل الضريبة | G7: إجمالي الضريبة | H7: الإجمالي شامل الضريبة | I7: النسبة من المبيعات | J7: حالة الحساب
A8: =IF(C8="","",1) -> 1 | B8: =IF('دليل العملاء'!$B$4="","",'دليل العملاء'!$A$4) -> 101 | C8: =IF('دليل العملاء'!$B$4="","",'دليل العملاء'!$B$4) -> شركة التخصص الذهبي -النسيم | D8: =IF($C8="","",IF($B$4&$B$5="",COUNTIFS('المبيعات اليومية'!$B$9:$B$308,$C8),COUNTIFS('المبيعات اليومية'!$B$9:$B$308,$C8,'المبيعات اليومية'!$A$9:$A$308,">="&IF($B$4="",0,$B$4),'المبيعات اليومية'!$A$9:$A$308,"<="&IF($B$5="",2958465,$B$5)))) -> 0 | E8: =IF($C8="","",IF($B$4&$B$5="",SUMIFS('المبيعات اليومية'!$E$9:$E$308,'المبيعات اليومية'!$B$9:$B$308,$C8),SUMIFS('المبيعات اليومية'!$E$9:$E$308,'المبيعات اليومية'!$B$9:$B$308,$C8,'المبيعات اليومية'!$A$9:$A$308,">="&IF($B$4="",0,$B$4),'المبيعات اليومية'!$A$9:$A$308,"<="&IF($B$5="",2958465,$B$5)))) -> 0 | F8: =IF($C8="","",IF($B$4&$B$5="",SUMIFS('المبيعات اليومية'!$H$9:$H$308,'المبيعات اليومية'!$B$9:$B$308,$C8),SUMIFS('المبيعات اليومية'!$H$9:$H$308,'المبيعات اليومية'!$B$9:$B$308,$C8,'المبيعات اليومية'!$A$9:$A$308,">="&IF($B$4="",0,$B$4),'المبيعات اليومية'!$A$9:$A$308,"<="&IF($B$5="",2958465,$B$5)))) -> 0 | G8: =IF($C8="","",IF($B$4&$B$5="",SUMIFS('المبيعات اليومية'!$I$9:$I$308,'المبيعات اليومية'!$B$9:$B$308,$C8),SUMIFS('المبيعات اليومية'!$I$9:$I$308,'المبيعات اليومية'!$B$9:$B$308,$C8,'المبيعات اليومية'!$A$9:$A$308,">="&IF($B$4="",0,$B$4),'المبيعات اليومية'!$A$9:$A$308,"<="&IF($B$5="",2958465,$B$5)))) -> 0 | H8: =IF($C8="","",IF($B$4&$B$5="",SUMIFS('المبيعات اليومية'!$J$9:$J$308,'المبيعات اليومية'!$B$9:$B$308,$C8),SUMIFS('المبيعات اليومية'!$J$9:$J$308,'المبيعات اليومية'!$B$9:$B$308,$C8,'المبيعات اليومية'!$A$9:$A$308,">="&IF($B$4="",0,$B$4),'المبيعات اليومية'!$A$9:$A$308,"<="&IF($B$5="",2958465,$B$5)))) -> 0 | I8: =IF(OR($C8="",$H$108=0),"",H8/$H$108) -> 0 | J8: =IF(C8="","",IF(D8>0,"نشط","لا يوجد مبيعات")) -> لا يوجد مبيعات
A9: =IF(C9="","",2) -> 2 | B9: =IF('دليل العملاء'!$B$5="","",'دليل العملاء'!$A$5) -> 102 | C9: =IF('دليل العملاء'!$B$5="","",'دليل العملاء'!$B$5) -> شركة التخصص الذهبي -حراء | D9: =IF($C9="","",IF($B$4&$B$5="",COUNTIFS('المبيعات اليومية'!$B$9:$B$308,$C9),COUNTIFS('المبيعات اليومية'!$B$9:$B$308,$C9,'المبيعات اليومية'!$A$9:$A$308,">="&IF($B$4="",0,$B$4),'المبيعات اليومية'!$A$9:$A$308,"<="&IF($B$5="",2958465,$B$5)))) -> 1 | E9: =IF($C9="","",IF($B$4&$B$5="",SUMIFS('المبيعات اليومية'!$E$9:$E$308,'المبيعات اليومية'!$B$9:$B$308,$C9),SUMIFS('المبيعات اليومية'!$E$9:$E$308,'المبيعات اليومية'!$B$9:$B$308,$C9,'المبيعات اليومية'!$A$9:$A$308,">="&IF($B$4="",0,$B$4),'المبيعات اليومية'!$A$9:$A$308,"<="&IF($B$5="",2958465,$B$5)))) -> 297 | F9: =IF($C9="","",IF($B$4&$B$5="",SUMIFS('المبيعات اليومية'!$H$9:$H$308,'المبيعات اليومية'!$B$9:$B$308,$C9),SUMIFS('المبيعات اليومية'!$H$9:$H$308,'المبيعات اليومية'!$B$9:$B$308,$C9,'المبيعات اليومية'!$A$9:$A$308,">="&IF($B$4="",0,$B$4),'المبيعات اليومية'!$A$9:$A$308,"<="&IF($B$5="",2958465,$B$5)))) -> 2524.5 | G9: =IF($C9="","",IF($B$4&$B$5="",SUMIFS('المبيعات اليومية'!$I$9:$I$308,'المبيعات اليومية'!$B$9:$B$308,$C9),SUMIFS('المبيعات اليومية'!$I$9:$I$308,'المبيعات اليومية'!$B$9:$B$308,$C9,'المبيعات اليومية'!$A$9:$A$308,">="&IF($B$4="",0,$B$4),'المبيعات اليومية'!$A$9:$A$308,"<="&IF($B$5="",2958465,$B$5)))) -> 378.68 | H9: =IF($C9="","",IF($B$4&$B$5="",SUMIFS('المبيعات اليومية'!$J$9:$J$308,'المبيعات اليومية'!$B$9:$B$308,$C9),SUMIFS('المبيعات اليومية'!$J$9:$J$308,'المبيعات اليومية'!$B$9:$B$308,$C9,'المبيعات اليومية'!$A$9:$A$308,">="&IF($B$4="",0,$B$4),'المبيعات اليومية'!$A$9:$A$308,"<="&IF($B$5="",2958465,$B$5)))) -> 2903.18 | I9: =IF(OR($C9="",$H$108=0),"",H9/$H$108) -> 0.21135279 | J9: =IF(C9="","",IF(D9>0,"نشط","لا يوجد مبيعات")) -> نشط
A10: =IF(C10="","",3) -> 3 | B10: =IF('دليل العملاء'!$B$6="","",'دليل العملاء'!$A$6) -> 103 | C10: =IF('دليل العملاء'!$B$6="","",'دليل العملاء'!$B$6) -> شركة التخصص الذهبي -المنار | D10: =IF($C10="","",IF($B$4&$B$5="",COUNTIFS('المبيعات اليومية'!$B$9:$B$308,$C10),COUNTIFS('المبيعات اليومية'!$B$9:$B$308,$C10,'المبيعات اليومية'!$A$9:$A$308,">="&IF($B$4="",0,$B$4),'المبيعات اليومية'!$A$9:$A$308,"<="&IF($B$5="",2958465,$B$5)))) -> 0 | E10: =IF($C10="","",IF($B$4&$B$5="",SUMIFS('المبيعات اليومية'!$E$9:$E$308,'المبيعات اليومية'!$B$9:$B$308,$C10),SUMIFS('المبيعات اليومية'!$E$9:$E$308,'المبيعات اليومية'!$B$9:$B$308,$C10,'المبيعات اليومية'!$A$9:$A$308,">="&IF($B$4="",0,$B$4),'المبيعات اليومية'!$A$9:$A$308,"<="&IF($B$5="",2958465,$B$5)))) -> 0 | F10: =IF($C10="","",IF($B$4&$B$5="",SUMIFS('المبيعات اليومية'!$H$9:$H$308,'المبيعات اليومية'!$B$9:$B$308,$C10),SUMIFS('المبيعات اليومية'!$H$9:$H$308,'المبيعات اليومية'!$B$9:$B$308,$C10,'المبيعات اليومية'!$A$9:$A$308,">="&IF($B$4="",0,$B$4),'المبيعات اليومية'!$A$9:$A$308,"<="&IF($B$5="",2958465,$B$5)))) -> 0 | G10: =IF($C10="","",IF($B$4&$B$5="",SUMIFS('المبيعات اليومية'!$I$9:$I$308,'المبيعات اليومية'!$B$9:$B$308,$C10),SUMIFS('المبيعات اليومية'!$I$9:$I$308,'المبيعات اليومية'!$B$9:$B$308,$C10,'المبيعات اليومية'!$A$9:$A$308,">="&IF($B$4="",0,$B$4),'المبيعات اليومية'!$A$9:$A$308,"<="&IF($B$5="",2958465,$B$5)))) -> 0 | H10: =IF($C10="","",IF($B$4&$B$5="",SUMIFS('المبيعات اليومية'!$J$9:$J$308,'المبيعات اليومية'!$B$9:$B$308,$C10),SUMIFS('المبيعات اليومية'!$J$9:$J$308,'المبيعات اليومية'!$B$9:$B$308,$C10,'المبيعات اليومية'!$A$9:$A$308,">="&IF($B$4="",0,$B$4),'المبيعات اليومية'!$A$9:$A$308,"<="&IF($B$5="",2958465,$B$5)))) -> 0 | I10: =IF(OR($C10="",$H$108=0),"",H10/$H$108) -> 0 | J10: =IF(C10="","",IF(D10>0,"نشط","لا يوجد مبيعات")) -> لا يوجد مبيعات
A11: =IF(C11="","",4) -> 4 | B11: =IF('دليل العملاء'!$B$7="","",'دليل العملاء'!$A$7) -> 104 | C11: =IF('دليل العملاء'!$B$7="","",'دليل العملاء'!$B$7) -> شركة التخصص الذهبي -الصفا | D11: =IF($C11="","",IF($B$4&$B$5="",COUNTIFS('المبيعات اليومية'!$B$9:$B$308,$C11),COUNTIFS('المبيعات اليومية'!$B$9:$B$308,$C11,'المبيعات اليومية'!$A$9:$A$308,">="&IF($B$4="",0,$B$4),'المبيعات اليومية'!$A$9:$A$308,"<="&IF($B$5="",2958465,$B$5)))) -> 1 | E11: =IF($C11="","",IF($B$4&$B$5="",SUMIFS('المبيعات اليومية'!$E$9:$E$308,'المبيعات اليومية'!$B$9:$B$308,$C11),SUMIFS('المبيعات اليومية'!$E$9:$E$308,'المبيعات اليومية'!$B$9:$B$308,$C11,'المبيعات اليومية'!$A$9:$A$308,">="&IF($B$4="",0,$B$4),'المبيعات اليومية'!$A$9:$A$308,"<="&IF($B$5="",2958465,$B$5)))) -> 150 | F11: =IF($C11="","",IF($B$4&$B$5="",SUMIFS('المبيعات اليومية'!$H$9:$H$308,'المبيعات اليومية'!$B$9:$B$308,$C11),SUMIFS('المبيعات اليومية'!$H$9:$H$308,'المبيعات اليومية'!$B$9:$B$308,$C11,'المبيعات اليومية'!$A$9:$A$308,">="&IF($B$4="",0,$B$4),'المبيعات اليومية'!$A$9:$A$308,"<="&IF($B$5="",2958465,$B$5)))) -> 750 | G11: =IF($C11="","",IF($B$4&$B$5="",SUMIFS('المبيعات اليومية'!$I$9:$I$308,'المبيعات اليومية'!$B$9:$B$308,$C11),SUMIFS('المبيعات اليومية'!$I$9:$I$308,'المبيعات اليومية'!$B$9:$B$308,$C11,'المبيعات اليومية'!$A$9:$A$308,">="&IF($B$4="",0,$B$4),'المبيعات اليومية'!$A$9:$A$308,"<="&IF($B$5="",2958465,$B$5)))) -> 112.5 | H11: =IF($C11="","",IF($B$4&$B$5="",SUMIFS('المبيعات اليومية'!$J$9:$J$308,'المبيعات اليومية'!$B$9:$B$308,$C11),SUMIFS('المبيعات اليومية'!$J$9:$J$308,'المبيعات اليومية'!$B$9:$B$308,$C11,'المبيعات اليومية'!$A$9:$A$308,">="&IF($B$4="",0,$B$4),'المبيعات اليومية'!$A$9:$A$308,"<="&IF($B$5="",2958465,$B$5)))) -> 862.5 | I11: =IF(OR($C11="",$H$108=0),"",H11/$H$108) -> 0.062790383 | J11: =IF(C11="","",IF(D11>0,"نشط","لا يوجد مبيعات")) -> نشط
A12: =IF(C12="","",5) -> 5 | B12: =IF('دليل العملاء'!$B$8="","",'دليل العملاء'!$A$8) -> 105 | C12: =IF('دليل العملاء'!$B$8="","",'دليل العملاء'!$B$8) -> شركة التخصص الذهبي -الربوه | D12: =IF($C12="","",IF($B$4&$B$5="",COUNTIFS('المبيعات اليومية'!$B$9:$B$308,$C12),COUNTIFS('المبيعات اليومية'!$B$9:$B$308,$C12,'المبيعات اليومية'!$A$9:$A$308,">="&IF($B$4="",0,$B$4),'المبيعات اليومية'!$A$9:$A$308,"<="&IF($B$5="",2958465,$B$5)))) -> 1 | E12: =IF($C12="","",IF($B$4&$B$5="",SUMIFS('المبيعات اليومية'!$E$9:$E$308,'المبيعات اليومية'!$B$9:$B$308,$C12),SUMIFS('المبيعات اليومية'!$E$9:$E$308,'المبيعات اليومية'!$B$9:$B$308,$C12,'المبيعات اليومية'!$A$9:$A$308,">="&IF($B$4="",0,$B$4),'المبيعات اليومية'!$A$9:$A$308,"<="&IF($B$5="",2958465,$B$5)))) -> 470 | F12: =IF($C12="","",IF($B$4&$B$5="",SUMIFS('المبيعات اليومية'!$H$9:$H$308,'المبيعات اليومية'!$B$9:$B$308,$C12),SUMIFS('المبيعات اليومية'!$H$9:$H$308,'المبيعات اليومية'!$B$9:$B$308,$C12,'المبيعات اليومية'!$A$9:$A$308,">="&IF($B$4="",0,$B$4),'المبيعات اليومية'!$A$9:$A$308,"<="&IF($B$5="",2958465,$B$5)))) -> 2115 | G12: =IF($C12="","",IF($B$4&$B$5="",SUMIFS('المبيعات اليومية'!$I$9:$I$308,'المبيعات اليومية'!$B$9:$B$308,$C12),SUMIFS('المبيعات اليومية'!$I$9:$I$308,'المبيعات اليومية'!$B$9:$B$308,$C12,'المبيعات اليومية'!$A$9:$A$308,">="&IF($B$4="",0,$B$4),'المبيعات اليومية'!$A$9:$A$308,"<="&IF($B$5="",2958465,$B$5)))) -> 317.25 | H12: =IF($C12="","",IF($B$4&$B$5="",SUMIFS('المبيعات اليومية'!$J$9:$J$308,'المبيعات اليومية'!$B$9:$B$308,$C12),SUMIFS('المبيعات اليومية'!$J$9:$J$308,'المبيعات اليومية'!$B$9:$B$308,$C12,'المبيعات اليومية'!$A$9:$A$308,">="&IF($B$4="",0,$B$4),'المبيعات اليومية'!$A$9:$A$308,"<="&IF($B$5="",2958465,$B$5)))) -> 2432.25 | I12: =IF(OR($C12="",$H$108=0),"",H12/$H$108) -> 0.17706888 | J12: =IF(C12="","",IF(D12>0,"نشط","لا يوجد مبيعات")) -> نشط
A13: =IF(C13="","",6) -> 6 | B13: =IF('دليل العملاء'!$B$9="","",'دليل العملاء'!$A$9) -> 106 | C13: =IF('دليل العملاء'!$B$9="","",'دليل العملاء'!$B$9) -> شركة التخصص الذهبي -الرحاب | D13: =IF($C13="","",IF($B$4&$B$5="",COUNTIFS('المبيعات اليومية'!$B$9:$B$308,$C13),COUNTIFS('المبيعات اليومية'!$B$9:$B$308,$C13,'المبيعات اليومية'!$A$9:$A$308,">="&IF($B$4="",0,$B$4),'المبيعات اليومية'!$A$9:$A$308,"<="&IF($B$5="",2958465,$B$5)))) -> 0 | E13: =IF($C13="","",IF($B$4&$B$5="",SUMIFS('المبيعات اليومية'!$E$9:$E$308,'المبيعات اليومية'!$B$9:$B$308,$C13),SUMIFS('المبيعات اليومية'!$E$9:$E$308,'المبيعات اليومية'!$B$9:$B$308,$C13,'المبيعات اليومية'!$A$9:$A$308,">="&IF($B$4="",0,$B$4),'المبيعات اليومية'!$A$9:$A$308,"<="&IF($B$5="",2958465,$B$5)))) -> 0 | F13: =IF($C13="","",IF($B$4&$B$5="",SUMIFS('المبيعات اليومية'!$H$9:$H$308,'المبيعات اليومية'!$B$9:$B$308,$C13),SUMIFS('المبيعات اليومية'!$H$9:$H$308,'المبيعات اليومية'!$B$9:$B$308,$C13,'المبيعات اليومية'!$A$9:$A$308,">="&IF($B$4="",0,$B$4),'المبيعات اليومية'!$A$9:$A$308,"<="&IF($B$5="",2958465,$B$5)))) -> 0 | G13: =IF($C13="","",IF($B$4&$B$5="",SUMIFS('المبيعات اليومية'!$I$9:$I$308,'المبيعات اليومية'!$B$9:$B$308,$C13),SUMIFS('المبيعات اليومية'!$I$9:$I$308,'المبيعات اليومية'!$B$9:$B$308,$C13,'المبيعات اليومية'!$A$9:$A$308,">="&IF($B$4="",0,$B$4),'المبيعات اليومية'!$A$9:$A$308,"<="&IF($B$5="",2958465,$B$5)))) -> 0 | H13: =IF($C13="","",IF($B$4&$B$5="",SUMIFS('المبيعات اليومية'!$J$9:$J$308,'المبيعات اليومية'!$B$9:$B$308,$C13),SUMIFS('المبيعات اليومية'!$J$9:$J$308,'المبيعات اليومية'!$B$9:$B$308,$C13,'المبيعات اليومية'!$A$9:$A$308,">="&IF($B$4="",0,$B$4),'المبيعات اليومية'!$A$9:$A$308,"<="&IF($B$5="",2958465,$B$5)))) -> 0 | I13: =IF(OR($C13="",$H$108=0),"",H13/$H$108) -> 0 | J13: =IF(C13="","",IF(D13>0,"نشط","لا يوجد مبيعات")) -> لا يوجد مبيعات
A14: =IF(C14="","",7) -> 7 | B14: =IF('دليل العملاء'!$B$10="","",'دليل العملاء'!$A$10) -> 107 | C14: =IF('دليل العملاء'!$B$10="","",'دليل العملاء'!$B$10) -> عبر الإقليم | D14: =IF($C14="","",IF($B$4&$B$5="",COUNTIFS('المبيعات اليومية'!$B$9:$B$308,$C14),COUNTIFS('المبيعات اليومية'!$B$9:$B$308,$C14,'المبيعات اليومية'!$A$9:$A$308,">="&IF($B$4="",0,$B$4),'المبيعات اليومية'!$A$9:$A$308,"<="&IF($B$5="",2958465,$B$5)))) -> 1 | E14: =IF($C14="","",IF($B$4&$B$5="",SUMIFS('المبيعات اليومية'!$E$9:$E$308,'المبيعات اليومية'!$B$9:$B$308,$C14),SUMIFS('المبيعات اليومية'!$E$9:$E$308,'المبيعات اليومية'!$B$9:$B$308,$C14,'المبيعات اليومية'!$A$9:$A$308,">="&IF($B$4="",0,$B$4),'المبيعات اليومية'!$A$9:$A$308,"<="&IF($B$5="",2958465,$B$5)))) -> 200 | F14: =IF($C14="","",IF($B$4&$B$5="",SUMIFS('المبيعات اليومية'!$H$9:$H$308,'المبيعات اليومية'!$B$9:$B$308,$C14),SUMIFS('المبيعات اليومية'!$H$9:$H$308,'المبيعات اليومية'!$B$9:$B$308,$C14,'المبيعات اليومية'!$A$9:$A$308,">="&IF($B$4="",0,$B$4),'المبيعات اليومية'!$A$9:$A$308,"<="&IF($B$5="",2958465,$B$5)))) -> 1600 | G14: =IF($C14="","",IF($B$4&$B$5="",SUMIFS('المبيعات اليومية'!$I$9:$I$308,'المبيعات اليومية'!$B$9:$B$308,$C14),SUMIFS('المبيعات اليومية'!$I$9:$I$308,'المبيعات اليومية'!$B$9:$B$308,$C14,'المبيعات اليومية'!$A$9:$A$308,">="&IF($B$4="",0,$B$4),'المبيعات اليومية'!$A$9:$A$308,"<="&IF($B$5="",2958465,$B$5)))) -> 240 | H14: =IF($C14="","",IF($B$4&$B$5="",SUMIFS('المبيعات اليومية'!$J$9:$J$308,'المبيعات اليومية'!$B$9:$B$308,$C14),SUMIFS('المبيعات اليومية'!$J$9:$J$308,'المبيعات اليومية'!$B$9:$B$308,$C14,'المبيعات اليومية'!$A$9:$A$308,">="&IF($B$4="",0,$B$4),'المبيعات اليومية'!$A$9:$A$308,"<="&IF($B$5="",2958465,$B$5)))) -> 1840 | I14: =IF(OR($C14="",$H$108=0),"",H14/$H$108) -> 0.13395282 | J14: =IF(C14="","",IF(D14>0,"نشط","لا يوجد مبيعات")) -> نشط
A15: =IF(C15="","",8) -> 8 | B15: =IF('دليل العملاء'!$B$11="","",'دليل العملاء'!$A$11) -> 108 | C15: =IF('دليل العملاء'!$B$11="","",'دليل العملاء'!$B$11) -> حقيبة الفواكه | D15: =IF($C15="","",IF($B$4&$B$5="",COUNTIFS('المبيعات اليومية'!$B$9:$B$308,$C15),COUNTIFS('المبيعات اليومية'!$B$9:$B$308,$C15,'المبيعات اليومية'!$A$9:$A$308,">="&IF($B$4="",0,$B$4),'المبيعات اليومية'!$A$9:$A$308,"<="&IF($B$5="",2958465,$B$5)))) -> 1 | E15: =IF($C15="","",IF($B$4&$B$5="",SUMIFS('المبيعات اليومية'!$E$9:$E$308,'المبيعات اليومية'!$B$9:$B$308,$C15),SUMIFS('المبيعات اليومية'!$E$9:$E$308,'المبيعات اليومية'!$B$9:$B$308,$C15,'المبيعات اليومية'!$A$9:$A$308,">="&IF($B$4="",0,$B$4),'المبيعات اليومية'!$A$9:$A$308,"<="&IF($B$5="",2958465,$B$5)))) -> 150 | F15: =IF($C15="","",IF($B$4&$B$5="",SUMIFS('المبيعات اليومية'!$H$9:$H$308,'المبيعات اليومية'!$B$9:$B$308,$C15),SUMIFS('المبيعات اليومية'!$H$9:$H$308,'المبيعات اليومية'!$B$9:$B$308,$C15,'المبيعات اليومية'!$A$9:$A$308,">="&IF($B$4="",0,$B$4),'المبيعات اليومية'!$A$9:$A$308,"<="&IF($B$5="",2958465,$B$5)))) -> 1125 | G15: =IF($C15="","",IF($B$4&$B$5="",SUMIFS('المبيعات اليومية'!$I$9:$I$308,'المبيعات اليومية'!$B$9:$B$308,$C15),SUMIFS('المبيعات اليومية'!$I$9:$I$308,'المبيعات اليومية'!$B$9:$B$308,$C15,'المبيعات اليومية'!$A$9:$A$308,">="&IF($B$4="",0,$B$4),'المبيعات اليومية'!$A$9:$A$308,"<="&IF($B$5="",2958465,$B$5)))) -> 168.75 | H15: =IF($C15="","",IF($B$4&$B$5="",SUMIFS('المبيعات اليومية'!$J$9:$J$308,'المبيعات اليومية'!$B$9:$B$308,$C15),SUMIFS('المبيعات اليومية'!$J$9:$J$308,'المبيعات اليومية'!$B$9:$B$308,$C15,'المبيعات اليومية'!$A$9:$A$308,">="&IF($B$4="",0,$B$4),'المبيعات اليومية'!$A$9:$A$308,"<="&IF($B$5="",2958465,$B$5)))) -> 1293.75 | I15: =IF(OR($C15="",$H$108=0),"",H15/$H$108) -> 0.094185574 | J15: =IF(C15="","",IF(D15>0,"نشط","لا يوجد مبيعات")) -> نشط
A16: =IF(C16="","",9) -> 9 | B16: =IF('دليل العملاء'!$B$12="","",'دليل العملاء'!$A$12) -> 109 | C16: =IF('دليل العملاء'!$B$12="","",'دليل العملاء'!$B$12) -> فيض الكرم | D16: =IF($C16="","",IF($B$4&$B$5="",COUNTIFS('المبيعات اليومية'!$B$9:$B$308,$C16),COUNTIFS('المبيعات اليومية'!$B$9:$B$308,$C16,'المبيعات اليومية'!$A$9:$A$308,">="&IF($B$4="",0,$B$4),'المبيعات اليومية'!$A$9:$A$308,"<="&IF($B$5="",2958465,$B$5)))) -> 1 | E16: =IF($C16="","",IF($B$4&$B$5="",SUMIFS('المبيعات اليومية'!$E$9:$E$308,'المبيعات اليومية'!$B$9:$B$308,$C16),SUMIFS('المبيعات اليومية'!$E$9:$E$308,'المبيعات اليومية'!$B$9:$B$308,$C16,'المبيعات اليومية'!$A$9:$A$308,">="&IF($B$4="",0,$B$4),'المبيعات اليومية'!$A$9:$A$308,"<="&IF($B$5="",2958465,$B$5)))) -> 80 | F16: =IF($C16="","",IF($B$4&$B$5="",SUMIFS('المبيعات اليومية'!$H$9:$H$308,'المبيعات اليومية'!$B$9:$B$308,$C16),SUMIFS('المبيعات اليومية'!$H$9:$H$308,'المبيعات اليومية'!$B$9:$B$308,$C16,'المبيعات اليومية'!$A$9:$A$308,">="&IF($B$4="",0,$B$4),'المبيعات اليومية'!$A$9:$A$308,"<="&IF($B$5="",2958465,$B$5)))) -> 1000 | G16: =IF($C16="","",IF($B$4&$B$5="",SUMIFS('المبيعات اليومية'!$I$9:$I$308,'المبيعات اليومية'!$B$9:$B$308,$C16),SUMIFS('المبيعات اليومية'!$I$9:$I$308,'المبيعات اليومية'!$B$9:$B$308,$C16,'المبيعات اليومية'!$A$9:$A$308,">="&IF($B$4="",0,$B$4),'المبيعات اليومية'!$A$9:$A$308,"<="&IF($B$5="",2958465,$B$5)))) -> 150 | H16: =IF($C16="","",IF($B$4&$B$5="",SUMIFS('المبيعات اليومية'!$J$9:$J$308,'المبيعات اليومية'!$B$9:$B$308,$C16),SUMIFS('المبيعات اليومية'!$J$9:$J$308,'المبيعات اليومية'!$B$9:$B$308,$C16,'المبيعات اليومية'!$A$9:$A$308,">="&IF($B$4="",0,$B$4),'المبيعات اليومية'!$A$9:$A$308,"<="&IF($B$5="",2958465,$B$5)))) -> 1150 | I16: =IF(OR($C16="",$H$108=0),"",H16/$H$108) -> 0.08372051 | J16: =IF(C16="","",IF(D16>0,"نشط","لا يوجد مبيعات")) -> نشط
A17: =IF(C17="","",10) -> 10 | B17: =IF('دليل العملاء'!$B$13="","",'دليل العملاء'!$A$13) -> 110 | C17: =IF('دليل العملاء'!$B$13="","",'دليل العملاء'!$B$13) -> غصون الفاكهه | D17: =IF($C17="","",IF($B$4&$B$5="",COUNTIFS('المبيعات اليومية'!$B$9:$B$308,$C17),COUNTIFS('المبيعات اليومية'!$B$9:$B$308,$C17,'المبيعات اليومية'!$A$9:$A$308,">="&IF($B$4="",0,$B$4),'المبيعات اليومية'!$A$9:$A$308,"<="&IF($B$5="",2958465,$B$5)))) -> 1 | E17: =IF($C17="","",IF($B$4&$B$5="",SUMIFS('المبيعات اليومية'!$E$9:$E$308,'المبيعات اليومية'!$B$9:$B$308,$C17),SUMIFS('المبيعات اليومية'!$E$9:$E$308,'المبيعات اليومية'!$B$9:$B$308,$C17,'المبيعات اليومية'!$A$9:$A$308,">="&IF($B$4="",0,$B$4),'المبيعات اليومية'!$A$9:$A$308,"<="&IF($B$5="",2958465,$B$5)))) -> 350 | F17: =IF($C17="","",IF($B$4&$B$5="",SUMIFS('المبيعات اليومية'!$H$9:$H$308,'المبيعات اليومية'!$B$9:$B$308,$C17),SUMIFS('المبيعات اليومية'!$H$9:$H$308,'المبيعات اليومية'!$B$9:$B$308,$C17,'المبيعات اليومية'!$A$9:$A$308,">="&IF($B$4="",0,$B$4),'المبيعات اليومية'!$A$9:$A$308,"<="&IF($B$5="",2958465,$B$5)))) -> 1750 | G17: =IF($C17="","",IF($B$4&$B$5="",SUMIFS('المبيعات اليومية'!$I$9:$I$308,'المبيعات اليومية'!$B$9:$B$308,$C17),SUMIFS('المبيعات اليومية'!$I$9:$I$308,'المبيعات اليومية'!$B$9:$B$308,$C17,'المبيعات اليومية'!$A$9:$A$308,">="&IF($B$4="",0,$B$4),'المبيعات اليومية'!$A$9:$A$308,"<="&IF($B$5="",2958465,$B$5)))) -> 262.5 | H17: =IF($C17="","",IF($B$4&$B$5="",SUMIFS('المبيعات اليومية'!$J$9:$J$308,'المبيعات اليومية'!$B$9:$B$308,$C17),SUMIFS('المبيعات اليومية'!$J$9:$J$308,'المبيعات اليومية'!$B$9:$B$308,$C17,'المبيعات اليومية'!$A$9:$A$308,">="&IF($B$4="",0,$B$4),'المبيعات اليومية'!$A$9:$A$308,"<="&IF($B$5="",2958465,$B$5)))) -> 2012.5 | I17: =IF(OR($C17="",$H$108=0),"",H17/$H$108) -> 0.14651089 | J17: =IF(C17="","",IF(D17>0,"نشط","لا يوجد مبيعات")) -> نشط
A18: =IF(C18="","",11) -> 11 | B18: =IF('دليل العملاء'!$B$14="","",'دليل العملاء'!$A$14) -> 111 | C18: =IF('دليل العملاء'!$B$14="","",'دليل العملاء'!$B$14) -> نقاوه بس | D18: =IF($C18="","",IF($B$4&$B$5="",COUNTIFS('المبيعات اليومية'!$B$9:$B$308,$C18),COUNTIFS('المبيعات اليومية'!$B$9:$B$308,$C18,'المبيعات اليومية'!$A$9:$A$308,">="&IF($B$4="",0,$B$4),'المبيعات اليومية'!$A$9:$A$308,"<="&IF($B$5="",2958465,$B$5)))) -> 1 | E18: =IF($C18="","",IF($B$4&$B$5="",SUMIFS('المبيعات اليومية'!$E$9:$E$308,'المبيعات اليومية'!$B$9:$B$308,$C18),SUMIFS('المبيعات اليومية'!$E$9:$E$308,'المبيعات اليومية'!$B$9:$B$308,$C18,'المبيعات اليومية'!$A$9:$A$308,">="&IF($B$4="",0,$B$4),'المبيعات اليومية'!$A$9:$A$308,"<="&IF($B$5="",2958465,$B$5)))) -> 120 | F18: =IF($C18="","",IF($B$4&$B$5="",SUMIFS('المبيعات اليومية'!$H$9:$H$308,'المبيعات اليومية'!$B$9:$B$308,$C18),SUMIFS('المبيعات اليومية'!$H$9:$H$308,'المبيعات اليومية'!$B$9:$B$308,$C18,'المبيعات اليومية'!$A$9:$A$308,">="&IF($B$4="",0,$B$4),'المبيعات اليومية'!$A$9:$A$308,"<="&IF($B$5="",2958465,$B$5)))) -> 1080 | G18: =IF($C18="","",IF($B$4&$B$5="",SUMIFS('المبيعات اليومية'!$I$9:$I$308,'المبيعات اليومية'!$B$9:$B$308,$C18),SUMIFS('المبيعات اليومية'!$I$9:$I$308,'المبيعات اليومية'!$B$9:$B$308,$C18,'المبيعات اليومية'!$A$9:$A$308,">="&IF($B$4="",0,$B$4),'المبيعات اليومية'!$A$9:$A$308,"<="&IF($B$5="",2958465,$B$5)))) -> 162 | H18: =IF($C18="","",IF($B$4&$B$5="",SUMIFS('المبيعات اليومية'!$J$9:$J$308,'المبيعات اليومية'!$B$9:$B$308,$C18),SUMIFS('المبيعات اليومية'!$J$9:$J$308,'المبيعات اليومية'!$B$9:$B$308,$C18,'المبيعات اليومية'!$A$9:$A$308,">="&IF($B$4="",0,$B$4),'المبيعات اليومية'!$A$9:$A$308,"<="&IF($B$5="",2958465,$B$5)))) -> 1242 | I18: =IF(OR($C18="",$H$108=0),"",H18/$H$108) -> 0.090418151 | J18: =IF(C18="","",IF(D18>0,"نشط","لا يوجد مبيعات")) -> نشط
A19: =IF(C19="","",12) | B19: =IF('دليل العملاء'!$B$15="","",'دليل العملاء'!$A$15) | C19: =IF('دليل العملاء'!$B$15="","",'دليل العملاء'!$B$15) | D19: =IF($C19="","",IF($B$4&$B$5="",COUNTIFS('المبيعات اليومية'!$B$9:$B$308,$C19),COUNTIFS('المبيعات اليومية'!$B$9:$B$308,$C19,'المبيعات اليومية'!$A$9:$A$308,">="&IF($B$4="",0,$B$4),'المبيعات اليومية'!$A$9:$A$308,"<="&IF($B$5="",2958465,$B$5)))) | E19: =IF($C19="","",IF($B$4&$B$5="",SUMIFS('المبيعات اليومية'!$E$9:$E$308,'المبيعات اليومية'!$B$9:$B$308,$C19),SUMIFS('المبيعات اليومية'!$E$9:$E$308,'المبيعات اليومية'!$B$9:$B$308,$C19,'المبيعات اليومية'!$A$9:$A$308,">="&IF($B$4="",0,$B$4),'المبيعات اليومية'!$A$9:$A$308,"<="&IF($B$5="",2958465,$B$5)))) | F19: =IF($C19="","",IF($B$4&$B$5="",SUMIFS('المبيعات اليومية'!$H$9:$H$308,'المبيعات اليومية'!$B$9:$B$308,$C19),SUMIFS('المبيعات اليومية'!$H$9:$H$308,'المبيعات اليومية'!$B$9:$B$308,$C19,'المبيعات اليومية'!$A$9:$A$308,">="&IF($B$4="",0,$B$4),'المبيعات اليومية'!$A$9:$A$308,"<="&IF($B$5="",2958465,$B$5)))) | G19: =IF($C19="","",IF($B$4&$B$5="",SUMIFS('المبيعات اليومية'!$I$9:$I$308,'المبيعات اليومية'!$B$9:$B$308,$C19),SUMIFS('المبيعات اليومية'!$I$9:$I$308,'المبيعات اليومية'!$B$9:$B$308,$C19,'المبيعات اليومية'!$A$9:$A$308,">="&IF($B$4="",0,$B$4),'المبيعات اليومية'!$A$9:$A$308,"<="&IF($B$5="",2958465,$B$5)))) | H19: =IF($C19="","",IF($B$4&$B$5="",SUMIFS('المبيعات اليومية'!$J$9:$J$308,'المبيعات اليومية'!$B$9:$B$308,$C19),SUMIFS('المبيعات اليومية'!$J$9:$J$308,'المبيعات اليومية'!$B$9:$B$308,$C19,'المبيعات اليومية'!$A$9:$A$308,">="&IF($B$4="",0,$B$4),'المبيعات اليومية'!$A$9:$A$308,"<="&IF($B$5="",2958465,$B$5)))) | I19: =IF(OR($C19="",$H$108=0),"",H19/$H$108) | J19: =IF(C19="","",IF(D19>0,"نشط","لا يوجد مبيعات"))
A20: =IF(C20="","",13) | B20: =IF('دليل العملاء'!$B$16="","",'دليل العملاء'!$A$16) | C20: =IF('دليل العملاء'!$B$16="","",'دليل العملاء'!$B$16) | D20: =IF($C20="","",IF($B$4&$B$5="",COUNTIFS('المبيعات اليومية'!$B$9:$B$308,$C20),COUNTIFS('المبيعات اليومية'!$B$9:$B$308,$C20,'المبيعات اليومية'!$A$9:$A$308,">="&IF($B$4="",0,$B$4),'المبيعات اليومية'!$A$9:$A$308,"<="&IF($B$5="",2958465,$B$5)))) | E20: =IF($C20="","",IF($B$4&$B$5="",SUMIFS('المبيعات اليومية'!$E$9:$E$308,'المبيعات اليومية'!$B$9:$B$308,$C20),SUMIFS('المبيعات اليومية'!$E$9:$E$308,'المبيعات اليومية'!$B$9:$B$308,$C20,'المبيعات اليومية'!$A$9:$A$308,">="&IF($B$4="",0,$B$4),'المبيعات اليومية'!$A$9:$A$308,"<="&IF($B$5="",2958465,$B$5)))) | F20: =IF($C20="","",IF($B$4&$B$5="",SUMIFS('المبيعات اليومية'!$H$9:$H$308,'المبيعات اليومية'!$B$9:$B$308,$C20),SUMIFS('المبيعات اليومية'!$H$9:$H$308,'المبيعات اليومية'!$B$9:$B$308,$C20,'المبيعات اليومية'!$A$9:$A$308,">="&IF($B$4="",0,$B$4),'المبيعات اليومية'!$A$9:$A$308,"<="&IF($B$5="",2958465,$B$5)))) | G20: =IF($C20="","",IF($B$4&$B$5="",SUMIFS('المبيعات اليومية'!$I$9:$I$308,'المبيعات اليومية'!$B$9:$B$308,$C20),SUMIFS('المبيعات اليومية'!$I$9:$I$308,'المبيعات اليومية'!$B$9:$B$308,$C20,'المبيعات اليومية'!$A$9:$A$308,">="&IF($B$4="",0,$B$4),'المبيعات اليومية'!$A$9:$A$308,"<="&IF($B$5="",2958465,$B$5)))) | H20: =IF($C20="","",IF($B$4&$B$5="",SUMIFS('المبيعات اليومية'!$J$9:$J$308,'المبيعات اليومية'!$B$9:$B$308,$C20),SUMIFS('المبيعات اليومية'!$J$9:$J$308,'المبيعات اليومية'!$B$9:$B$308,$C20,'المبيعات اليومية'!$A$9:$A$308,">="&IF($B$4="",0,$B$4),'المبيعات اليومية'!$A$9:$A$308,"<="&IF($B$5="",2958465,$B$5)))) | I20: =IF(OR($C20="",$H$108=0),"",H20/$H$108) | J20: =IF(C20="","",IF(D20>0,"نشط","لا يوجد مبيعات"))
A21: =IF(C21="","",14) | B21: =IF('دليل العملاء'!$B$17="","",'دليل العملاء'!$A$17) | C21: =IF('دليل العملاء'!$B$17="","",'دليل العملاء'!$B$17) | D21: =IF($C21="","",IF($B$4&$B$5="",COUNTIFS('المبيعات اليومية'!$B$9:$B$308,$C21),COUNTIFS('المبيعات اليومية'!$B$9:$B$308,$C21,'المبيعات اليومية'!$A$9:$A$308,">="&IF($B$4="",0,$B$4),'المبيعات اليومية'!$A$9:$A$308,"<="&IF($B$5="",2958465,$B$5)))) | E21: =IF($C21="","",IF($B$4&$B$5="",SUMIFS('المبيعات اليومية'!$E$9:$E$308,'المبيعات اليومية'!$B$9:$B$308,$C21),SUMIFS('المبيعات اليومية'!$E$9:$E$308,'المبيعات اليومية'!$B$9:$B$308,$C21,'المبيعات اليومية'!$A$9:$A$308,">="&IF($B$4="",0,$B$4),'المبيعات اليومية'!$A$9:$A$308,"<="&IF($B$5="",2958465,$B$5)))) | F21: =IF($C21="","",IF($B$4&$B$5="",SUMIFS('المبيعات اليومية'!$H$9:$H$308,'المبيعات اليومية'!$B$9:$B$308,$C21),SUMIFS('المبيعات اليومية'!$H$9:$H$308,'المبيعات اليومية'!$B$9:$B$308,$C21,'المبيعات اليومية'!$A$9:$A$308,">="&IF($B$4="",0,$B$4),'المبيعات اليومية'!$A$9:$A$308,"<="&IF($B$5="",2958465,$B$5)))) | G21: =IF($C21="","",IF($B$4&$B$5="",SUMIFS('المبيعات اليومية'!$I$9:$I$308,'المبيعات اليومية'!$B$9:$B$308,$C21),SUMIFS('المبيعات اليومية'!$I$9:$I$308,'المبيعات اليومية'!$B$9:$B$308,$C21,'المبيعات اليومية'!$A$9:$A$308,">="&IF($B$4="",0,$B$4),'المبيعات اليومية'!$A$9:$A$308,"<="&IF($B$5="",2958465,$B$5)))) | H21: =IF($C21="","",IF($B$4&$B$5="",SUMIFS('المبيعات اليومية'!$J$9:$J$308,'المبيعات اليومية'!$B$9:$B$308,$C21),SUMIFS('المبيعات اليومية'!$J$9:$J$308,'المبيعات اليومية'!$B$9:$B$308,$C21,'المبيعات اليومية'!$A$9:$A$308,">="&IF($B$4="",0,$B$4),'المبيعات اليومية'!$A$9:$A$308,"<="&IF($B$5="",2958465,$B$5)))) | I21: =IF(OR($C21="",$H$108=0),"",H21/$H$108) | J21: =IF(C21="","",IF(D21>0,"نشط","لا يوجد مبيعات"))
A22: =IF(C22="","",15) | B22: =IF('دليل العملاء'!$B$18="","",'دليل العملاء'!$A$18) | C22: =IF('دليل العملاء'!$B$18="","",'دليل العملاء'!$B$18) | D22: =IF($C22="","",IF($B$4&$B$5="",COUNTIFS('المبيعات اليومية'!$B$9:$B$308,$C22),COUNTIFS('المبيعات اليومية'!$B$9:$B$308,$C22,'المبيعات اليومية'!$A$9:$A$308,">="&IF($B$4="",0,$B$4),'المبيعات اليومية'!$A$9:$A$308,"<="&IF($B$5="",2958465,$B$5)))) | E22: =IF($C22="","",IF($B$4&$B$5="",SUMIFS('المبيعات اليومية'!$E$9:$E$308,'المبيعات اليومية'!$B$9:$B$308,$C22),SUMIFS('المبيعات اليومية'!$E$9:$E$308,'المبيعات اليومية'!$B$9:$B$308,$C22,'المبيعات اليومية'!$A$9:$A$308,">="&IF($B$4="",0,$B$4),'المبيعات اليومية'!$A$9:$A$308,"<="&IF($B$5="",2958465,$B$5)))) | F22: =IF($C22="","",IF($B$4&$B$5="",SUMIFS('المبيعات اليومية'!$H$9:$H$308,'المبيعات اليومية'!$B$9:$B$308,$C22),SUMIFS('المبيعات اليومية'!$H$9:$H$308,'المبيعات اليومية'!$B$9:$B$308,$C22,'المبيعات اليومية'!$A$9:$A$308,">="&IF($B$4="",0,$B$4),'المبيعات اليومية'!$A$9:$A$308,"<="&IF($B$5="",2958465,$B$5)))) | G22: =IF($C22="","",IF($B$4&$B$5="",SUMIFS('المبيعات اليومية'!$I$9:$I$308,'المبيعات اليومية'!$B$9:$B$308,$C22),SUMIFS('المبيعات اليومية'!$I$9:$I$308,'المبيعات اليومية'!$B$9:$B$308,$C22,'المبيعات اليومية'!$A$9:$A$308,">="&IF($B$4="",0,$B$4),'المبيعات اليومية'!$A$9:$A$308,"<="&IF($B$5="",2958465,$B$5)))) | H22: =IF($C22="","",IF($B$4&$B$5="",SUMIFS('المبيعات اليومية'!$J$9:$J$308,'المبيعات اليومية'!$B$9:$B$308,$C22),SUMIFS('المبيعات اليومية'!$J$9:$J$308,'المبيعات اليومية'!$B$9:$B$308,$C22,'المبيعات اليومية'!$A$9:$A$308,">="&IF($B$4="",0,$B$4),'المبيعات اليومية'!$A$9:$A$308,"<="&IF($B$5="",2958465,$B$5)))) | I22: =IF(OR($C22="",$H$108=0),"",H22/$H$108) | J22: =IF(C22="","",IF(D22>0,"نشط","لا يوجد مبيعات"))
A23: =IF(C23="","",16) | B23: =IF('دليل العملاء'!$B$19="","",'دليل العملاء'!$A$19) | C23: =IF('دليل العملاء'!$B$19="","",'دليل العملاء'!$B$19) | D23: =IF($C23="","",IF($B$4&$B$5="",COUNTIFS('المبيعات اليومية'!$B$9:$B$308,$C23),COUNTIFS('المبيعات اليومية'!$B$9:$B$308,$C23,'المبيعات اليومية'!$A$9:$A$308,">="&IF($B$4="",0,$B$4),'المبيعات اليومية'!$A$9:$A$308,"<="&IF($B$5="",2958465,$B$5)))) | E23: =IF($C23="","",IF($B$4&$B$5="",SUMIFS('المبيعات اليومية'!$E$9:$E$308,'المبيعات اليومية'!$B$9:$B$308,$C23),SUMIFS('المبيعات اليومية'!$E$9:$E$308,'المبيعات اليومية'!$B$9:$B$308,$C23,'المبيعات اليومية'!$A$9:$A$308,">="&IF($B$4="",0,$B$4),'المبيعات اليومية'!$A$9:$A$308,"<="&IF($B$5="",2958465,$B$5)))) | F23: =IF($C23="","",IF($B$4&$B$5="",SUMIFS('المبيعات اليومية'!$H$9:$H$308,'المبيعات اليومية'!$B$9:$B$308,$C23),SUMIFS('المبيعات اليومية'!$H$9:$H$308,'المبيعات اليومية'!$B$9:$B$308,$C23,'المبيعات اليومية'!$A$9:$A$308,">="&IF($B$4="",0,$B$4),'المبيعات اليومية'!$A$9:$A$308,"<="&IF($B$5="",2958465,$B$5)))) | G23: =IF($C23="","",IF($B$4&$B$5="",SUMIFS('المبيعات اليومية'!$I$9:$I$308,'المبيعات اليومية'!$B$9:$B$308,$C23),SUMIFS('المبيعات اليومية'!$I$9:$I$308,'المبيعات اليومية'!$B$9:$B$308,$C23,'المبيعات اليومية'!$A$9:$A$308,">="&IF($B$4="",0,$B$4),'المبيعات اليومية'!$A$9:$A$308,"<="&IF($B$5="",2958465,$B$5)))) | H23: =IF($C23="","",IF($B$4&$B$5="",SUMIFS('المبيعات اليومية'!$J$9:$J$308,'المبيعات اليومية'!$B$9:$B$308,$C23),SUMIFS('المبيعات اليومية'!$J$9:$J$308,'المبيعات اليومية'!$B$9:$B$308,$C23,'المبيعات اليومية'!$A$9:$A$308,">="&IF($B$4="",0,$B$4),'المبيعات اليومية'!$A$9:$A$308,"<="&IF($B$5="",2958465,$B$5)))) | I23: =IF(OR($C23="",$H$108=0),"",H23/$H$108) | J23: =IF(C23="","",IF(D23>0,"نشط","لا يوجد مبيعات"))
A24: =IF(C24="","",17) | B24: =IF('دليل العملاء'!$B$20="","",'دليل العملاء'!$A$20) | C24: =IF('دليل العملاء'!$B$20="","",'دليل العملاء'!$B$20) | D24: =IF($C24="","",IF($B$4&$B$5="",COUNTIFS('المبيعات اليومية'!$B$9:$B$308,$C24),COUNTIFS('المبيعات اليومية'!$B$9:$B$308,$C24,'المبيعات اليومية'!$A$9:$A$308,">="&IF($B$4="",0,$B$4),'المبيعات اليومية'!$A$9:$A$308,"<="&IF($B$5="",2958465,$B$5)))) | E24: =IF($C24="","",IF($B$4&$B$5="",SUMIFS('المبيعات اليومية'!$E$9:$E$308,'المبيعات اليومية'!$B$9:$B$308,$C24),SUMIFS('المبيعات اليومية'!$E$9:$E$308,'المبيعات اليومية'!$B$9:$B$308,$C24,'المبيعات اليومية'!$A$9:$A$308,">="&IF($B$4="",0,$B$4),'المبيعات اليومية'!$A$9:$A$308,"<="&IF($B$5="",2958465,$B$5)))) | F24: =IF($C24="","",IF($B$4&$B$5="",SUMIFS('المبيعات اليومية'!$H$9:$H$308,'المبيعات اليومية'!$B$9:$B$308,$C24),SUMIFS('المبيعات اليومية'!$H$9:$H$308,'المبيعات اليومية'!$B$9:$B$308,$C24,'المبيعات اليومية'!$A$9:$A$308,">="&IF($B$4="",0,$B$4),'المبيعات اليومية'!$A$9:$A$308,"<="&IF($B$5="",2958465,$B$5)))) | G24: =IF($C24="","",IF($B$4&$B$5="",SUMIFS('المبيعات اليومية'!$I$9:$I$308,'المبيعات اليومية'!$B$9:$B$308,$C24),SUMIFS('المبيعات اليومية'!$I$9:$I$308,'المبيعات اليومية'!$B$9:$B$308,$C24,'المبيعات اليومية'!$A$9:$A$308,">="&IF($B$4="",0,$B$4),'المبيعات اليومية'!$A$9:$A$308,"<="&IF($B$5="",2958465,$B$5)))) | H24: =IF($C24="","",IF($B$4&$B$5="",SUMIFS('المبيعات اليومية'!$J$9:$J$308,'المبيعات اليومية'!$B$9:$B$308,$C24),SUMIFS('المبيعات اليومية'!$J$9:$J$308,'المبيعات اليومية'!$B$9:$B$308,$C24,'المبيعات اليومية'!$A$9:$A$308,">="&IF($B$4="",0,$B$4),'المبيعات اليومية'!$A$9:$A$308,"<="&IF($B$5="",2958465,$B$5)))) | I24: =IF(OR($C24="",$H$108=0),"",H24/$H$108) | J24: =IF(C24="","",IF(D24>0,"نشط","لا يوجد مبيعات"))
A25: =IF(C25="","",18) | B25: =IF('دليل العملاء'!$B$21="","",'دليل العملاء'!$A$21) | C25: =IF('دليل العملاء'!$B$21="","",'دليل العملاء'!$B$21) | D25: =IF($C25="","",IF($B$4&$B$5="",COUNTIFS('المبيعات اليومية'!$B$9:$B$308,$C25),COUNTIFS('المبيعات اليومية'!$B$9:$B$308,$C25,'المبيعات اليومية'!$A$9:$A$308,">="&IF($B$4="",0,$B$4),'المبيعات اليومية'!$A$9:$A$308,"<="&IF($B$5="",2958465,$B$5)))) | E25: =IF($C25="","",IF($B$4&$B$5="",SUMIFS('المبيعات اليومية'!$E$9:$E$308,'المبيعات اليومية'!$B$9:$B$308,$C25),SUMIFS('المبيعات اليومية'!$E$9:$E$308,'المبيعات اليومية'!$B$9:$B$308,$C25,'المبيعات اليومية'!$A$9:$A$308,">="&IF($B$4="",0,$B$4),'المبيعات اليومية'!$A$9:$A$308,"<="&IF($B$5="",2958465,$B$5)))) | F25: =IF($C25="","",IF($B$4&$B$5="",SUMIFS('المبيعات اليومية'!$H$9:$H$308,'المبيعات اليومية'!$B$9:$B$308,$C25),SUMIFS('المبيعات اليومية'!$H$9:$H$308,'المبيعات اليومية'!$B$9:$B$308,$C25,'المبيعات اليومية'!$A$9:$A$308,">="&IF($B$4="",0,$B$4),'المبيعات اليومية'!$A$9:$A$308,"<="&IF($B$5="",2958465,$B$5)))) | G25: =IF($C25="","",IF($B$4&$B$5="",SUMIFS('المبيعات اليومية'!$I$9:$I$308,'المبيعات اليومية'!$B$9:$B$308,$C25),SUMIFS('المبيعات اليومية'!$I$9:$I$308,'المبيعات اليومية'!$B$9:$B$308,$C25,'المبيعات اليومية'!$A$9:$A$308,">="&IF($B$4="",0,$B$4),'المبيعات اليومية'!$A$9:$A$308,"<="&IF($B$5="",2958465,$B$5)))) | H25: =IF($C25="","",IF($B$4&$B$5="",SUMIFS('المبيعات اليومية'!$J$9:$J$308,'المبيعات اليومية'!$B$9:$B$308,$C25),SUMIFS('المبيعات اليومية'!$J$9:$J$308,'المبيعات اليومية'!$B$9:$B$308,$C25,'المبيعات اليومية'!$A$9:$A$308,">="&IF($B$4="",0,$B$4),'المبيعات اليومية'!$A$9:$A$308,"<="&IF($B$5="",2958465,$B$5)))) | I25: =IF(OR($C25="",$H$108=0),"",H25/$H$108) | J25: =IF(C25="","",IF(D25>0,"نشط","لا يوجد مبيعات"))
A26: =IF(C26="","",19) | B26: =IF('دليل العملاء'!$B$22="","",'دليل العملاء'!$A$22) | C26: =IF('دليل العملاء'!$B$22="","",'دليل العملاء'!$B$22) | D26: =IF($C26="","",IF($B$4&$B$5="",COUNTIFS('المبيعات اليومية'!$B$9:$B$308,$C26),COUNTIFS('المبيعات اليومية'!$B$9:$B$308,$C26,'المبيعات اليومية'!$A$9:$A$308,">="&IF($B$4="",0,$B$4),'المبيعات اليومية'!$A$9:$A$308,"<="&IF($B$5="",2958465,$B$5)))) | E26: =IF($C26="","",IF($B$4&$B$5="",SUMIFS('المبيعات اليومية'!$E$9:$E$308,'المبيعات اليومية'!$B$9:$B$308,$C26),SUMIFS('المبيعات اليومية'!$E$9:$E$308,'المبيعات اليومية'!$B$9:$B$308,$C26,'المبيعات اليومية'!$A$9:$A$308,">="&IF($B$4="",0,$B$4),'المبيعات اليومية'!$A$9:$A$308,"<="&IF($B$5="",2958465,$B$5)))) | F26: =IF($C26="","",IF($B$4&$B$5="",SUMIFS('المبيعات اليومية'!$H$9:$H$308,'المبيعات اليومية'!$B$9:$B$308,$C26),SUMIFS('المبيعات اليومية'!$H$9:$H$308,'المبيعات اليومية'!$B$9:$B$308,$C26,'المبيعات اليومية'!$A$9:$A$308,">="&IF($B$4="",0,$B$4),'المبيعات اليومية'!$A$9:$A$308,"<="&IF($B$5="",2958465,$B$5)))) | G26: =IF($C26="","",IF($B$4&$B$5="",SUMIFS('المبيعات اليومية'!$I$9:$I$308,'المبيعات اليومية'!$B$9:$B$308,$C26),SUMIFS('المبيعات اليومية'!$I$9:$I$308,'المبيعات اليومية'!$B$9:$B$308,$C26,'المبيعات اليومية'!$A$9:$A$308,">="&IF($B$4="",0,$B$4),'المبيعات اليومية'!$A$9:$A$308,"<="&IF($B$5="",2958465,$B$5)))) | H26: =IF($C26="","",IF($B$4&$B$5="",SUMIFS('المبيعات اليومية'!$J$9:$J$308,'المبيعات اليومية'!$B$9:$B$308,$C26),SUMIFS('المبيعات اليومية'!$J$9:$J$308,'المبيعات اليومية'!$B$9:$B$308,$C26,'المبيعات اليومية'!$A$9:$A$308,">="&IF($B$4="",0,$B$4),'المبيعات اليومية'!$A$9:$A$308,"<="&IF($B$5="",2958465,$B$5)))) | I26: =IF(OR($C26="",$H$108=0),"",H26/$H$108) | J26: =IF(C26="","",IF(D26>0,"نشط","لا يوجد مبيعات"))
A27: =IF(C27="","",20) | B27: =IF('دليل العملاء'!$B$23="","",'دليل العملاء'!$A$23) | C27: =IF('دليل العملاء'!$B$23="","",'دليل العملاء'!$B$23) | D27: =IF($C27="","",IF($B$4&$B$5="",COUNTIFS('المبيعات اليومية'!$B$9:$B$308,$C27),COUNTIFS('المبيعات اليومية'!$B$9:$B$308,$C27,'المبيعات اليومية'!$A$9:$A$308,">="&IF($B$4="",0,$B$4),'المبيعات اليومية'!$A$9:$A$308,"<="&IF($B$5="",2958465,$B$5)))) | E27: =IF($C27="","",IF($B$4&$B$5="",SUMIFS('المبيعات اليومية'!$E$9:$E$308,'المبيعات اليومية'!$B$9:$B$308,$C27),SUMIFS('المبيعات اليومية'!$E$9:$E$308,'المبيعات اليومية'!$B$9:$B$308,$C27,'المبيعات اليومية'!$A$9:$A$308,">="&IF($B$4="",0,$B$4),'المبيعات اليومية'!$A$9:$A$308,"<="&IF($B$5="",2958465,$B$5)))) | F27: =IF($C27="","",IF($B$4&$B$5="",SUMIFS('المبيعات اليومية'!$H$9:$H$308,'المبيعات اليومية'!$B$9:$B$308,$C27),SUMIFS('المبيعات اليومية'!$H$9:$H$308,'المبيعات اليومية'!$B$9:$B$308,$C27,'المبيعات اليومية'!$A$9:$A$308,">="&IF($B$4="",0,$B$4),'المبيعات اليومية'!$A$9:$A$308,"<="&IF($B$5="",2958465,$B$5)))) | G27: =IF($C27="","",IF($B$4&$B$5="",SUMIFS('المبيعات اليومية'!$I$9:$I$308,'المبيعات اليومية'!$B$9:$B$308,$C27),SUMIFS('المبيعات اليومية'!$I$9:$I$308,'المبيعات اليومية'!$B$9:$B$308,$C27,'المبيعات اليومية'!$A$9:$A$308,">="&IF($B$4="",0,$B$4),'المبيعات اليومية'!$A$9:$A$308,"<="&IF($B$5="",2958465,$B$5)))) | H27: =IF($C27="","",IF($B$4&$B$5="",SUMIFS('المبيعات اليومية'!$J$9:$J$308,'المبيعات اليومية'!$B$9:$B$308,$C27),SUMIFS('المبيعات اليومية'!$J$9:$J$308,'المبيعات اليومية'!$B$9:$B$308,$C27,'المبيعات اليومية'!$A$9:$A$308,">="&IF($B$4="",0,$B$4),'المبيعات اليومية'!$A$9:$A$308,"<="&IF($B$5="",2958465,$B$5)))) | I27: =IF(OR($C27="",$H$108=0),"",H27/$H$108) | J27: =IF(C27="","",IF(D27>0,"نشط","لا يوجد مبيعات"))
A28: =IF(C28="","",21) | B28: =IF('دليل العملاء'!$B$24="","",'دليل العملاء'!$A$24) | C28: =IF('دليل العملاء'!$B$24="","",'دليل العملاء'!$B$24) | D28: =IF($C28="","",IF($B$4&$B$5="",COUNTIFS('المبيعات اليومية'!$B$9:$B$308,$C28),COUNTIFS('المبيعات اليومية'!$B$9:$B$308,$C28,'المبيعات اليومية'!$A$9:$A$308,">="&IF($B$4="",0,$B$4),'المبيعات اليومية'!$A$9:$A$308,"<="&IF($B$5="",2958465,$B$5)))) | E28: =IF($C28="","",IF($B$4&$B$5="",SUMIFS('المبيعات اليومية'!$E$9:$E$308,'المبيعات اليومية'!$B$9:$B$308,$C28),SUMIFS('المبيعات اليومية'!$E$9:$E$308,'المبيعات اليومية'!$B$9:$B$308,$C28,'المبيعات اليومية'!$A$9:$A$308,">="&IF($B$4="",0,$B$4),'المبيعات اليومية'!$A$9:$A$308,"<="&IF($B$5="",2958465,$B$5)))) | F28: =IF($C28="","",IF($B$4&$B$5="",SUMIFS('المبيعات اليومية'!$H$9:$H$308,'المبيعات اليومية'!$B$9:$B$308,$C28),SUMIFS('المبيعات اليومية'!$H$9:$H$308,'المبيعات اليومية'!$B$9:$B$308,$C28,'المبيعات اليومية'!$A$9:$A$308,">="&IF($B$4="",0,$B$4),'المبيعات اليومية'!$A$9:$A$308,"<="&IF($B$5="",2958465,$B$5)))) | G28: =IF($C28="","",IF($B$4&$B$5="",SUMIFS('المبيعات اليومية'!$I$9:$I$308,'المبيعات اليومية'!$B$9:$B$308,$C28),SUMIFS('المبيعات اليومية'!$I$9:$I$308,'المبيعات اليومية'!$B$9:$B$308,$C28,'المبيعات اليومية'!$A$9:$A$308,">="&IF($B$4="",0,$B$4),'المبيعات اليومية'!$A$9:$A$308,"<="&IF($B$5="",2958465,$B$5)))) | H28: =IF($C28="","",IF($B$4&$B$5="",SUMIFS('المبيعات اليومية'!$J$9:$J$308,'المبيعات اليومية'!$B$9:$B$308,$C28),SUMIFS('المبيعات اليومية'!$J$9:$J$308,'المبيعات اليومية'!$B$9:$B$308,$C28,'المبيعات اليومية'!$A$9:$A$308,">="&IF($B$4="",0,$B$4),'المبيعات اليومية'!$A$9:$A$308,"<="&IF($B$5="",2958465,$B$5)))) | I28: =IF(OR($C28="",$H$108=0),"",H28/$H$108) | J28: =IF(C28="","",IF(D28>0,"نشط","لا يوجد مبيعات"))
A29: =IF(C29="","",22) | B29: =IF('دليل العملاء'!$B$25="","",'دليل العملاء'!$A$25) | C29: =IF('دليل العملاء'!$B$25="","",'دليل العملاء'!$B$25) | D29: =IF($C29="","",IF($B$4&$B$5="",COUNTIFS('المبيعات اليومية'!$B$9:$B$308,$C29),COUNTIFS('المبيعات اليومية'!$B$9:$B$308,$C29,'المبيعات اليومية'!$A$9:$A$308,">="&IF($B$4="",0,$B$4),'المبيعات اليومية'!$A$9:$A$308,"<="&IF($B$5="",2958465,$B$5)))) | E29: =IF($C29="","",IF($B$4&$B$5="",SUMIFS('المبيعات اليومية'!$E$9:$E$308,'المبيعات اليومية'!$B$9:$B$308,$C29),SUMIFS('المبيعات اليومية'!$E$9:$E$308,'المبيعات اليومية'!$B$9:$B$308,$C29,'المبيعات اليومية'!$A$9:$A$308,">="&IF($B$4="",0,$B$4),'المبيعات اليومية'!$A$9:$A$308,"<="&IF($B$5="",2958465,$B$5)))) | F29: =IF($C29="","",IF($B$4&$B$5="",SUMIFS('المبيعات اليومية'!$H$9:$H$308,'المبيعات اليومية'!$B$9:$B$308,$C29),SUMIFS('المبيعات اليومية'!$H$9:$H$308,'المبيعات اليومية'!$B$9:$B$308,$C29,'المبيعات اليومية'!$A$9:$A$308,">="&IF($B$4="",0,$B$4),'المبيعات اليومية'!$A$9:$A$308,"<="&IF($B$5="",2958465,$B$5)))) | G29: =IF($C29="","",IF($B$4&$B$5="",SUMIFS('المبيعات اليومية'!$I$9:$I$308,'المبيعات اليومية'!$B$9:$B$308,$C29),SUMIFS('المبيعات اليومية'!$I$9:$I$308,'المبيعات اليومية'!$B$9:$B$308,$C29,'المبيعات اليومية'!$A$9:$A$308,">="&IF($B$4="",0,$B$4),'المبيعات اليومية'!$A$9:$A$308,"<="&IF($B$5="",2958465,$B$5)))) | H29: =IF($C29="","",IF($B$4&$B$5="",SUMIFS('المبيعات اليومية'!$J$9:$J$308,'المبيعات اليومية'!$B$9:$B$308,$C29),SUMIFS('المبيعات اليومية'!$J$9:$J$308,'المبيعات اليومية'!$B$9:$B$308,$C29,'المبيعات اليومية'!$A$9:$A$308,">="&IF($B$4="",0,$B$4),'المبيعات اليومية'!$A$9:$A$308,"<="&IF($B$5="",2958465,$B$5)))) | I29: =IF(OR($C29="",$H$108=0),"",H29/$H$108) | J29: =IF(C29="","",IF(D29>0,"نشط","لا يوجد مبيعات"))
A30: =IF(C30="","",23) | B30: =IF('دليل العملاء'!$B$26="","",'دليل العملاء'!$A$26) | C30: =IF('دليل العملاء'!$B$26="","",'دليل العملاء'!$B$26) | D30: =IF($C30="","",IF($B$4&$B$5="",COUNTIFS('المبيعات اليومية'!$B$9:$B$308,$C30),COUNTIFS('المبيعات اليومية'!$B$9:$B$308,$C30,'المبيعات اليومية'!$A$9:$A$308,">="&IF($B$4="",0,$B$4),'المبيعات اليومية'!$A$9:$A$308,"<="&IF($B$5="",2958465,$B$5)))) | E30: =IF($C30="","",IF($B$4&$B$5="",SUMIFS('المبيعات اليومية'!$E$9:$E$308,'المبيعات اليومية'!$B$9:$B$308,$C30),SUMIFS('المبيعات اليومية'!$E$9:$E$308,'المبيعات اليومية'!$B$9:$B$308,$C30,'المبيعات اليومية'!$A$9:$A$308,">="&IF($B$4="",0,$B$4),'المبيعات اليومية'!$A$9:$A$308,"<="&IF($B$5="",2958465,$B$5)))) | F30: =IF($C30="","",IF($B$4&$B$5="",SUMIFS('المبيعات اليومية'!$H$9:$H$308,'المبيعات اليومية'!$B$9:$B$308,$C30),SUMIFS('المبيعات اليومية'!$H$9:$H$308,'المبيعات اليومية'!$B$9:$B$308,$C30,'المبيعات اليومية'!$A$9:$A$308,">="&IF($B$4="",0,$B$4),'المبيعات اليومية'!$A$9:$A$308,"<="&IF($B$5="",2958465,$B$5)))) | G30: =IF($C30="","",IF($B$4&$B$5="",SUMIFS('المبيعات اليومية'!$I$9:$I$308,'المبيعات اليومية'!$B$9:$B$308,$C30),SUMIFS('المبيعات اليومية'!$I$9:$I$308,'المبيعات اليومية'!$B$9:$B$308,$C30,'المبيعات اليومية'!$A$9:$A$308,">="&IF($B$4="",0,$B$4),'المبيعات اليومية'!$A$9:$A$308,"<="&IF($B$5="",2958465,$B$5)))) | H30: =IF($C30="","",IF($B$4&$B$5="",SUMIFS('المبيعات اليومية'!$J$9:$J$308,'المبيعات اليومية'!$B$9:$B$308,$C30),SUMIFS('المبيعات اليومية'!$J$9:$J$308,'المبيعات اليومية'!$B$9:$B$308,$C30,'المبيعات اليومية'!$A$9:$A$308,">="&IF($B$4="",0,$B$4),'المبيعات اليومية'!$A$9:$A$308,"<="&IF($B$5="",2958465,$B$5)))) | I30: =IF(OR($C30="",$H$108=0),"",H30/$H$108) | J30: =IF(C30="","",IF(D30>0,"نشط","لا يوجد مبيعات"))
A31: =IF(C31="","",24) | B31: =IF('دليل العملاء'!$B$27="","",'دليل العملاء'!$A$27) | C31: =IF('دليل العملاء'!$B$27="","",'دليل العملاء'!$B$27) | D31: =IF($C31="","",IF($B$4&$B$5="",COUNTIFS('المبيعات اليومية'!$B$9:$B$308,$C31),COUNTIFS('المبيعات اليومية'!$B$9:$B$308,$C31,'المبيعات اليومية'!$A$9:$A$308,">="&IF($B$4="",0,$B$4),'المبيعات اليومية'!$A$9:$A$308,"<="&IF($B$5="",2958465,$B$5)))) | E31: =IF($C31="","",IF($B$4&$B$5="",SUMIFS('المبيعات اليومية'!$E$9:$E$308,'المبيعات اليومية'!$B$9:$B$308,$C31),SUMIFS('المبيعات اليومية'!$E$9:$E$308,'المبيعات اليومية'!$B$9:$B$308,$C31,'المبيعات اليومية'!$A$9:$A$308,">="&IF($B$4="",0,$B$4),'المبيعات اليومية'!$A$9:$A$308,"<="&IF($B$5="",2958465,$B$5)))) | F31: =IF($C31="","",IF($B$4&$B$5="",SUMIFS('المبيعات اليومية'!$H$9:$H$308,'المبيعات اليومية'!$B$9:$B$308,$C31),SUMIFS('المبيعات اليومية'!$H$9:$H$308,'المبيعات اليومية'!$B$9:$B$308,$C31,'المبيعات اليومية'!$A$9:$A$308,">="&IF($B$4="",0,$B$4),'المبيعات اليومية'!$A$9:$A$308,"<="&IF($B$5="",2958465,$B$5)))) | G31: =IF($C31="","",IF($B$4&$B$5="",SUMIFS('المبيعات اليومية'!$I$9:$I$308,'المبيعات اليومية'!$B$9:$B$308,$C31),SUMIFS('المبيعات اليومية'!$I$9:$I$308,'المبيعات اليومية'!$B$9:$B$308,$C31,'المبيعات اليومية'!$A$9:$A$308,">="&IF($B$4="",0,$B$4),'المبيعات اليومية'!$A$9:$A$308,"<="&IF($B$5="",2958465,$B$5)))) | H31: =IF($C31="","",IF($B$4&$B$5="",SUMIFS('المبيعات اليومية'!$J$9:$J$308,'المبيعات اليومية'!$B$9:$B$308,$C31),SUMIFS('المبيعات اليومية'!$J$9:$J$308,'المبيعات اليومية'!$B$9:$B$308,$C31,'المبيعات اليومية'!$A$9:$A$308,">="&IF($B$4="",0,$B$4),'المبيعات اليومية'!$A$9:$A$308,"<="&IF($B$5="",2958465,$B$5)))) | I31: =IF(OR($C31="",$H$108=0),"",H31/$H$108) | J31: =IF(C31="","",IF(D31>0,"نشط","لا يوجد مبيعات"))
A32: =IF(C32="","",25) | B32: =IF('دليل العملاء'!$B$28="","",'دليل العملاء'!$A$28) | C32: =IF('دليل العملاء'!$B$28="","",'دليل العملاء'!$B$28) | D32: =IF($C32="","",IF($B$4&$B$5="",COUNTIFS('المبيعات اليومية'!$B$9:$B$308,$C32),COUNTIFS('المبيعات اليومية'!$B$9:$B$308,$C32,'المبيعات اليومية'!$A$9:$A$308,">="&IF($B$4="",0,$B$4),'المبيعات اليومية'!$A$9:$A$308,"<="&IF($B$5="",2958465,$B$5)))) | E32: =IF($C32="","",IF($B$4&$B$5="",SUMIFS('المبيعات اليومية'!$E$9:$E$308,'المبيعات اليومية'!$B$9:$B$308,$C32),SUMIFS('المبيعات اليومية'!$E$9:$E$308,'المبيعات اليومية'!$B$9:$B$308,$C32,'المبيعات اليومية'!$A$9:$A$308,">="&IF($B$4="",0,$B$4),'المبيعات اليومية'!$A$9:$A$308,"<="&IF($B$5="",2958465,$B$5)))) | F32: =IF($C32="","",IF($B$4&$B$5="",SUMIFS('المبيعات اليومية'!$H$9:$H$308,'المبيعات اليومية'!$B$9:$B$308,$C32),SUMIFS('المبيعات اليومية'!$H$9:$H$308,'المبيعات اليومية'!$B$9:$B$308,$C32,'المبيعات اليومية'!$A$9:$A$308,">="&IF($B$4="",0,$B$4),'المبيعات اليومية'!$A$9:$A$308,"<="&IF($B$5="",2958465,$B$5)))) | G32: =IF($C32="","",IF($B$4&$B$5="",SUMIFS('المبيعات اليومية'!$I$9:$I$308,'المبيعات اليومية'!$B$9:$B$308,$C32),SUMIFS('المبيعات اليومية'!$I$9:$I$308,'المبيعات اليومية'!$B$9:$B$308,$C32,'المبيعات اليومية'!$A$9:$A$308,">="&IF($B$4="",0,$B$4),'المبيعات اليومية'!$A$9:$A$308,"<="&IF($B$5="",2958465,$B$5)))) | H32: =IF($C32="","",IF($B$4&$B$5="",SUMIFS('المبيعات اليومية'!$J$9:$J$308,'المبيعات اليومية'!$B$9:$B$308,$C32),SUMIFS('المبيعات اليومية'!$J$9:$J$308,'المبيعات اليومية'!$B$9:$B$308,$C32,'المبيعات اليومية'!$A$9:$A$308,">="&IF($B$4="",0,$B$4),'المبيعات اليومية'!$A$9:$A$308,"<="&IF($B$5="",2958465,$B$5)))) | I32: =IF(OR($C32="",$H$108=0),"",H32/$H$108) | J32: =IF(C32="","",IF(D32>0,"نشط","لا يوجد مبيعات"))
A33: =IF(C33="","",26) | B33: =IF('دليل العملاء'!$B$29="","",'دليل العملاء'!$A$29) | C33: =IF('دليل العملاء'!$B$29="","",'دليل العملاء'!$B$29) | D33: =IF($C33="","",IF($B$4&$B$5="",COUNTIFS('المبيعات اليومية'!$B$9:$B$308,$C33),COUNTIFS('المبيعات اليومية'!$B$9:$B$308,$C33,'المبيعات اليومية'!$A$9:$A$308,">="&IF($B$4="",0,$B$4),'المبيعات اليومية'!$A$9:$A$308,"<="&IF($B$5="",2958465,$B$5)))) | E33: =IF($C33="","",IF($B$4&$B$5="",SUMIFS('المبيعات اليومية'!$E$9:$E$308,'المبيعات اليومية'!$B$9:$B$308,$C33),SUMIFS('المبيعات اليومية'!$E$9:$E$308,'المبيعات اليومية'!$B$9:$B$308,$C33,'المبيعات اليومية'!$A$9:$A$308,">="&IF($B$4="",0,$B$4),'المبيعات اليومية'!$A$9:$A$308,"<="&IF($B$5="",2958465,$B$5)))) | F33: =IF($C33="","",IF($B$4&$B$5="",SUMIFS('المبيعات اليومية'!$H$9:$H$308,'المبيعات اليومية'!$B$9:$B$308,$C33),SUMIFS('المبيعات اليومية'!$H$9:$H$308,'المبيعات اليومية'!$B$9:$B$308,$C33,'المبيعات اليومية'!$A$9:$A$308,">="&IF($B$4="",0,$B$4),'المبيعات اليومية'!$A$9:$A$308,"<="&IF($B$5="",2958465,$B$5)))) | G33: =IF($C33="","",IF($B$4&$B$5="",SUMIFS('المبيعات اليومية'!$I$9:$I$308,'المبيعات اليومية'!$B$9:$B$308,$C33),SUMIFS('المبيعات اليومية'!$I$9:$I$308,'المبيعات اليومية'!$B$9:$B$308,$C33,'المبيعات اليومية'!$A$9:$A$308,">="&IF($B$4="",0,$B$4),'المبيعات اليومية'!$A$9:$A$308,"<="&IF($B$5="",2958465,$B$5)))) | H33: =IF($C33="","",IF($B$4&$B$5="",SUMIFS('المبيعات اليومية'!$J$9:$J$308,'المبيعات اليومية'!$B$9:$B$308,$C33),SUMIFS('المبيعات اليومية'!$J$9:$J$308,'المبيعات اليومية'!$B$9:$B$308,$C33,'المبيعات اليومية'!$A$9:$A$308,">="&IF($B$4="",0,$B$4),'المبيعات اليومية'!$A$9:$A$308,"<="&IF($B$5="",2958465,$B$5)))) | I33: =IF(OR($C33="",$H$108=0),"",H33/$H$108) | J33: =IF(C33="","",IF(D33>0,"نشط","لا يوجد مبيعات"))
A34: =IF(C34="","",27) | B34: =IF('دليل العملاء'!$B$30="","",'دليل العملاء'!$A$30) | C34: =IF('دليل العملاء'!$B$30="","",'دليل العملاء'!$B$30) | D34: =IF($C34="","",IF($B$4&$B$5="",COUNTIFS('المبيعات اليومية'!$B$9:$B$308,$C34),COUNTIFS('المبيعات اليومية'!$B$9:$B$308,$C34,'المبيعات اليومية'!$A$9:$A$308,">="&IF($B$4="",0,$B$4),'المبيعات اليومية'!$A$9:$A$308,"<="&IF($B$5="",2958465,$B$5)))) | E34: =IF($C34="","",IF($B$4&$B$5="",SUMIFS('المبيعات اليومية'!$E$9:$E$308,'المبيعات اليومية'!$B$9:$B$308,$C34),SUMIFS('المبيعات اليومية'!$E$9:$E$308,'المبيعات اليومية'!$B$9:$B$308,$C34,'المبيعات اليومية'!$A$9:$A$308,">="&IF($B$4="",0,$B$4),'المبيعات اليومية'!$A$9:$A$308,"<="&IF($B$5="",2958465,$B$5)))) | F34: =IF($C34="","",IF($B$4&$B$5="",SUMIFS('المبيعات اليومية'!$H$9:$H$308,'المبيعات اليومية'!$B$9:$B$308,$C34),SUMIFS('المبيعات اليومية'!$H$9:$H$308,'المبيعات اليومية'!$B$9:$B$308,$C34,'المبيعات اليومية'!$A$9:$A$308,">="&IF($B$4="",0,$B$4),'المبيعات اليومية'!$A$9:$A$308,"<="&IF($B$5="",2958465,$B$5)))) | G34: =IF($C34="","",IF($B$4&$B$5="",SUMIFS('المبيعات اليومية'!$I$9:$I$308,'المبيعات اليومية'!$B$9:$B$308,$C34),SUMIFS('المبيعات اليومية'!$I$9:$I$308,'المبيعات اليومية'!$B$9:$B$308,$C34,'المبيعات اليومية'!$A$9:$A$308,">="&IF($B$4="",0,$B$4),'المبيعات اليومية'!$A$9:$A$308,"<="&IF($B$5="",2958465,$B$5)))) | H34: =IF($C34="","",IF($B$4&$B$5="",SUMIFS('المبيعات اليومية'!$J$9:$J$308,'المبيعات اليومية'!$B$9:$B$308,$C34),SUMIFS('المبيعات اليومية'!$J$9:$J$308,'المبيعات اليومية'!$B$9:$B$308,$C34,'المبيعات اليومية'!$A$9:$A$308,">="&IF($B$4="",0,$B$4),'المبيعات اليومية'!$A$9:$A$308,"<="&IF($B$5="",2958465,$B$5)))) | I34: =IF(OR($C34="",$H$108=0),"",H34/$H$108) | J34: =IF(C34="","",IF(D34>0,"نشط","لا يوجد مبيعات"))
A35: =IF(C35="","",28) | B35: =IF('دليل العملاء'!$B$31="","",'دليل العملاء'!$A$31) | C35: =IF('دليل العملاء'!$B$31="","",'دليل العملاء'!$B$31) | D35: =IF($C35="","",IF($B$4&$B$5="",COUNTIFS('المبيعات اليومية'!$B$9:$B$308,$C35),COUNTIFS('المبيعات اليومية'!$B$9:$B$308,$C35,'المبيعات اليومية'!$A$9:$A$308,">="&IF($B$4="",0,$B$4),'المبيعات اليومية'!$A$9:$A$308,"<="&IF($B$5="",2958465,$B$5)))) | E35: =IF($C35="","",IF($B$4&$B$5="",SUMIFS('المبيعات اليومية'!$E$9:$E$308,'المبيعات اليومية'!$B$9:$B$308,$C35),SUMIFS('المبيعات اليومية'!$E$9:$E$308,'المبيعات اليومية'!$B$9:$B$308,$C35,'المبيعات اليومية'!$A$9:$A$308,">="&IF($B$4="",0,$B$4),'المبيعات اليومية'!$A$9:$A$308,"<="&IF($B$5="",2958465,$B$5)))) | F35: =IF($C35="","",IF($B$4&$B$5="",SUMIFS('المبيعات اليومية'!$H$9:$H$308,'المبيعات اليومية'!$B$9:$B$308,$C35),SUMIFS('المبيعات اليومية'!$H$9:$H$308,'المبيعات اليومية'!$B$9:$B$308,$C35,'المبيعات اليومية'!$A$9:$A$308,">="&IF($B$4="",0,$B$4),'المبيعات اليومية'!$A$9:$A$308,"<="&IF($B$5="",2958465,$B$5)))) | G35: =IF($C35="","",IF($B$4&$B$5="",SUMIFS('المبيعات اليومية'!$I$9:$I$308,'المبيعات اليومية'!$B$9:$B$308,$C35),SUMIFS('المبيعات اليومية'!$I$9:$I$308,'المبيعات اليومية'!$B$9:$B$308,$C35,'المبيعات اليومية'!$A$9:$A$308,">="&IF($B$4="",0,$B$4),'المبيعات اليومية'!$A$9:$A$308,"<="&IF($B$5="",2958465,$B$5)))) | H35: =IF($C35="","",IF($B$4&$B$5="",SUMIFS('المبيعات اليومية'!$J$9:$J$308,'المبيعات اليومية'!$B$9:$B$308,$C35),SUMIFS('المبيعات اليومية'!$J$9:$J$308,'المبيعات اليومية'!$B$9:$B$308,$C35,'المبيعات اليومية'!$A$9:$A$308,">="&IF($B$4="",0,$B$4),'المبيعات اليومية'!$A$9:$A$308,"<="&IF($B$5="",2958465,$B$5)))) | I35: =IF(OR($C35="",$H$108=0),"",H35/$H$108) | J35: =IF(C35="","",IF(D35>0,"نشط","لا يوجد مبيعات"))
A36: =IF(C36="","",29) | B36: =IF('دليل العملاء'!$B$32="","",'دليل العملاء'!$A$32) | C36: =IF('دليل العملاء'!$B$32="","",'دليل العملاء'!$B$32) | D36: =IF($C36="","",IF($B$4&$B$5="",COUNTIFS('المبيعات اليومية'!$B$9:$B$308,$C36),COUNTIFS('المبيعات اليومية'!$B$9:$B$308,$C36,'المبيعات اليومية'!$A$9:$A$308,">="&IF($B$4="",0,$B$4),'المبيعات اليومية'!$A$9:$A$308,"<="&IF($B$5="",2958465,$B$5)))) | E36: =IF($C36="","",IF($B$4&$B$5="",SUMIFS('المبيعات اليومية'!$E$9:$E$308,'المبيعات اليومية'!$B$9:$B$308,$C36),SUMIFS('المبيعات اليومية'!$E$9:$E$308,'المبيعات اليومية'!$B$9:$B$308,$C36,'المبيعات اليومية'!$A$9:$A$308,">="&IF($B$4="",0,$B$4),'المبيعات اليومية'!$A$9:$A$308,"<="&IF($B$5="",2958465,$B$5)))) | F36: =IF($C36="","",IF($B$4&$B$5="",SUMIFS('المبيعات اليومية'!$H$9:$H$308,'المبيعات اليومية'!$B$9:$B$308,$C36),SUMIFS('المبيعات اليومية'!$H$9:$H$308,'المبيعات اليومية'!$B$9:$B$308,$C36,'المبيعات اليومية'!$A$9:$A$308,">="&IF($B$4="",0,$B$4),'المبيعات اليومية'!$A$9:$A$308,"<="&IF($B$5="",2958465,$B$5)))) | G36: =IF($C36="","",IF($B$4&$B$5="",SUMIFS('المبيعات اليومية'!$I$9:$I$308,'المبيعات اليومية'!$B$9:$B$308,$C36),SUMIFS('المبيعات اليومية'!$I$9:$I$308,'المبيعات اليومية'!$B$9:$B$308,$C36,'المبيعات اليومية'!$A$9:$A$308,">="&IF($B$4="",0,$B$4),'المبيعات اليومية'!$A$9:$A$308,"<="&IF($B$5="",2958465,$B$5)))) | H36: =IF($C36="","",IF($B$4&$B$5="",SUMIFS('المبيعات اليومية'!$J$9:$J$308,'المبيعات اليومية'!$B$9:$B$308,$C36),SUMIFS('المبيعات اليومية'!$J$9:$J$308,'المبيعات اليومية'!$B$9:$B$308,$C36,'المبيعات اليومية'!$A$9:$A$308,">="&IF($B$4="",0,$B$4),'المبيعات اليومية'!$A$9:$A$308,"<="&IF($B$5="",2958465,$B$5)))) | I36: =IF(OR($C36="",$H$108=0),"",H36/$H$108) | J36: =IF(C36="","",IF(D36>0,"نشط","لا يوجد مبيعات"))
A37: =IF(C37="","",30) | B37: =IF('دليل العملاء'!$B$33="","",'دليل العملاء'!$A$33) | C37: =IF('دليل العملاء'!$B$33="","",'دليل العملاء'!$B$33) | D37: =IF($C37="","",IF($B$4&$B$5="",COUNTIFS('المبيعات اليومية'!$B$9:$B$308,$C37),COUNTIFS('المبيعات اليومية'!$B$9:$B$308,$C37,'المبيعات اليومية'!$A$9:$A$308,">="&IF($B$4="",0,$B$4),'المبيعات اليومية'!$A$9:$A$308,"<="&IF($B$5="",2958465,$B$5)))) | E37: =IF($C37="","",IF($B$4&$B$5="",SUMIFS('المبيعات اليومية'!$E$9:$E$308,'المبيعات اليومية'!$B$9:$B$308,$C37),SUMIFS('المبيعات اليومية'!$E$9:$E$308,'المبيعات اليومية'!$B$9:$B$308,$C37,'المبيعات اليومية'!$A$9:$A$308,">="&IF($B$4="",0,$B$4),'المبيعات اليومية'!$A$9:$A$308,"<="&IF($B$5="",2958465,$B$5)))) | F37: =IF($C37="","",IF($B$4&$B$5="",SUMIFS('المبيعات اليومية'!$H$9:$H$308,'المبيعات اليومية'!$B$9:$B$308,$C37),SUMIFS('المبيعات اليومية'!$H$9:$H$308,'المبيعات اليومية'!$B$9:$B$308,$C37,'المبيعات اليومية'!$A$9:$A$308,">="&IF($B$4="",0,$B$4),'المبيعات اليومية'!$A$9:$A$308,"<="&IF($B$5="",2958465,$B$5)))) | G37: =IF($C37="","",IF($B$4&$B$5="",SUMIFS('المبيعات اليومية'!$I$9:$I$308,'المبيعات اليومية'!$B$9:$B$308,$C37),SUMIFS('المبيعات اليومية'!$I$9:$I$308,'المبيعات اليومية'!$B$9:$B$308,$C37,'المبيعات اليومية'!$A$9:$A$308,">="&IF($B$4="",0,$B$4),'المبيعات اليومية'!$A$9:$A$308,"<="&IF($B$5="",2958465,$B$5)))) | H37: =IF($C37="","",IF($B$4&$B$5="",SUMIFS('المبيعات اليومية'!$J$9:$J$308,'المبيعات اليومية'!$B$9:$B$308,$C37),SUMIFS('المبيعات اليومية'!$J$9:$J$308,'المبيعات اليومية'!$B$9:$B$308,$C37,'المبيعات اليومية'!$A$9:$A$308,">="&IF($B$4="",0,$B$4),'المبيعات اليومية'!$A$9:$A$308,"<="&IF($B$5="",2958465,$B$5)))) | I37: =IF(OR($C37="",$H$108=0),"",H37/$H$108) | J37: =IF(C37="","",IF(D37>0,"نشط","لا يوجد مبيعات"))
A38: =IF(C38="","",31) | B38: =IF('دليل العملاء'!$B$34="","",'دليل العملاء'!$A$34) | C38: =IF('دليل العملاء'!$B$34="","",'دليل العملاء'!$B$34) | D38: =IF($C38="","",IF($B$4&$B$5="",COUNTIFS('المبيعات اليومية'!$B$9:$B$308,$C38),COUNTIFS('المبيعات اليومية'!$B$9:$B$308,$C38,'المبيعات اليومية'!$A$9:$A$308,">="&IF($B$4="",0,$B$4),'المبيعات اليومية'!$A$9:$A$308,"<="&IF($B$5="",2958465,$B$5)))) | E38: =IF($C38="","",IF($B$4&$B$5="",SUMIFS('المبيعات اليومية'!$E$9:$E$308,'المبيعات اليومية'!$B$9:$B$308,$C38),SUMIFS('المبيعات اليومية'!$E$9:$E$308,'المبيعات اليومية'!$B$9:$B$308,$C38,'المبيعات اليومية'!$A$9:$A$308,">="&IF($B$4="",0,$B$4),'المبيعات اليومية'!$A$9:$A$308,"<="&IF($B$5="",2958465,$B$5)))) | F38: =IF($C38="","",IF($B$4&$B$5="",SUMIFS('المبيعات اليومية'!$H$9:$H$308,'المبيعات اليومية'!$B$9:$B$308,$C38),SUMIFS('المبيعات اليومية'!$H$9:$H$308,'المبيعات اليومية'!$B$9:$B$308,$C38,'المبيعات اليومية'!$A$9:$A$308,">="&IF($B$4="",0,$B$4),'المبيعات اليومية'!$A$9:$A$308,"<="&IF($B$5="",2958465,$B$5)))) | G38: =IF($C38="","",IF($B$4&$B$5="",SUMIFS('المبيعات اليومية'!$I$9:$I$308,'المبيعات اليومية'!$B$9:$B$308,$C38),SUMIFS('المبيعات اليومية'!$I$9:$I$308,'المبيعات اليومية'!$B$9:$B$308,$C38,'المبيعات اليومية'!$A$9:$A$308,">="&IF($B$4="",0,$B$4),'المبيعات اليومية'!$A$9:$A$308,"<="&IF($B$5="",2958465,$B$5)))) | H38: =IF($C38="","",IF($B$4&$B$5="",SUMIFS('المبيعات اليومية'!$J$9:$J$308,'المبيعات اليومية'!$B$9:$B$308,$C38),SUMIFS('المبيعات اليومية'!$J$9:$J$308,'المبيعات اليومية'!$B$9:$B$308,$C38,'المبيعات اليومية'!$A$9:$A$308,">="&IF($B$4="",0,$B$4),'المبيعات اليومية'!$A$9:$A$308,"<="&IF($B$5="",2958465,$B$5)))) | I38: =IF(OR($C38="",$H$108=0),"",H38/$H$108) | J38: =IF(C38="","",IF(D38>0,"نشط","لا يوجد مبيعات"))
A39: =IF(C39="","",32) | B39: =IF('دليل العملاء'!$B$35="","",'دليل العملاء'!$A$35) | C39: =IF('دليل العملاء'!$B$35="","",'دليل العملاء'!$B$35) | D39: =IF($C39="","",IF($B$4&$B$5="",COUNTIFS('المبيعات اليومية'!$B$9:$B$308,$C39),COUNTIFS('المبيعات اليومية'!$B$9:$B$308,$C39,'المبيعات اليومية'!$A$9:$A$308,">="&IF($B$4="",0,$B$4),'المبيعات اليومية'!$A$9:$A$308,"<="&IF($B$5="",2958465,$B$5)))) | E39: =IF($C39="","",IF($B$4&$B$5="",SUMIFS('المبيعات اليومية'!$E$9:$E$308,'المبيعات اليومية'!$B$9:$B$308,$C39),SUMIFS('المبيعات اليومية'!$E$9:$E$308,'المبيعات اليومية'!$B$9:$B$308,$C39,'المبيعات اليومية'!$A$9:$A$308,">="&IF($B$4="",0,$B$4),'المبيعات اليومية'!$A$9:$A$308,"<="&IF($B$5="",2958465,$B$5)))) | F39: =IF($C39="","",IF($B$4&$B$5="",SUMIFS('المبيعات اليومية'!$H$9:$H$308,'المبيعات اليومية'!$B$9:$B$308,$C39),SUMIFS('المبيعات اليومية'!$H$9:$H$308,'المبيعات اليومية'!$B$9:$B$308,$C39,'المبيعات اليومية'!$A$9:$A$308,">="&IF($B$4="",0,$B$4),'المبيعات اليومية'!$A$9:$A$308,"<="&IF($B$5="",2958465,$B$5)))) | G39: =IF($C39="","",IF($B$4&$B$5="",SUMIFS('المبيعات اليومية'!$I$9:$I$308,'المبيعات اليومية'!$B$9:$B$308,$C39),SUMIFS('المبيعات اليومية'!$I$9:$I$308,'المبيعات اليومية'!$B$9:$B$308,$C39,'المبيعات اليومية'!$A$9:$A$308,">="&IF($B$4="",0,$B$4),'المبيعات اليومية'!$A$9:$A$308,"<="&IF($B$5="",2958465,$B$5)))) | H39: =IF($C39="","",IF($B$4&$B$5="",SUMIFS('المبيعات اليومية'!$J$9:$J$308,'المبيعات اليومية'!$B$9:$B$308,$C39),SUMIFS('المبيعات اليومية'!$J$9:$J$308,'المبيعات اليومية'!$B$9:$B$308,$C39,'المبيعات اليومية'!$A$9:$A$308,">="&IF($B$4="",0,$B$4),'المبيعات اليومية'!$A$9:$A$308,"<="&IF($B$5="",2958465,$B$5)))) | I39: =IF(OR($C39="",$H$108=0),"",H39/$H$108) | J39: =IF(C39="","",IF(D39>0,"نشط","لا يوجد مبيعات"))
A40: =IF(C40="","",33) | B40: =IF('دليل العملاء'!$B$36="","",'دليل العملاء'!$A$36) | C40: =IF('دليل العملاء'!$B$36="","",'دليل العملاء'!$B$36) | D40: =IF($C40="","",IF($B$4&$B$5="",COUNTIFS('المبيعات اليومية'!$B$9:$B$308,$C40),COUNTIFS('المبيعات اليومية'!$B$9:$B$308,$C40,'المبيعات اليومية'!$A$9:$A$308,">="&IF($B$4="",0,$B$4),'المبيعات اليومية'!$A$9:$A$308,"<="&IF($B$5="",2958465,$B$5)))) | E40: =IF($C40="","",IF($B$4&$B$5="",SUMIFS('المبيعات اليومية'!$E$9:$E$308,'المبيعات اليومية'!$B$9:$B$308,$C40),SUMIFS('المبيعات اليومية'!$E$9:$E$308,'المبيعات اليومية'!$B$9:$B$308,$C40,'المبيعات اليومية'!$A$9:$A$308,">="&IF($B$4="",0,$B$4),'المبيعات اليومية'!$A$9:$A$308,"<="&IF($B$5="",2958465,$B$5)))) | F40: =IF($C40="","",IF($B$4&$B$5="",SUMIFS('المبيعات اليومية'!$H$9:$H$308,'المبيعات اليومية'!$B$9:$B$308,$C40),SUMIFS('المبيعات اليومية'!$H$9:$H$308,'المبيعات اليومية'!$B$9:$B$308,$C40,'المبيعات اليومية'!$A$9:$A$308,">="&IF($B$4="",0,$B$4),'المبيعات اليومية'!$A$9:$A$308,"<="&IF($B$5="",2958465,$B$5)))) | G40: =IF($C40="","",IF($B$4&$B$5="",SUMIFS('المبيعات اليومية'!$I$9:$I$308,'المبيعات اليومية'!$B$9:$B$308,$C40),SUMIFS('المبيعات اليومية'!$I$9:$I$308,'المبيعات اليومية'!$B$9:$B$308,$C40,'المبيعات اليومية'!$A$9:$A$308,">="&IF($B$4="",0,$B$4),'المبيعات اليومية'!$A$9:$A$308,"<="&IF($B$5="",2958465,$B$5)))) | H40: =IF($C40="","",IF($B$4&$B$5="",SUMIFS('المبيعات اليومية'!$J$9:$J$308,'المبيعات اليومية'!$B$9:$B$308,$C40),SUMIFS('المبيعات اليومية'!$J$9:$J$308,'المبيعات اليومية'!$B$9:$B$308,$C40,'المبيعات اليومية'!$A$9:$A$308,">="&IF($B$4="",0,$B$4),'المبيعات اليومية'!$A$9:$A$308,"<="&IF($B$5="",2958465,$B$5)))) | I40: =IF(OR($C40="",$H$108=0),"",H40/$H$108) | J40: =IF(C40="","",IF(D40>0,"نشط","لا يوجد مبيعات"))
A41: =IF(C41="","",34) | B41: =IF('دليل العملاء'!$B$37="","",'دليل العملاء'!$A$37) | C41: =IF('دليل العملاء'!$B$37="","",'دليل العملاء'!$B$37) | D41: =IF($C41="","",IF($B$4&$B$5="",COUNTIFS('المبيعات اليومية'!$B$9:$B$308,$C41),COUNTIFS('المبيعات اليومية'!$B$9:$B$308,$C41,'المبيعات اليومية'!$A$9:$A$308,">="&IF($B$4="",0,$B$4),'المبيعات اليومية'!$A$9:$A$308,"<="&IF($B$5="",2958465,$B$5)))) | E41: =IF($C41="","",IF($B$4&$B$5="",SUMIFS('المبيعات اليومية'!$E$9:$E$308,'المبيعات اليومية'!$B$9:$B$308,$C41),SUMIFS('المبيعات اليومية'!$E$9:$E$308,'المبيعات اليومية'!$B$9:$B$308,$C41,'المبيعات اليومية'!$A$9:$A$308,">="&IF($B$4="",0,$B$4),'المبيعات اليومية'!$A$9:$A$308,"<="&IF($B$5="",2958465,$B$5)))) | F41: =IF($C41="","",IF($B$4&$B$5="",SUMIFS('المبيعات اليومية'!$H$9:$H$308,'المبيعات اليومية'!$B$9:$B$308,$C41),SUMIFS('المبيعات اليومية'!$H$9:$H$308,'المبيعات اليومية'!$B$9:$B$308,$C41,'المبيعات اليومية'!$A$9:$A$308,">="&IF($B$4="",0,$B$4),'المبيعات اليومية'!$A$9:$A$308,"<="&IF($B$5="",2958465,$B$5)))) | G41: =IF($C41="","",IF($B$4&$B$5="",SUMIFS('المبيعات اليومية'!$I$9:$I$308,'المبيعات اليومية'!$B$9:$B$308,$C41),SUMIFS('المبيعات اليومية'!$I$9:$I$308,'المبيعات اليومية'!$B$9:$B$308,$C41,'المبيعات اليومية'!$A$9:$A$308,">="&IF($B$4="",0,$B$4),'المبيعات اليومية'!$A$9:$A$308,"<="&IF($B$5="",2958465,$B$5)))) | H41: =IF($C41="","",IF($B$4&$B$5="",SUMIFS('المبيعات اليومية'!$J$9:$J$308,'المبيعات اليومية'!$B$9:$B$308,$C41),SUMIFS('المبيعات اليومية'!$J$9:$J$308,'المبيعات اليومية'!$B$9:$B$308,$C41,'المبيعات اليومية'!$A$9:$A$308,">="&IF($B$4="",0,$B$4),'المبيعات اليومية'!$A$9:$A$308,"<="&IF($B$5="",2958465,$B$5)))) | I41: =IF(OR($C41="",$H$108=0),"",H41/$H$108) | J41: =IF(C41="","",IF(D41>0,"نشط","لا يوجد مبيعات"))
A42: =IF(C42="","",35) | B42: =IF('دليل العملاء'!$B$38="","",'دليل العملاء'!$A$38) | C42: =IF('دليل العملاء'!$B$38="","",'دليل العملاء'!$B$38) | D42: =IF($C42="","",IF($B$4&$B$5="",COUNTIFS('المبيعات اليومية'!$B$9:$B$308,$C42),COUNTIFS('المبيعات اليومية'!$B$9:$B$308,$C42,'المبيعات اليومية'!$A$9:$A$308,">="&IF($B$4="",0,$B$4),'المبيعات اليومية'!$A$9:$A$308,"<="&IF($B$5="",2958465,$B$5)))) | E42: =IF($C42="","",IF($B$4&$B$5="",SUMIFS('المبيعات اليومية'!$E$9:$E$308,'المبيعات اليومية'!$B$9:$B$308,$C42),SUMIFS('المبيعات اليومية'!$E$9:$E$308,'المبيعات اليومية'!$B$9:$B$308,$C42,'المبيعات اليومية'!$A$9:$A$308,">="&IF($B$4="",0,$B$4),'المبيعات اليومية'!$A$9:$A$308,"<="&IF($B$5="",2958465,$B$5)))) | F42: =IF($C42="","",IF($B$4&$B$5="",SUMIFS('المبيعات اليومية'!$H$9:$H$308,'المبيعات اليومية'!$B$9:$B$308,$C42),SUMIFS('المبيعات اليومية'!$H$9:$H$308,'المبيعات اليومية'!$B$9:$B$308,$C42,'المبيعات اليومية'!$A$9:$A$308,">="&IF($B$4="",0,$B$4),'المبيعات اليومية'!$A$9:$A$308,"<="&IF($B$5="",2958465,$B$5)))) | G42: =IF($C42="","",IF($B$4&$B$5="",SUMIFS('المبيعات اليومية'!$I$9:$I$308,'المبيعات اليومية'!$B$9:$B$308,$C42),SUMIFS('المبيعات اليومية'!$I$9:$I$308,'المبيعات اليومية'!$B$9:$B$308,$C42,'المبيعات اليومية'!$A$9:$A$308,">="&IF($B$4="",0,$B$4),'المبيعات اليومية'!$A$9:$A$308,"<="&IF($B$5="",2958465,$B$5)))) | H42: =IF($C42="","",IF($B$4&$B$5="",SUMIFS('المبيعات اليومية'!$J$9:$J$308,'المبيعات اليومية'!$B$9:$B$308,$C42),SUMIFS('المبيعات اليومية'!$J$9:$J$308,'المبيعات اليومية'!$B$9:$B$308,$C42,'المبيعات اليومية'!$A$9:$A$308,">="&IF($B$4="",0,$B$4),'المبيعات اليومية'!$A$9:$A$308,"<="&IF($B$5="",2958465,$B$5)))) | I42: =IF(OR($C42="",$H$108=0),"",H42/$H$108) | J42: =IF(C42="","",IF(D42>0,"نشط","لا يوجد مبيعات"))
A43: =IF(C43="","",36) | B43: =IF('دليل العملاء'!$B$39="","",'دليل العملاء'!$A$39) | C43: =IF('دليل العملاء'!$B$39="","",'دليل العملاء'!$B$39) | D43: =IF($C43="","",IF($B$4&$B$5="",COUNTIFS('المبيعات اليومية'!$B$9:$B$308,$C43),COUNTIFS('المبيعات اليومية'!$B$9:$B$308,$C43,'المبيعات اليومية'!$A$9:$A$308,">="&IF($B$4="",0,$B$4),'المبيعات اليومية'!$A$9:$A$308,"<="&IF($B$5="",2958465,$B$5)))) | E43: =IF($C43="","",IF($B$4&$B$5="",SUMIFS('المبيعات اليومية'!$E$9:$E$308,'المبيعات اليومية'!$B$9:$B$308,$C43),SUMIFS('المبيعات اليومية'!$E$9:$E$308,'المبيعات اليومية'!$B$9:$B$308,$C43,'المبيعات اليومية'!$A$9:$A$308,">="&IF($B$4="",0,$B$4),'المبيعات اليومية'!$A$9:$A$308,"<="&IF($B$5="",2958465,$B$5)))) | F43: =IF($C43="","",IF($B$4&$B$5="",SUMIFS('المبيعات اليومية'!$H$9:$H$308,'المبيعات اليومية'!$B$9:$B$308,$C43),SUMIFS('المبيعات اليومية'!$H$9:$H$308,'المبيعات اليومية'!$B$9:$B$308,$C43,'المبيعات اليومية'!$A$9:$A$308,">="&IF($B$4="",0,$B$4),'المبيعات اليومية'!$A$9:$A$308,"<="&IF($B$5="",2958465,$B$5)))) | G43: =IF($C43="","",IF($B$4&$B$5="",SUMIFS('المبيعات اليومية'!$I$9:$I$308,'المبيعات اليومية'!$B$9:$B$308,$C43),SUMIFS('المبيعات اليومية'!$I$9:$I$308,'المبيعات اليومية'!$B$9:$B$308,$C43,'المبيعات اليومية'!$A$9:$A$308,">="&IF($B$4="",0,$B$4),'المبيعات اليومية'!$A$9:$A$308,"<="&IF($B$5="",2958465,$B$5)))) | H43: =IF($C43="","",IF($B$4&$B$5="",SUMIFS('المبيعات اليومية'!$J$9:$J$308,'المبيعات اليومية'!$B$9:$B$308,$C43),SUMIFS('المبيعات اليومية'!$J$9:$J$308,'المبيعات اليومية'!$B$9:$B$308,$C43,'المبيعات اليومية'!$A$9:$A$308,">="&IF($B$4="",0,$B$4),'المبيعات اليومية'!$A$9:$A$308,"<="&IF($B$5="",2958465,$B$5)))) | I43: =IF(OR($C43="",$H$108=0),"",H43/$H$108) | J43: =IF(C43="","",IF(D43>0,"نشط","لا يوجد مبيعات"))
A44: =IF(C44="","",37) | B44: =IF('دليل العملاء'!$B$40="","",'دليل العملاء'!$A$40) | C44: =IF('دليل العملاء'!$B$40="","",'دليل العملاء'!$B$40) | D44: =IF($C44="","",IF($B$4&$B$5="",COUNTIFS('المبيعات اليومية'!$B$9:$B$308,$C44),COUNTIFS('المبيعات اليومية'!$B$9:$B$308,$C44,'المبيعات اليومية'!$A$9:$A$308,">="&IF($B$4="",0,$B$4),'المبيعات اليومية'!$A$9:$A$308,"<="&IF($B$5="",2958465,$B$5)))) | E44: =IF($C44="","",IF($B$4&$B$5="",SUMIFS('المبيعات اليومية'!$E$9:$E$308,'المبيعات اليومية'!$B$9:$B$308,$C44),SUMIFS('المبيعات اليومية'!$E$9:$E$308,'المبيعات اليومية'!$B$9:$B$308,$C44,'المبيعات اليومية'!$A$9:$A$308,">="&IF($B$4="",0,$B$4),'المبيعات اليومية'!$A$9:$A$308,"<="&IF($B$5="",2958465,$B$5)))) | F44: =IF($C44="","",IF($B$4&$B$5="",SUMIFS('المبيعات اليومية'!$H$9:$H$308,'المبيعات اليومية'!$B$9:$B$308,$C44),SUMIFS('المبيعات اليومية'!$H$9:$H$308,'المبيعات اليومية'!$B$9:$B$308,$C44,'المبيعات اليومية'!$A$9:$A$308,">="&IF($B$4="",0,$B$4),'المبيعات اليومية'!$A$9:$A$308,"<="&IF($B$5="",2958465,$B$5)))) | G44: =IF($C44="","",IF($B$4&$B$5="",SUMIFS('المبيعات اليومية'!$I$9:$I$308,'المبيعات اليومية'!$B$9:$B$308,$C44),SUMIFS('المبيعات اليومية'!$I$9:$I$308,'المبيعات اليومية'!$B$9:$B$308,$C44,'المبيعات اليومية'!$A$9:$A$308,">="&IF($B$4="",0,$B$4),'المبيعات اليومية'!$A$9:$A$308,"<="&IF($B$5="",2958465,$B$5)))) | H44: =IF($C44="","",IF($B$4&$B$5="",SUMIFS('المبيعات اليومية'!$J$9:$J$308,'المبيعات اليومية'!$B$9:$B$308,$C44),SUMIFS('المبيعات اليومية'!$J$9:$J$308,'المبيعات اليومية'!$B$9:$B$308,$C44,'المبيعات اليومية'!$A$9:$A$308,">="&IF($B$4="",0,$B$4),'المبيعات اليومية'!$A$9:$A$308,"<="&IF($B$5="",2958465,$B$5)))) | I44: =IF(OR($C44="",$H$108=0),"",H44/$H$108) | J44: =IF(C44="","",IF(D44>0,"نشط","لا يوجد مبيعات"))
A45: =IF(C45="","",38) | B45: =IF('دليل العملاء'!$B$41="","",'دليل العملاء'!$A$41) | C45: =IF('دليل العملاء'!$B$41="","",'دليل العملاء'!$B$41) | D45: =IF($C45="","",IF($B$4&$B$5="",COUNTIFS('المبيعات اليومية'!$B$9:$B$308,$C45),COUNTIFS('المبيعات اليومية'!$B$9:$B$308,$C45,'المبيعات اليومية'!$A$9:$A$308,">="&IF($B$4="",0,$B$4),'المبيعات اليومية'!$A$9:$A$308,"<="&IF($B$5="",2958465,$B$5)))) | E45: =IF($C45="","",IF($B$4&$B$5="",SUMIFS('المبيعات اليومية'!$E$9:$E$308,'المبيعات اليومية'!$B$9:$B$308,$C45),SUMIFS('المبيعات اليومية'!$E$9:$E$308,'المبيعات اليومية'!$B$9:$B$308,$C45,'المبيعات اليومية'!$A$9:$A$308,">="&IF($B$4="",0,$B$4),'المبيعات اليومية'!$A$9:$A$308,"<="&IF($B$5="",2958465,$B$5)))) | F45: =IF($C45="","",IF($B$4&$B$5="",SUMIFS('المبيعات اليومية'!$H$9:$H$308,'المبيعات اليومية'!$B$9:$B$308,$C45),SUMIFS('المبيعات اليومية'!$H$9:$H$308,'المبيعات اليومية'!$B$9:$B$308,$C45,'المبيعات اليومية'!$A$9:$A$308,">="&IF($B$4="",0,$B$4),'المبيعات اليومية'!$A$9:$A$308,"<="&IF($B$5="",2958465,$B$5)))) | G45: =IF($C45="","",IF($B$4&$B$5="",SUMIFS('المبيعات اليومية'!$I$9:$I$308,'المبيعات اليومية'!$B$9:$B$308,$C45),SUMIFS('المبيعات اليومية'!$I$9:$I$308,'المبيعات اليومية'!$B$9:$B$308,$C45,'المبيعات اليومية'!$A$9:$A$308,">="&IF($B$4="",0,$B$4),'المبيعات اليومية'!$A$9:$A$308,"<="&IF($B$5="",2958465,$B$5)))) | H45: =IF($C45="","",IF($B$4&$B$5="",SUMIFS('المبيعات اليومية'!$J$9:$J$308,'المبيعات اليومية'!$B$9:$B$308,$C45),SUMIFS('المبيعات اليومية'!$J$9:$J$308,'المبيعات اليومية'!$B$9:$B$308,$C45,'المبيعات اليومية'!$A$9:$A$308,">="&IF($B$4="",0,$B$4),'المبيعات اليومية'!$A$9:$A$308,"<="&IF($B$5="",2958465,$B$5)))) | I45: =IF(OR($C45="",$H$108=0),"",H45/$H$108) | J45: =IF(C45="","",IF(D45>0,"نشط","لا يوجد مبيعات"))
A46: =IF(C46="","",39) | B46: =IF('دليل العملاء'!$B$42="","",'دليل العملاء'!$A$42) | C46: =IF('دليل العملاء'!$B$42="","",'دليل العملاء'!$B$42) | D46: =IF($C46="","",IF($B$4&$B$5="",COUNTIFS('المبيعات اليومية'!$B$9:$B$308,$C46),COUNTIFS('المبيعات اليومية'!$B$9:$B$308,$C46,'المبيعات اليومية'!$A$9:$A$308,">="&IF($B$4="",0,$B$4),'المبيعات اليومية'!$A$9:$A$308,"<="&IF($B$5="",2958465,$B$5)))) | E46: =IF($C46="","",IF($B$4&$B$5="",SUMIFS('المبيعات اليومية'!$E$9:$E$308,'المبيعات اليومية'!$B$9:$B$308,$C46),SUMIFS('المبيعات اليومية'!$E$9:$E$308,'المبيعات اليومية'!$B$9:$B$308,$C46,'المبيعات اليومية'!$A$9:$A$308,">="&IF($B$4="",0,$B$4),'المبيعات اليومية'!$A$9:$A$308,"<="&IF($B$5="",2958465,$B$5)))) | F46: =IF($C46="","",IF($B$4&$B$5="",SUMIFS('المبيعات اليومية'!$H$9:$H$308,'المبيعات اليومية'!$B$9:$B$308,$C46),SUMIFS('المبيعات اليومية'!$H$9:$H$308,'المبيعات اليومية'!$B$9:$B$308,$C46,'المبيعات اليومية'!$A$9:$A$308,">="&IF($B$4="",0,$B$4),'المبيعات اليومية'!$A$9:$A$308,"<="&IF($B$5="",2958465,$B$5)))) | G46: =IF($C46="","",IF($B$4&$B$5="",SUMIFS('المبيعات اليومية'!$I$9:$I$308,'المبيعات اليومية'!$B$9:$B$308,$C46),SUMIFS('المبيعات اليومية'!$I$9:$I$308,'المبيعات اليومية'!$B$9:$B$308,$C46,'المبيعات اليومية'!$A$9:$A$308,">="&IF($B$4="",0,$B$4),'المبيعات اليومية'!$A$9:$A$308,"<="&IF($B$5="",2958465,$B$5)))) | H46: =IF($C46="","",IF($B$4&$B$5="",SUMIFS('المبيعات اليومية'!$J$9:$J$308,'المبيعات اليومية'!$B$9:$B$308,$C46),SUMIFS('المبيعات اليومية'!$J$9:$J$308,'المبيعات اليومية'!$B$9:$B$308,$C46,'المبيعات اليومية'!$A$9:$A$308,">="&IF($B$4="",0,$B$4),'المبيعات اليومية'!$A$9:$A$308,"<="&IF($B$5="",2958465,$B$5)))) | I46: =IF(OR($C46="",$H$108=0),"",H46/$H$108) | J46: =IF(C46="","",IF(D46>0,"نشط","لا يوجد مبيعات"))
A47: =IF(C47="","",40) | B47: =IF('دليل العملاء'!$B$43="","",'دليل العملاء'!$A$43) | C47: =IF('دليل العملاء'!$B$43="","",'دليل العملاء'!$B$43) | D47: =IF($C47="","",IF($B$4&$B$5="",COUNTIFS('المبيعات اليومية'!$B$9:$B$308,$C47),COUNTIFS('المبيعات اليومية'!$B$9:$B$308,$C47,'المبيعات اليومية'!$A$9:$A$308,">="&IF($B$4="",0,$B$4),'المبيعات اليومية'!$A$9:$A$308,"<="&IF($B$5="",2958465,$B$5)))) | E47: =IF($C47="","",IF($B$4&$B$5="",SUMIFS('المبيعات اليومية'!$E$9:$E$308,'المبيعات اليومية'!$B$9:$B$308,$C47),SUMIFS('المبيعات اليومية'!$E$9:$E$308,'المبيعات اليومية'!$B$9:$B$308,$C47,'المبيعات اليومية'!$A$9:$A$308,">="&IF($B$4="",0,$B$4),'المبيعات اليومية'!$A$9:$A$308,"<="&IF($B$5="",2958465,$B$5)))) | F47: =IF($C47="","",IF($B$4&$B$5="",SUMIFS('المبيعات اليومية'!$H$9:$H$308,'المبيعات اليومية'!$B$9:$B$308,$C47),SUMIFS('المبيعات اليومية'!$H$9:$H$308,'المبيعات اليومية'!$B$9:$B$308,$C47,'المبيعات اليومية'!$A$9:$A$308,">="&IF($B$4="",0,$B$4),'المبيعات اليومية'!$A$9:$A$308,"<="&IF($B$5="",2958465,$B$5)))) | G47: =IF($C47="","",IF($B$4&$B$5="",SUMIFS('المبيعات اليومية'!$I$9:$I$308,'المبيعات اليومية'!$B$9:$B$308,$C47),SUMIFS('المبيعات اليومية'!$I$9:$I$308,'المبيعات اليومية'!$B$9:$B$308,$C47,'المبيعات اليومية'!$A$9:$A$308,">="&IF($B$4="",0,$B$4),'المبيعات اليومية'!$A$9:$A$308,"<="&IF($B$5="",2958465,$B$5)))) | H47: =IF($C47="","",IF($B$4&$B$5="",SUMIFS('المبيعات اليومية'!$J$9:$J$308,'المبيعات اليومية'!$B$9:$B$308,$C47),SUMIFS('المبيعات اليومية'!$J$9:$J$308,'المبيعات اليومية'!$B$9:$B$308,$C47,'المبيعات اليومية'!$A$9:$A$308,">="&IF($B$4="",0,$B$4),'المبيعات اليومية'!$A$9:$A$308,"<="&IF($B$5="",2958465,$B$5)))) | I47: =IF(OR($C47="",$H$108=0),"",H47/$H$108) | J47: =IF(C47="","",IF(D47>0,"نشط","لا يوجد مبيعات"))
A48: =IF(C48="","",41) | B48: =IF('دليل العملاء'!$B$44="","",'دليل العملاء'!$A$44) | C48: =IF('دليل العملاء'!$B$44="","",'دليل العملاء'!$B$44) | D48: =IF($C48="","",IF($B$4&$B$5="",COUNTIFS('المبيعات اليومية'!$B$9:$B$308,$C48),COUNTIFS('المبيعات اليومية'!$B$9:$B$308,$C48,'المبيعات اليومية'!$A$9:$A$308,">="&IF($B$4="",0,$B$4),'المبيعات اليومية'!$A$9:$A$308,"<="&IF($B$5="",2958465,$B$5)))) | E48: =IF($C48="","",IF($B$4&$B$5="",SUMIFS('المبيعات اليومية'!$E$9:$E$308,'المبيعات اليومية'!$B$9:$B$308,$C48),SUMIFS('المبيعات اليومية'!$E$9:$E$308,'المبيعات اليومية'!$B$9:$B$308,$C48,'المبيعات اليومية'!$A$9:$A$308,">="&IF($B$4="",0,$B$4),'المبيعات اليومية'!$A$9:$A$308,"<="&IF($B$5="",2958465,$B$5)))) | F48: =IF($C48="","",IF($B$4&$B$5="",SUMIFS('المبيعات اليومية'!$H$9:$H$308,'المبيعات اليومية'!$B$9:$B$308,$C48),SUMIFS('المبيعات اليومية'!$H$9:$H$308,'المبيعات اليومية'!$B$9:$B$308,$C48,'المبيعات اليومية'!$A$9:$A$308,">="&IF($B$4="",0,$B$4),'المبيعات اليومية'!$A$9:$A$308,"<="&IF($B$5="",2958465,$B$5)))) | G48: =IF($C48="","",IF($B$4&$B$5="",SUMIFS('المبيعات اليومية'!$I$9:$I$308,'المبيعات اليومية'!$B$9:$B$308,$C48),SUMIFS('المبيعات اليومية'!$I$9:$I$308,'المبيعات اليومية'!$B$9:$B$308,$C48,'المبيعات اليومية'!$A$9:$A$308,">="&IF($B$4="",0,$B$4),'المبيعات اليومية'!$A$9:$A$308,"<="&IF($B$5="",2958465,$B$5)))) | H48: =IF($C48="","",IF($B$4&$B$5="",SUMIFS('المبيعات اليومية'!$J$9:$J$308,'المبيعات اليومية'!$B$9:$B$308,$C48),SUMIFS('المبيعات اليومية'!$J$9:$J$308,'المبيعات اليومية'!$B$9:$B$308,$C48,'المبيعات اليومية'!$A$9:$A$308,">="&IF($B$4="",0,$B$4),'المبيعات اليومية'!$A$9:$A$308,"<="&IF($B$5="",2958465,$B$5)))) | I48: =IF(OR($C48="",$H$108=0),"",H48/$H$108) | J48: =IF(C48="","",IF(D48>0,"نشط","لا يوجد مبيعات"))
A49: =IF(C49="","",42) | B49: =IF('دليل العملاء'!$B$45="","",'دليل العملاء'!$A$45) | C49: =IF('دليل العملاء'!$B$45="","",'دليل العملاء'!$B$45) | D49: =IF($C49="","",IF($B$4&$B$5="",COUNTIFS('المبيعات اليومية'!$B$9:$B$308,$C49),COUNTIFS('المبيعات اليومية'!$B$9:$B$308,$C49,'المبيعات اليومية'!$A$9:$A$308,">="&IF($B$4="",0,$B$4),'المبيعات اليومية'!$A$9:$A$308,"<="&IF($B$5="",2958465,$B$5)))) | E49: =IF($C49="","",IF($B$4&$B$5="",SUMIFS('المبيعات اليومية'!$E$9:$E$308,'المبيعات اليومية'!$B$9:$B$308,$C49),SUMIFS('المبيعات اليومية'!$E$9:$E$308,'المبيعات اليومية'!$B$9:$B$308,$C49,'المبيعات اليومية'!$A$9:$A$308,">="&IF($B$4="",0,$B$4),'المبيعات اليومية'!$A$9:$A$308,"<="&IF($B$5="",2958465,$B$5)))) | F49: =IF($C49="","",IF($B$4&$B$5="",SUMIFS('المبيعات اليومية'!$H$9:$H$308,'المبيعات اليومية'!$B$9:$B$308,$C49),SUMIFS('المبيعات اليومية'!$H$9:$H$308,'المبيعات اليومية'!$B$9:$B$308,$C49,'المبيعات اليومية'!$A$9:$A$308,">="&IF($B$4="",0,$B$4),'المبيعات اليومية'!$A$9:$A$308,"<="&IF($B$5="",2958465,$B$5)))) | G49: =IF($C49="","",IF($B$4&$B$5="",SUMIFS('المبيعات اليومية'!$I$9:$I$308,'المبيعات اليومية'!$B$9:$B$308,$C49),SUMIFS('المبيعات اليومية'!$I$9:$I$308,'المبيعات اليومية'!$B$9:$B$308,$C49,'المبيعات اليومية'!$A$9:$A$308,">="&IF($B$4="",0,$B$4),'المبيعات اليومية'!$A$9:$A$308,"<="&IF($B$5="",2958465,$B$5)))) | H49: =IF($C49="","",IF($B$4&$B$5="",SUMIFS('المبيعات اليومية'!$J$9:$J$308,'المبيعات اليومية'!$B$9:$B$308,$C49),SUMIFS('المبيعات اليومية'!$J$9:$J$308,'المبيعات اليومية'!$B$9:$B$308,$C49,'المبيعات اليومية'!$A$9:$A$308,">="&IF($B$4="",0,$B$4),'المبيعات اليومية'!$A$9:$A$308,"<="&IF($B$5="",2958465,$B$5)))) | I49: =IF(OR($C49="",$H$108=0),"",H49/$H$108) | J49: =IF(C49="","",IF(D49>0,"نشط","لا يوجد مبيعات"))
A50: =IF(C50="","",43) | B50: =IF('دليل العملاء'!$B$46="","",'دليل العملاء'!$A$46) | C50: =IF('دليل العملاء'!$B$46="","",'دليل العملاء'!$B$46) | D50: =IF($C50="","",IF($B$4&$B$5="",COUNTIFS('المبيعات اليومية'!$B$9:$B$308,$C50),COUNTIFS('المبيعات اليومية'!$B$9:$B$308,$C50,'المبيعات اليومية'!$A$9:$A$308,">="&IF($B$4="",0,$B$4),'المبيعات اليومية'!$A$9:$A$308,"<="&IF($B$5="",2958465,$B$5)))) | E50: =IF($C50="","",IF($B$4&$B$5="",SUMIFS('المبيعات اليومية'!$E$9:$E$308,'المبيعات اليومية'!$B$9:$B$308,$C50),SUMIFS('المبيعات اليومية'!$E$9:$E$308,'المبيعات اليومية'!$B$9:$B$308,$C50,'المبيعات اليومية'!$A$9:$A$308,">="&IF($B$4="",0,$B$4),'المبيعات اليومية'!$A$9:$A$308,"<="&IF($B$5="",2958465,$B$5)))) | F50: =IF($C50="","",IF($B$4&$B$5="",SUMIFS('المبيعات اليومية'!$H$9:$H$308,'المبيعات اليومية'!$B$9:$B$308,$C50),SUMIFS('المبيعات اليومية'!$H$9:$H$308,'المبيعات اليومية'!$B$9:$B$308,$C50,'المبيعات اليومية'!$A$9:$A$308,">="&IF($B$4="",0,$B$4),'المبيعات اليومية'!$A$9:$A$308,"<="&IF($B$5="",2958465,$B$5)))) | G50: =IF($C50="","",IF($B$4&$B$5="",SUMIFS('المبيعات اليومية'!$I$9:$I$308,'المبيعات اليومية'!$B$9:$B$308,$C50),SUMIFS('المبيعات اليومية'!$I$9:$I$308,'المبيعات اليومية'!$B$9:$B$308,$C50,'المبيعات اليومية'!$A$9:$A$308,">="&IF($B$4="",0,$B$4),'المبيعات اليومية'!$A$9:$A$308,"<="&IF($B$5="",2958465,$B$5)))) | H50: =IF($C50="","",IF($B$4&$B$5="",SUMIFS('المبيعات اليومية'!$J$9:$J$308,'المبيعات اليومية'!$B$9:$B$308,$C50),SUMIFS('المبيعات اليومية'!$J$9:$J$308,'المبيعات اليومية'!$B$9:$B$308,$C50,'المبيعات اليومية'!$A$9:$A$308,">="&IF($B$4="",0,$B$4),'المبيعات اليومية'!$A$9:$A$308,"<="&IF($B$5="",2958465,$B$5)))) | I50: =IF(OR($C50="",$H$108=0),"",H50/$H$108) | J50: =IF(C50="","",IF(D50>0,"نشط","لا يوجد مبيعات"))
A51: =IF(C51="","",44) | B51: =IF('دليل العملاء'!$B$47="","",'دليل العملاء'!$A$47) | C51: =IF('دليل العملاء'!$B$47="","",'دليل العملاء'!$B$47) | D51: =IF($C51="","",IF($B$4&$B$5="",COUNTIFS('المبيعات اليومية'!$B$9:$B$308,$C51),COUNTIFS('المبيعات اليومية'!$B$9:$B$308,$C51,'المبيعات اليومية'!$A$9:$A$308,">="&IF($B$4="",0,$B$4),'المبيعات اليومية'!$A$9:$A$308,"<="&IF($B$5="",2958465,$B$5)))) | E51: =IF($C51="","",IF($B$4&$B$5="",SUMIFS('المبيعات اليومية'!$E$9:$E$308,'المبيعات اليومية'!$B$9:$B$308,$C51),SUMIFS('المبيعات اليومية'!$E$9:$E$308,'المبيعات اليومية'!$B$9:$B$308,$C51,'المبيعات اليومية'!$A$9:$A$308,">="&IF($B$4="",0,$B$4),'المبيعات اليومية'!$A$9:$A$308,"<="&IF($B$5="",2958465,$B$5)))) | F51: =IF($C51="","",IF($B$4&$B$5="",SUMIFS('المبيعات اليومية'!$H$9:$H$308,'المبيعات اليومية'!$B$9:$B$308,$C51),SUMIFS('المبيعات اليومية'!$H$9:$H$308,'المبيعات اليومية'!$B$9:$B$308,$C51,'المبيعات اليومية'!$A$9:$A$308,">="&IF($B$4="",0,$B$4),'المبيعات اليومية'!$A$9:$A$308,"<="&IF($B$5="",2958465,$B$5)))) | G51: =IF($C51="","",IF($B$4&$B$5="",SUMIFS('المبيعات اليومية'!$I$9:$I$308,'المبيعات اليومية'!$B$9:$B$308,$C51),SUMIFS('المبيعات اليومية'!$I$9:$I$308,'المبيعات اليومية'!$B$9:$B$308,$C51,'المبيعات اليومية'!$A$9:$A$308,">="&IF($B$4="",0,$B$4),'المبيعات اليومية'!$A$9:$A$308,"<="&IF($B$5="",2958465,$B$5)))) | H51: =IF($C51="","",IF($B$4&$B$5="",SUMIFS('المبيعات اليومية'!$J$9:$J$308,'المبيعات اليومية'!$B$9:$B$308,$C51),SUMIFS('المبيعات اليومية'!$J$9:$J$308,'المبيعات اليومية'!$B$9:$B$308,$C51,'المبيعات اليومية'!$A$9:$A$308,">="&IF($B$4="",0,$B$4),'المبيعات اليومية'!$A$9:$A$308,"<="&IF($B$5="",2958465,$B$5)))) | I51: =IF(OR($C51="",$H$108=0),"",H51/$H$108) | J51: =IF(C51="","",IF(D51>0,"نشط","لا يوجد مبيعات"))
A52: =IF(C52="","",45) | B52: =IF('دليل العملاء'!$B$48="","",'دليل العملاء'!$A$48) | C52: =IF('دليل العملاء'!$B$48="","",'دليل العملاء'!$B$48) | D52: =IF($C52="","",IF($B$4&$B$5="",COUNTIFS('المبيعات اليومية'!$B$9:$B$308,$C52),COUNTIFS('المبيعات اليومية'!$B$9:$B$308,$C52,'المبيعات اليومية'!$A$9:$A$308,">="&IF($B$4="",0,$B$4),'المبيعات اليومية'!$A$9:$A$308,"<="&IF($B$5="",2958465,$B$5)))) | E52: =IF($C52="","",IF($B$4&$B$5="",SUMIFS('المبيعات اليومية'!$E$9:$E$308,'المبيعات اليومية'!$B$9:$B$308,$C52),SUMIFS('المبيعات اليومية'!$E$9:$E$308,'المبيعات اليومية'!$B$9:$B$308,$C52,'المبيعات اليومية'!$A$9:$A$308,">="&IF($B$4="",0,$B$4),'المبيعات اليومية'!$A$9:$A$308,"<="&IF($B$5="",2958465,$B$5)))) | F52: =IF($C52="","",IF($B$4&$B$5="",SUMIFS('المبيعات اليومية'!$H$9:$H$308,'المبيعات اليومية'!$B$9:$B$308,$C52),SUMIFS('المبيعات اليومية'!$H$9:$H$308,'المبيعات اليومية'!$B$9:$B$308,$C52,'المبيعات اليومية'!$A$9:$A$308,">="&IF($B$4="",0,$B$4),'المبيعات اليومية'!$A$9:$A$308,"<="&IF($B$5="",2958465,$B$5)))) | G52: =IF($C52="","",IF($B$4&$B$5="",SUMIFS('المبيعات اليومية'!$I$9:$I$308,'المبيعات اليومية'!$B$9:$B$308,$C52),SUMIFS('المبيعات اليومية'!$I$9:$I$308,'المبيعات اليومية'!$B$9:$B$308,$C52,'المبيعات اليومية'!$A$9:$A$308,">="&IF($B$4="",0,$B$4),'المبيعات اليومية'!$A$9:$A$308,"<="&IF($B$5="",2958465,$B$5)))) | H52: =IF($C52="","",IF($B$4&$B$5="",SUMIFS('المبيعات اليومية'!$J$9:$J$308,'المبيعات اليومية'!$B$9:$B$308,$C52),SUMIFS('المبيعات اليومية'!$J$9:$J$308,'المبيعات اليومية'!$B$9:$B$308,$C52,'المبيعات اليومية'!$A$9:$A$308,">="&IF($B$4="",0,$B$4),'المبيعات اليومية'!$A$9:$A$308,"<="&IF($B$5="",2958465,$B$5)))) | I52: =IF(OR($C52="",$H$108=0),"",H52/$H$108) | J52: =IF(C52="","",IF(D52>0,"نشط","لا يوجد مبيعات"))
A53: =IF(C53="","",46) | B53: =IF('دليل العملاء'!$B$49="","",'دليل العملاء'!$A$49) | C53: =IF('دليل العملاء'!$B$49="","",'دليل العملاء'!$B$49) | D53: =IF($C53="","",IF($B$4&$B$5="",COUNTIFS('المبيعات اليومية'!$B$9:$B$308,$C53),COUNTIFS('المبيعات اليومية'!$B$9:$B$308,$C53,'المبيعات اليومية'!$A$9:$A$308,">="&IF($B$4="",0,$B$4),'المبيعات اليومية'!$A$9:$A$308,"<="&IF($B$5="",2958465,$B$5)))) | E53: =IF($C53="","",IF($B$4&$B$5="",SUMIFS('المبيعات اليومية'!$E$9:$E$308,'المبيعات اليومية'!$B$9:$B$308,$C53),SUMIFS('المبيعات اليومية'!$E$9:$E$308,'المبيعات اليومية'!$B$9:$B$308,$C53,'المبيعات اليومية'!$A$9:$A$308,">="&IF($B$4="",0,$B$4),'المبيعات اليومية'!$A$9:$A$308,"<="&IF($B$5="",2958465,$B$5)))) | F53: =IF($C53="","",IF($B$4&$B$5="",SUMIFS('المبيعات اليومية'!$H$9:$H$308,'المبيعات اليومية'!$B$9:$B$308,$C53),SUMIFS('المبيعات اليومية'!$H$9:$H$308,'المبيعات اليومية'!$B$9:$B$308,$C53,'المبيعات اليومية'!$A$9:$A$308,">="&IF($B$4="",0,$B$4),'المبيعات اليومية'!$A$9:$A$308,"<="&IF($B$5="",2958465,$B$5)))) | G53: =IF($C53="","",IF($B$4&$B$5="",SUMIFS('المبيعات اليومية'!$I$9:$I$308,'المبيعات اليومية'!$B$9:$B$308,$C53),SUMIFS('المبيعات اليومية'!$I$9:$I$308,'المبيعات اليومية'!$B$9:$B$308,$C53,'المبيعات اليومية'!$A$9:$A$308,">="&IF($B$4="",0,$B$4),'المبيعات اليومية'!$A$9:$A$308,"<="&IF($B$5="",2958465,$B$5)))) | H53: =IF($C53="","",IF($B$4&$B$5="",SUMIFS('المبيعات اليومية'!$J$9:$J$308,'المبيعات اليومية'!$B$9:$B$308,$C53),SUMIFS('المبيعات اليومية'!$J$9:$J$308,'المبيعات اليومية'!$B$9:$B$308,$C53,'المبيعات اليومية'!$A$9:$A$308,">="&IF($B$4="",0,$B$4),'المبيعات اليومية'!$A$9:$A$308,"<="&IF($B$5="",2958465,$B$5)))) | I53: =IF(OR($C53="",$H$108=0),"",H53/$H$108) | J53: =IF(C53="","",IF(D53>0,"نشط","لا يوجد مبيعات"))
A54: =IF(C54="","",47) | B54: =IF('دليل العملاء'!$B$50="","",'دليل العملاء'!$A$50) | C54: =IF('دليل العملاء'!$B$50="","",'دليل العملاء'!$B$50) | D54: =IF($C54="","",IF($B$4&$B$5="",COUNTIFS('المبيعات اليومية'!$B$9:$B$308,$C54),COUNTIFS('المبيعات اليومية'!$B$9:$B$308,$C54,'المبيعات اليومية'!$A$9:$A$308,">="&IF($B$4="",0,$B$4),'المبيعات اليومية'!$A$9:$A$308,"<="&IF($B$5="",2958465,$B$5)))) | E54: =IF($C54="","",IF($B$4&$B$5="",SUMIFS('المبيعات اليومية'!$E$9:$E$308,'المبيعات اليومية'!$B$9:$B$308,$C54),SUMIFS('المبيعات اليومية'!$E$9:$E$308,'المبيعات اليومية'!$B$9:$B$308,$C54,'المبيعات اليومية'!$A$9:$A$308,">="&IF($B$4="",0,$B$4),'المبيعات اليومية'!$A$9:$A$308,"<="&IF($B$5="",2958465,$B$5)))) | F54: =IF($C54="","",IF($B$4&$B$5="",SUMIFS('المبيعات اليومية'!$H$9:$H$308,'المبيعات اليومية'!$B$9:$B$308,$C54),SUMIFS('المبيعات اليومية'!$H$9:$H$308,'المبيعات اليومية'!$B$9:$B$308,$C54,'المبيعات اليومية'!$A$9:$A$308,">="&IF($B$4="",0,$B$4),'المبيعات اليومية'!$A$9:$A$308,"<="&IF($B$5="",2958465,$B$5)))) | G54: =IF($C54="","",IF($B$4&$B$5="",SUMIFS('المبيعات اليومية'!$I$9:$I$308,'المبيعات اليومية'!$B$9:$B$308,$C54),SUMIFS('المبيعات اليومية'!$I$9:$I$308,'المبيعات اليومية'!$B$9:$B$308,$C54,'المبيعات اليومية'!$A$9:$A$308,">="&IF($B$4="",0,$B$4),'المبيعات اليومية'!$A$9:$A$308,"<="&IF($B$5="",2958465,$B$5)))) | H54: =IF($C54="","",IF($B$4&$B$5="",SUMIFS('المبيعات اليومية'!$J$9:$J$308,'المبيعات اليومية'!$B$9:$B$308,$C54),SUMIFS('المبيعات اليومية'!$J$9:$J$308,'المبيعات اليومية'!$B$9:$B$308,$C54,'المبيعات اليومية'!$A$9:$A$308,">="&IF($B$4="",0,$B$4),'المبيعات اليومية'!$A$9:$A$308,"<="&IF($B$5="",2958465,$B$5)))) | I54: =IF(OR($C54="",$H$108=0),"",H54/$H$108) | J54: =IF(C54="","",IF(D54>0,"نشط","لا يوجد مبيعات"))
A55: =IF(C55="","",48) | B55: =IF('دليل العملاء'!$B$51="","",'دليل العملاء'!$A$51) | C55: =IF('دليل العملاء'!$B$51="","",'دليل العملاء'!$B$51) | D55: =IF($C55="","",IF($B$4&$B$5="",COUNTIFS('المبيعات اليومية'!$B$9:$B$308,$C55),COUNTIFS('المبيعات اليومية'!$B$9:$B$308,$C55,'المبيعات اليومية'!$A$9:$A$308,">="&IF($B$4="",0,$B$4),'المبيعات اليومية'!$A$9:$A$308,"<="&IF($B$5="",2958465,$B$5)))) | E55: =IF($C55="","",IF($B$4&$B$5="",SUMIFS('المبيعات اليومية'!$E$9:$E$308,'المبيعات اليومية'!$B$9:$B$308,$C55),SUMIFS('المبيعات اليومية'!$E$9:$E$308,'المبيعات اليومية'!$B$9:$B$308,$C55,'المبيعات اليومية'!$A$9:$A$308,">="&IF($B$4="",0,$B$4),'المبيعات اليومية'!$A$9:$A$308,"<="&IF($B$5="",2958465,$B$5)))) | F55: =IF($C55="","",IF($B$4&$B$5="",SUMIFS('المبيعات اليومية'!$H$9:$H$308,'المبيعات اليومية'!$B$9:$B$308,$C55),SUMIFS('المبيعات اليومية'!$H$9:$H$308,'المبيعات اليومية'!$B$9:$B$308,$C55,'المبيعات اليومية'!$A$9:$A$308,">="&IF($B$4="",0,$B$4),'المبيعات اليومية'!$A$9:$A$308,"<="&IF($B$5="",2958465,$B$5)))) | G55: =IF($C55="","",IF($B$4&$B$5="",SUMIFS('المبيعات اليومية'!$I$9:$I$308,'المبيعات اليومية'!$B$9:$B$308,$C55),SUMIFS('المبيعات اليومية'!$I$9:$I$308,'المبيعات اليومية'!$B$9:$B$308,$C55,'المبيعات اليومية'!$A$9:$A$308,">="&IF($B$4="",0,$B$4),'المبيعات اليومية'!$A$9:$A$308,"<="&IF($B$5="",2958465,$B$5)))) | H55: =IF($C55="","",IF($B$4&$B$5="",SUMIFS('المبيعات اليومية'!$J$9:$J$308,'المبيعات اليومية'!$B$9:$B$308,$C55),SUMIFS('المبيعات اليومية'!$J$9:$J$308,'المبيعات اليومية'!$B$9:$B$308,$C55,'المبيعات اليومية'!$A$9:$A$308,">="&IF($B$4="",0,$B$4),'المبيعات اليومية'!$A$9:$A$308,"<="&IF($B$5="",2958465,$B$5)))) | I55: =IF(OR($C55="",$H$108=0),"",H55/$H$108) | J55: =IF(C55="","",IF(D55>0,"نشط","لا يوجد مبيعات"))
A56: =IF(C56="","",49) | B56: =IF('دليل العملاء'!$B$52="","",'دليل العملاء'!$A$52) | C56: =IF('دليل العملاء'!$B$52="","",'دليل العملاء'!$B$52) | D56: =IF($C56="","",IF($B$4&$B$5="",COUNTIFS('المبيعات اليومية'!$B$9:$B$308,$C56),COUNTIFS('المبيعات اليومية'!$B$9:$B$308,$C56,'المبيعات اليومية'!$A$9:$A$308,">="&IF($B$4="",0,$B$4),'المبيعات اليومية'!$A$9:$A$308,"<="&IF($B$5="",2958465,$B$5)))) | E56: =IF($C56="","",IF($B$4&$B$5="",SUMIFS('المبيعات اليومية'!$E$9:$E$308,'المبيعات اليومية'!$B$9:$B$308,$C56),SUMIFS('المبيعات اليومية'!$E$9:$E$308,'المبيعات اليومية'!$B$9:$B$308,$C56,'المبيعات اليومية'!$A$9:$A$308,">="&IF($B$4="",0,$B$4),'المبيعات اليومية'!$A$9:$A$308,"<="&IF($B$5="",2958465,$B$5)))) | F56: =IF($C56="","",IF($B$4&$B$5="",SUMIFS('المبيعات اليومية'!$H$9:$H$308,'المبيعات اليومية'!$B$9:$B$308,$C56),SUMIFS('المبيعات اليومية'!$H$9:$H$308,'المبيعات اليومية'!$B$9:$B$308,$C56,'المبيعات اليومية'!$A$9:$A$308,">="&IF($B$4="",0,$B$4),'المبيعات اليومية'!$A$9:$A$308,"<="&IF($B$5="",2958465,$B$5)))) | G56: =IF($C56="","",IF($B$4&$B$5="",SUMIFS('المبيعات اليومية'!$I$9:$I$308,'المبيعات اليومية'!$B$9:$B$308,$C56),SUMIFS('المبيعات اليومية'!$I$9:$I$308,'المبيعات اليومية'!$B$9:$B$308,$C56,'المبيعات اليومية'!$A$9:$A$308,">="&IF($B$4="",0,$B$4),'المبيعات اليومية'!$A$9:$A$308,"<="&IF($B$5="",2958465,$B$5)))) | H56: =IF($C56="","",IF($B$4&$B$5="",SUMIFS('المبيعات اليومية'!$J$9:$J$308,'المبيعات اليومية'!$B$9:$B$308,$C56),SUMIFS('المبيعات اليومية'!$J$9:$J$308,'المبيعات اليومية'!$B$9:$B$308,$C56,'المبيعات اليومية'!$A$9:$A$308,">="&IF($B$4="",0,$B$4),'المبيعات اليومية'!$A$9:$A$308,"<="&IF($B$5="",2958465,$B$5)))) | I56: =IF(OR($C56="",$H$108=0),"",H56/$H$108) | J56: =IF(C56="","",IF(D56>0,"نشط","لا يوجد مبيعات"))
A57: =IF(C57="","",50) | B57: =IF('دليل العملاء'!$B$53="","",'دليل العملاء'!$A$53) | C57: =IF('دليل العملاء'!$B$53="","",'دليل العملاء'!$B$53) | D57: =IF($C57="","",IF($B$4&$B$5="",COUNTIFS('المبيعات اليومية'!$B$9:$B$308,$C57),COUNTIFS('المبيعات اليومية'!$B$9:$B$308,$C57,'المبيعات اليومية'!$A$9:$A$308,">="&IF($B$4="",0,$B$4),'المبيعات اليومية'!$A$9:$A$308,"<="&IF($B$5="",2958465,$B$5)))) | E57: =IF($C57="","",IF($B$4&$B$5="",SUMIFS('المبيعات اليومية'!$E$9:$E$308,'المبيعات اليومية'!$B$9:$B$308,$C57),SUMIFS('المبيعات اليومية'!$E$9:$E$308,'المبيعات اليومية'!$B$9:$B$308,$C57,'المبيعات اليومية'!$A$9:$A$308,">="&IF($B$4="",0,$B$4),'المبيعات اليومية'!$A$9:$A$308,"<="&IF($B$5="",2958465,$B$5)))) | F57: =IF($C57="","",IF($B$4&$B$5="",SUMIFS('المبيعات اليومية'!$H$9:$H$308,'المبيعات اليومية'!$B$9:$B$308,$C57),SUMIFS('المبيعات اليومية'!$H$9:$H$308,'المبيعات اليومية'!$B$9:$B$308,$C57,'المبيعات اليومية'!$A$9:$A$308,">="&IF($B$4="",0,$B$4),'المبيعات اليومية'!$A$9:$A$308,"<="&IF($B$5="",2958465,$B$5)))) | G57: =IF($C57="","",IF($B$4&$B$5="",SUMIFS('المبيعات اليومية'!$I$9:$I$308,'المبيعات اليومية'!$B$9:$B$308,$C57),SUMIFS('المبيعات اليومية'!$I$9:$I$308,'المبيعات اليومية'!$B$9:$B$308,$C57,'المبيعات اليومية'!$A$9:$A$308,">="&IF($B$4="",0,$B$4),'المبيعات اليومية'!$A$9:$A$308,"<="&IF($B$5="",2958465,$B$5)))) | H57: =IF($C57="","",IF($B$4&$B$5="",SUMIFS('المبيعات اليومية'!$J$9:$J$308,'المبيعات اليومية'!$B$9:$B$308,$C57),SUMIFS('المبيعات اليومية'!$J$9:$J$308,'المبيعات اليومية'!$B$9:$B$308,$C57,'المبيعات اليومية'!$A$9:$A$308,">="&IF($B$4="",0,$B$4),'المبيعات اليومية'!$A$9:$A$308,"<="&IF($B$5="",2958465,$B$5)))) | I57: =IF(OR($C57="",$H$108=0),"",H57/$H$108) | J57: =IF(C57="","",IF(D57>0,"نشط","لا يوجد مبيعات"))
A58: =IF(C58="","",51) | B58: =IF('دليل العملاء'!$B$54="","",'دليل العملاء'!$A$54) | C58: =IF('دليل العملاء'!$B$54="","",'دليل العملاء'!$B$54) | D58: =IF($C58="","",IF($B$4&$B$5="",COUNTIFS('المبيعات اليومية'!$B$9:$B$308,$C58),COUNTIFS('المبيعات اليومية'!$B$9:$B$308,$C58,'المبيعات اليومية'!$A$9:$A$308,">="&IF($B$4="",0,$B$4),'المبيعات اليومية'!$A$9:$A$308,"<="&IF($B$5="",2958465,$B$5)))) | E58: =IF($C58="","",IF($B$4&$B$5="",SUMIFS('المبيعات اليومية'!$E$9:$E$308,'المبيعات اليومية'!$B$9:$B$308,$C58),SUMIFS('المبيعات اليومية'!$E$9:$E$308,'المبيعات اليومية'!$B$9:$B$308,$C58,'المبيعات اليومية'!$A$9:$A$308,">="&IF($B$4="",0,$B$4),'المبيعات اليومية'!$A$9:$A$308,"<="&IF($B$5="",2958465,$B$5)))) | F58: =IF($C58="","",IF($B$4&$B$5="",SUMIFS('المبيعات اليومية'!$H$9:$H$308,'المبيعات اليومية'!$B$9:$B$308,$C58),SUMIFS('المبيعات اليومية'!$H$9:$H$308,'المبيعات اليومية'!$B$9:$B$308,$C58,'المبيعات اليومية'!$A$9:$A$308,">="&IF($B$4="",0,$B$4),'المبيعات اليومية'!$A$9:$A$308,"<="&IF($B$5="",2958465,$B$5)))) | G58: =IF($C58="","",IF($B$4&$B$5="",SUMIFS('المبيعات اليومية'!$I$9:$I$308,'المبيعات اليومية'!$B$9:$B$308,$C58),SUMIFS('المبيعات اليومية'!$I$9:$I$308,'المبيعات اليومية'!$B$9:$B$308,$C58,'المبيعات اليومية'!$A$9:$A$308,">="&IF($B$4="",0,$B$4),'المبيعات اليومية'!$A$9:$A$308,"<="&IF($B$5="",2958465,$B$5)))) | H58: =IF($C58="","",IF($B$4&$B$5="",SUMIFS('المبيعات اليومية'!$J$9:$J$308,'المبيعات اليومية'!$B$9:$B$308,$C58),SUMIFS('المبيعات اليومية'!$J$9:$J$308,'المبيعات اليومية'!$B$9:$B$308,$C58,'المبيعات اليومية'!$A$9:$A$308,">="&IF($B$4="",0,$B$4),'المبيعات اليومية'!$A$9:$A$308,"<="&IF($B$5="",2958465,$B$5)))) | I58: =IF(OR($C58="",$H$108=0),"",H58/$H$108) | J58: =IF(C58="","",IF(D58>0,"نشط","لا يوجد مبيعات"))
A59: =IF(C59="","",52) | B59: =IF('دليل العملاء'!$B$55="","",'دليل العملاء'!$A$55) | C59: =IF('دليل العملاء'!$B$55="","",'دليل العملاء'!$B$55) | D59: =IF($C59="","",IF($B$4&$B$5="",COUNTIFS('المبيعات اليومية'!$B$9:$B$308,$C59),COUNTIFS('المبيعات اليومية'!$B$9:$B$308,$C59,'المبيعات اليومية'!$A$9:$A$308,">="&IF($B$4="",0,$B$4),'المبيعات اليومية'!$A$9:$A$308,"<="&IF($B$5="",2958465,$B$5)))) | E59: =IF($C59="","",IF($B$4&$B$5="",SUMIFS('المبيعات اليومية'!$E$9:$E$308,'المبيعات اليومية'!$B$9:$B$308,$C59),SUMIFS('المبيعات اليومية'!$E$9:$E$308,'المبيعات اليومية'!$B$9:$B$308,$C59,'المبيعات اليومية'!$A$9:$A$308,">="&IF($B$4="",0,$B$4),'المبيعات اليومية'!$A$9:$A$308,"<="&IF($B$5="",2958465,$B$5)))) | F59: =IF($C59="","",IF($B$4&$B$5="",SUMIFS('المبيعات اليومية'!$H$9:$H$308,'المبيعات اليومية'!$B$9:$B$308,$C59),SUMIFS('المبيعات اليومية'!$H$9:$H$308,'المبيعات اليومية'!$B$9:$B$308,$C59,'المبيعات اليومية'!$A$9:$A$308,">="&IF($B$4="",0,$B$4),'المبيعات اليومية'!$A$9:$A$308,"<="&IF($B$5="",2958465,$B$5)))) | G59: =IF($C59="","",IF($B$4&$B$5="",SUMIFS('المبيعات اليومية'!$I$9:$I$308,'المبيعات اليومية'!$B$9:$B$308,$C59),SUMIFS('المبيعات اليومية'!$I$9:$I$308,'المبيعات اليومية'!$B$9:$B$308,$C59,'المبيعات اليومية'!$A$9:$A$308,">="&IF($B$4="",0,$B$4),'المبيعات اليومية'!$A$9:$A$308,"<="&IF($B$5="",2958465,$B$5)))) | H59: =IF($C59="","",IF($B$4&$B$5="",SUMIFS('المبيعات اليومية'!$J$9:$J$308,'المبيعات اليومية'!$B$9:$B$308,$C59),SUMIFS('المبيعات اليومية'!$J$9:$J$308,'المبيعات اليومية'!$B$9:$B$308,$C59,'المبيعات اليومية'!$A$9:$A$308,">="&IF($B$4="",0,$B$4),'المبيعات اليومية'!$A$9:$A$308,"<="&IF($B$5="",2958465,$B$5)))) | I59: =IF(OR($C59="",$H$108=0),"",H59/$H$108) | J59: =IF(C59="","",IF(D59>0,"نشط","لا يوجد مبيعات"))
A60: =IF(C60="","",53) | B60: =IF('دليل العملاء'!$B$56="","",'دليل العملاء'!$A$56) | C60: =IF('دليل العملاء'!$B$56="","",'دليل العملاء'!$B$56) | D60: =IF($C60="","",IF($B$4&$B$5="",COUNTIFS('المبيعات اليومية'!$B$9:$B$308,$C60),COUNTIFS('المبيعات اليومية'!$B$9:$B$308,$C60,'المبيعات اليومية'!$A$9:$A$308,">="&IF($B$4="",0,$B$4),'المبيعات اليومية'!$A$9:$A$308,"<="&IF($B$5="",2958465,$B$5)))) | E60: =IF($C60="","",IF($B$4&$B$5="",SUMIFS('المبيعات اليومية'!$E$9:$E$308,'المبيعات اليومية'!$B$9:$B$308,$C60),SUMIFS('المبيعات اليومية'!$E$9:$E$308,'المبيعات اليومية'!$B$9:$B$308,$C60,'المبيعات اليومية'!$A$9:$A$308,">="&IF($B$4="",0,$B$4),'المبيعات اليومية'!$A$9:$A$308,"<="&IF($B$5="",2958465,$B$5)))) | F60: =IF($C60="","",IF($B$4&$B$5="",SUMIFS('المبيعات اليومية'!$H$9:$H$308,'المبيعات اليومية'!$B$9:$B$308,$C60),SUMIFS('المبيعات اليومية'!$H$9:$H$308,'المبيعات اليومية'!$B$9:$B$308,$C60,'المبيعات اليومية'!$A$9:$A$308,">="&IF($B$4="",0,$B$4),'المبيعات اليومية'!$A$9:$A$308,"<="&IF($B$5="",2958465,$B$5)))) | G60: =IF($C60="","",IF($B$4&$B$5="",SUMIFS('المبيعات اليومية'!$I$9:$I$308,'المبيعات اليومية'!$B$9:$B$308,$C60),SUMIFS('المبيعات اليومية'!$I$9:$I$308,'المبيعات اليومية'!$B$9:$B$308,$C60,'المبيعات اليومية'!$A$9:$A$308,">="&IF($B$4="",0,$B$4),'المبيعات اليومية'!$A$9:$A$308,"<="&IF($B$5="",2958465,$B$5)))) | H60: =IF($C60="","",IF($B$4&$B$5="",SUMIFS('المبيعات اليومية'!$J$9:$J$308,'المبيعات اليومية'!$B$9:$B$308,$C60),SUMIFS('المبيعات اليومية'!$J$9:$J$308,'المبيعات اليومية'!$B$9:$B$308,$C60,'المبيعات اليومية'!$A$9:$A$308,">="&IF($B$4="",0,$B$4),'المبيعات اليومية'!$A$9:$A$308,"<="&IF($B$5="",2958465,$B$5)))) | I60: =IF(OR($C60="",$H$108=0),"",H60/$H$108) | J60: =IF(C60="","",IF(D60>0,"نشط","لا يوجد مبيعات"))
A61: =IF(C61="","",54) | B61: =IF('دليل العملاء'!$B$57="","",'دليل العملاء'!$A$57) | C61: =IF('دليل العملاء'!$B$57="","",'دليل العملاء'!$B$57) | D61: =IF($C61="","",IF($B$4&$B$5="",COUNTIFS('المبيعات اليومية'!$B$9:$B$308,$C61),COUNTIFS('المبيعات اليومية'!$B$9:$B$308,$C61,'المبيعات اليومية'!$A$9:$A$308,">="&IF($B$4="",0,$B$4),'المبيعات اليومية'!$A$9:$A$308,"<="&IF($B$5="",2958465,$B$5)))) | E61: =IF($C61="","",IF($B$4&$B$5="",SUMIFS('المبيعات اليومية'!$E$9:$E$308,'المبيعات اليومية'!$B$9:$B$308,$C61),SUMIFS('المبيعات اليومية'!$E$9:$E$308,'المبيعات اليومية'!$B$9:$B$308,$C61,'المبيعات اليومية'!$A$9:$A$308,">="&IF($B$4="",0,$B$4),'المبيعات اليومية'!$A$9:$A$308,"<="&IF($B$5="",2958465,$B$5)))) | F61: =IF($C61="","",IF($B$4&$B$5="",SUMIFS('المبيعات اليومية'!$H$9:$H$308,'المبيعات اليومية'!$B$9:$B$308,$C61),SUMIFS('المبيعات اليومية'!$H$9:$H$308,'المبيعات اليومية'!$B$9:$B$308,$C61,'المبيعات اليومية'!$A$9:$A$308,">="&IF($B$4="",0,$B$4),'المبيعات اليومية'!$A$9:$A$308,"<="&IF($B$5="",2958465,$B$5)))) | G61: =IF($C61="","",IF($B$4&$B$5="",SUMIFS('المبيعات اليومية'!$I$9:$I$308,'المبيعات اليومية'!$B$9:$B$308,$C61),SUMIFS('المبيعات اليومية'!$I$9:$I$308,'المبيعات اليومية'!$B$9:$B$308,$C61,'المبيعات اليومية'!$A$9:$A$308,">="&IF($B$4="",0,$B$4),'المبيعات اليومية'!$A$9:$A$308,"<="&IF($B$5="",2958465,$B$5)))) | H61: =IF($C61="","",IF($B$4&$B$5="",SUMIFS('المبيعات اليومية'!$J$9:$J$308,'المبيعات اليومية'!$B$9:$B$308,$C61),SUMIFS('المبيعات اليومية'!$J$9:$J$308,'المبيعات اليومية'!$B$9:$B$308,$C61,'المبيعات اليومية'!$A$9:$A$308,">="&IF($B$4="",0,$B$4),'المبيعات اليومية'!$A$9:$A$308,"<="&IF($B$5="",2958465,$B$5)))) | I61: =IF(OR($C61="",$H$108=0),"",H61/$H$108) | J61: =IF(C61="","",IF(D61>0,"نشط","لا يوجد مبيعات"))
A62: =IF(C62="","",55) | B62: =IF('دليل العملاء'!$B$58="","",'دليل العملاء'!$A$58) | C62: =IF('دليل العملاء'!$B$58="","",'دليل العملاء'!$B$58) | D62: =IF($C62="","",IF($B$4&$B$5="",COUNTIFS('المبيعات اليومية'!$B$9:$B$308,$C62),COUNTIFS('المبيعات اليومية'!$B$9:$B$308,$C62,'المبيعات اليومية'!$A$9:$A$308,">="&IF($B$4="",0,$B$4),'المبيعات اليومية'!$A$9:$A$308,"<="&IF($B$5="",2958465,$B$5)))) | E62: =IF($C62="","",IF($B$4&$B$5="",SUMIFS('المبيعات اليومية'!$E$9:$E$308,'المبيعات اليومية'!$B$9:$B$308,$C62),SUMIFS('المبيعات اليومية'!$E$9:$E$308,'المبيعات اليومية'!$B$9:$B$308,$C62,'المبيعات اليومية'!$A$9:$A$308,">="&IF($B$4="",0,$B$4),'المبيعات اليومية'!$A$9:$A$308,"<="&IF($B$5="",2958465,$B$5)))) | F62: =IF($C62="","",IF($B$4&$B$5="",SUMIFS('المبيعات اليومية'!$H$9:$H$308,'المبيعات اليومية'!$B$9:$B$308,$C62),SUMIFS('المبيعات اليومية'!$H$9:$H$308,'المبيعات اليومية'!$B$9:$B$308,$C62,'المبيعات اليومية'!$A$9:$A$308,">="&IF($B$4="",0,$B$4),'المبيعات اليومية'!$A$9:$A$308,"<="&IF($B$5="",2958465,$B$5)))) | G62: =IF($C62="","",IF($B$4&$B$5="",SUMIFS('المبيعات اليومية'!$I$9:$I$308,'المبيعات اليومية'!$B$9:$B$308,$C62),SUMIFS('المبيعات اليومية'!$I$9:$I$308,'المبيعات اليومية'!$B$9:$B$308,$C62,'المبيعات اليومية'!$A$9:$A$308,">="&IF($B$4="",0,$B$4),'المبيعات اليومية'!$A$9:$A$308,"<="&IF($B$5="",2958465,$B$5)))) | H62: =IF($C62="","",IF($B$4&$B$5="",SUMIFS('المبيعات اليومية'!$J$9:$J$308,'المبيعات اليومية'!$B$9:$B$308,$C62),SUMIFS('المبيعات اليومية'!$J$9:$J$308,'المبيعات اليومية'!$B$9:$B$308,$C62,'المبيعات اليومية'!$A$9:$A$308,">="&IF($B$4="",0,$B$4),'المبيعات اليومية'!$A$9:$A$308,"<="&IF($B$5="",2958465,$B$5)))) | I62: =IF(OR($C62="",$H$108=0),"",H62/$H$108) | J62: =IF(C62="","",IF(D62>0,"نشط","لا يوجد مبيعات"))
A63: =IF(C63="","",56) | B63: =IF('دليل العملاء'!$B$59="","",'دليل العملاء'!$A$59) | C63: =IF('دليل العملاء'!$B$59="","",'دليل العملاء'!$B$59) | D63: =IF($C63="","",IF($B$4&$B$5="",COUNTIFS('المبيعات اليومية'!$B$9:$B$308,$C63),COUNTIFS('المبيعات اليومية'!$B$9:$B$308,$C63,'المبيعات اليومية'!$A$9:$A$308,">="&IF($B$4="",0,$B$4),'المبيعات اليومية'!$A$9:$A$308,"<="&IF($B$5="",2958465,$B$5)))) | E63: =IF($C63="","",IF($B$4&$B$5="",SUMIFS('المبيعات اليومية'!$E$9:$E$308,'المبيعات اليومية'!$B$9:$B$308,$C63),SUMIFS('المبيعات اليومية'!$E$9:$E$308,'المبيعات اليومية'!$B$9:$B$308,$C63,'المبيعات اليومية'!$A$9:$A$308,">="&IF($B$4="",0,$B$4),'المبيعات اليومية'!$A$9:$A$308,"<="&IF($B$5="",2958465,$B$5)))) | F63: =IF($C63="","",IF($B$4&$B$5="",SUMIFS('المبيعات اليومية'!$H$9:$H$308,'المبيعات اليومية'!$B$9:$B$308,$C63),SUMIFS('المبيعات اليومية'!$H$9:$H$308,'المبيعات اليومية'!$B$9:$B$308,$C63,'المبيعات اليومية'!$A$9:$A$308,">="&IF($B$4="",0,$B$4),'المبيعات اليومية'!$A$9:$A$308,"<="&IF($B$5="",2958465,$B$5)))) | G63: =IF($C63="","",IF($B$4&$B$5="",SUMIFS('المبيعات اليومية'!$I$9:$I$308,'المبيعات اليومية'!$B$9:$B$308,$C63),SUMIFS('المبيعات اليومية'!$I$9:$I$308,'المبيعات اليومية'!$B$9:$B$308,$C63,'المبيعات اليومية'!$A$9:$A$308,">="&IF($B$4="",0,$B$4),'المبيعات اليومية'!$A$9:$A$308,"<="&IF($B$5="",2958465,$B$5)))) | H63: =IF($C63="","",IF($B$4&$B$5="",SUMIFS('المبيعات اليومية'!$J$9:$J$308,'المبيعات اليومية'!$B$9:$B$308,$C63),SUMIFS('المبيعات اليومية'!$J$9:$J$308,'المبيعات اليومية'!$B$9:$B$308,$C63,'المبيعات اليومية'!$A$9:$A$308,">="&IF($B$4="",0,$B$4),'المبيعات اليومية'!$A$9:$A$308,"<="&IF($B$5="",2958465,$B$5)))) | I63: =IF(OR($C63="",$H$108=0),"",H63/$H$108) | J63: =IF(C63="","",IF(D63>0,"نشط","لا يوجد مبيعات"))
A64: =IF(C64="","",57) | B64: =IF('دليل العملاء'!$B$60="","",'دليل العملاء'!$A$60) | C64: =IF('دليل العملاء'!$B$60="","",'دليل العملاء'!$B$60) | D64: =IF($C64="","",IF($B$4&$B$5="",COUNTIFS('المبيعات اليومية'!$B$9:$B$308,$C64),COUNTIFS('المبيعات اليومية'!$B$9:$B$308,$C64,'المبيعات اليومية'!$A$9:$A$308,">="&IF($B$4="",0,$B$4),'المبيعات اليومية'!$A$9:$A$308,"<="&IF($B$5="",2958465,$B$5)))) | E64: =IF($C64="","",IF($B$4&$B$5="",SUMIFS('المبيعات اليومية'!$E$9:$E$308,'المبيعات اليومية'!$B$9:$B$308,$C64),SUMIFS('المبيعات اليومية'!$E$9:$E$308,'المبيعات اليومية'!$B$9:$B$308,$C64,'المبيعات اليومية'!$A$9:$A$308,">="&IF($B$4="",0,$B$4),'المبيعات اليومية'!$A$9:$A$308,"<="&IF($B$5="",2958465,$B$5)))) | F64: =IF($C64="","",IF($B$4&$B$5="",SUMIFS('المبيعات اليومية'!$H$9:$H$308,'المبيعات اليومية'!$B$9:$B$308,$C64),SUMIFS('المبيعات اليومية'!$H$9:$H$308,'المبيعات اليومية'!$B$9:$B$308,$C64,'المبيعات اليومية'!$A$9:$A$308,">="&IF($B$4="",0,$B$4),'المبيعات اليومية'!$A$9:$A$308,"<="&IF($B$5="",2958465,$B$5)))) | G64: =IF($C64="","",IF($B$4&$B$5="",SUMIFS('المبيعات اليومية'!$I$9:$I$308,'المبيعات اليومية'!$B$9:$B$308,$C64),SUMIFS('المبيعات اليومية'!$I$9:$I$308,'المبيعات اليومية'!$B$9:$B$308,$C64,'المبيعات اليومية'!$A$9:$A$308,">="&IF($B$4="",0,$B$4),'المبيعات اليومية'!$A$9:$A$308,"<="&IF($B$5="",2958465,$B$5)))) | H64: =IF($C64="","",IF($B$4&$B$5="",SUMIFS('المبيعات اليومية'!$J$9:$J$308,'المبيعات اليومية'!$B$9:$B$308,$C64),SUMIFS('المبيعات اليومية'!$J$9:$J$308,'المبيعات اليومية'!$B$9:$B$308,$C64,'المبيعات اليومية'!$A$9:$A$308,">="&IF($B$4="",0,$B$4),'المبيعات اليومية'!$A$9:$A$308,"<="&IF($B$5="",2958465,$B$5)))) | I64: =IF(OR($C64="",$H$108=0),"",H64/$H$108) | J64: =IF(C64="","",IF(D64>0,"نشط","لا يوجد مبيعات"))
A65: =IF(C65="","",58) | B65: =IF('دليل العملاء'!$B$61="","",'دليل العملاء'!$A$61) | C65: =IF('دليل العملاء'!$B$61="","",'دليل العملاء'!$B$61) | D65: =IF($C65="","",IF($B$4&$B$5="",COUNTIFS('المبيعات اليومية'!$B$9:$B$308,$C65),COUNTIFS('المبيعات اليومية'!$B$9:$B$308,$C65,'المبيعات اليومية'!$A$9:$A$308,">="&IF($B$4="",0,$B$4),'المبيعات اليومية'!$A$9:$A$308,"<="&IF($B$5="",2958465,$B$5)))) | E65: =IF($C65="","",IF($B$4&$B$5="",SUMIFS('المبيعات اليومية'!$E$9:$E$308,'المبيعات اليومية'!$B$9:$B$308,$C65),SUMIFS('المبيعات اليومية'!$E$9:$E$308,'المبيعات اليومية'!$B$9:$B$308,$C65,'المبيعات اليومية'!$A$9:$A$308,">="&IF($B$4="",0,$B$4),'المبيعات اليومية'!$A$9:$A$308,"<="&IF($B$5="",2958465,$B$5)))) | F65: =IF($C65="","",IF($B$4&$B$5="",SUMIFS('المبيعات اليومية'!$H$9:$H$308,'المبيعات اليومية'!$B$9:$B$308,$C65),SUMIFS('المبيعات اليومية'!$H$9:$H$308,'المبيعات اليومية'!$B$9:$B$308,$C65,'المبيعات اليومية'!$A$9:$A$308,">="&IF($B$4="",0,$B$4),'المبيعات اليومية'!$A$9:$A$308,"<="&IF($B$5="",2958465,$B$5)))) | G65: =IF($C65="","",IF($B$4&$B$5="",SUMIFS('المبيعات اليومية'!$I$9:$I$308,'المبيعات اليومية'!$B$9:$B$308,$C65),SUMIFS('المبيعات اليومية'!$I$9:$I$308,'المبيعات اليومية'!$B$9:$B$308,$C65,'المبيعات اليومية'!$A$9:$A$308,">="&IF($B$4="",0,$B$4),'المبيعات اليومية'!$A$9:$A$308,"<="&IF($B$5="",2958465,$B$5)))) | H65: =IF($C65="","",IF($B$4&$B$5="",SUMIFS('المبيعات اليومية'!$J$9:$J$308,'المبيعات اليومية'!$B$9:$B$308,$C65),SUMIFS('المبيعات اليومية'!$J$9:$J$308,'المبيعات اليومية'!$B$9:$B$308,$C65,'المبيعات اليومية'!$A$9:$A$308,">="&IF($B$4="",0,$B$4),'المبيعات اليومية'!$A$9:$A$308,"<="&IF($B$5="",2958465,$B$5)))) | I65: =IF(OR($C65="",$H$108=0),"",H65/$H$108) | J65: =IF(C65="","",IF(D65>0,"نشط","لا يوجد مبيعات"))
A66: =IF(C66="","",59) | B66: =IF('دليل العملاء'!$B$62="","",'دليل العملاء'!$A$62) | C66: =IF('دليل العملاء'!$B$62="","",'دليل العملاء'!$B$62) | D66: =IF($C66="","",IF($B$4&$B$5="",COUNTIFS('المبيعات اليومية'!$B$9:$B$308,$C66),COUNTIFS('المبيعات اليومية'!$B$9:$B$308,$C66,'المبيعات اليومية'!$A$9:$A$308,">="&IF($B$4="",0,$B$4),'المبيعات اليومية'!$A$9:$A$308,"<="&IF($B$5="",2958465,$B$5)))) | E66: =IF($C66="","",IF($B$4&$B$5="",SUMIFS('المبيعات اليومية'!$E$9:$E$308,'المبيعات اليومية'!$B$9:$B$308,$C66),SUMIFS('المبيعات اليومية'!$E$9:$E$308,'المبيعات اليومية'!$B$9:$B$308,$C66,'المبيعات اليومية'!$A$9:$A$308,">="&IF($B$4="",0,$B$4),'المبيعات اليومية'!$A$9:$A$308,"<="&IF($B$5="",2958465,$B$5)))) | F66: =IF($C66="","",IF($B$4&$B$5="",SUMIFS('المبيعات اليومية'!$H$9:$H$308,'المبيعات اليومية'!$B$9:$B$308,$C66),SUMIFS('المبيعات اليومية'!$H$9:$H$308,'المبيعات اليومية'!$B$9:$B$308,$C66,'المبيعات اليومية'!$A$9:$A$308,">="&IF($B$4="",0,$B$4),'المبيعات اليومية'!$A$9:$A$308,"<="&IF($B$5="",2958465,$B$5)))) | G66: =IF($C66="","",IF($B$4&$B$5="",SUMIFS('المبيعات اليومية'!$I$9:$I$308,'المبيعات اليومية'!$B$9:$B$308,$C66),SUMIFS('المبيعات اليومية'!$I$9:$I$308,'المبيعات اليومية'!$B$9:$B$308,$C66,'المبيعات اليومية'!$A$9:$A$308,">="&IF($B$4="",0,$B$4),'المبيعات اليومية'!$A$9:$A$308,"<="&IF($B$5="",2958465,$B$5)))) | H66: =IF($C66="","",IF($B$4&$B$5="",SUMIFS('المبيعات اليومية'!$J$9:$J$308,'المبيعات اليومية'!$B$9:$B$308,$C66),SUMIFS('المبيعات اليومية'!$J$9:$J$308,'المبيعات اليومية'!$B$9:$B$308,$C66,'المبيعات اليومية'!$A$9:$A$308,">="&IF($B$4="",0,$B$4),'المبيعات اليومية'!$A$9:$A$308,"<="&IF($B$5="",2958465,$B$5)))) | I66: =IF(OR($C66="",$H$108=0),"",H66/$H$108) | J66: =IF(C66="","",IF(D66>0,"نشط","لا يوجد مبيعات"))
A67: =IF(C67="","",60) | B67: =IF('دليل العملاء'!$B$63="","",'دليل العملاء'!$A$63) | C67: =IF('دليل العملاء'!$B$63="","",'دليل العملاء'!$B$63) | D67: =IF($C67="","",IF($B$4&$B$5="",COUNTIFS('المبيعات اليومية'!$B$9:$B$308,$C67),COUNTIFS('المبيعات اليومية'!$B$9:$B$308,$C67,'المبيعات اليومية'!$A$9:$A$308,">="&IF($B$4="",0,$B$4),'المبيعات اليومية'!$A$9:$A$308,"<="&IF($B$5="",2958465,$B$5)))) | E67: =IF($C67="","",IF($B$4&$B$5="",SUMIFS('المبيعات اليومية'!$E$9:$E$308,'المبيعات اليومية'!$B$9:$B$308,$C67),SUMIFS('المبيعات اليومية'!$E$9:$E$308,'المبيعات اليومية'!$B$9:$B$308,$C67,'المبيعات اليومية'!$A$9:$A$308,">="&IF($B$4="",0,$B$4),'المبيعات اليومية'!$A$9:$A$308,"<="&IF($B$5="",2958465,$B$5)))) | F67: =IF($C67="","",IF($B$4&$B$5="",SUMIFS('المبيعات اليومية'!$H$9:$H$308,'المبيعات اليومية'!$B$9:$B$308,$C67),SUMIFS('المبيعات اليومية'!$H$9:$H$308,'المبيعات اليومية'!$B$9:$B$308,$C67,'المبيعات اليومية'!$A$9:$A$308,">="&IF($B$4="",0,$B$4),'المبيعات اليومية'!$A$9:$A$308,"<="&IF($B$5="",2958465,$B$5)))) | G67: =IF($C67="","",IF($B$4&$B$5="",SUMIFS('المبيعات اليومية'!$I$9:$I$308,'المبيعات اليومية'!$B$9:$B$308,$C67),SUMIFS('المبيعات اليومية'!$I$9:$I$308,'المبيعات اليومية'!$B$9:$B$308,$C67,'المبيعات اليومية'!$A$9:$A$308,">="&IF($B$4="",0,$B$4),'المبيعات اليومية'!$A$9:$A$308,"<="&IF($B$5="",2958465,$B$5)))) | H67: =IF($C67="","",IF($B$4&$B$5="",SUMIFS('المبيعات اليومية'!$J$9:$J$308,'المبيعات اليومية'!$B$9:$B$308,$C67),SUMIFS('المبيعات اليومية'!$J$9:$J$308,'المبيعات اليومية'!$B$9:$B$308,$C67,'المبيعات اليومية'!$A$9:$A$308,">="&IF($B$4="",0,$B$4),'المبيعات اليومية'!$A$9:$A$308,"<="&IF($B$5="",2958465,$B$5)))) | I67: =IF(OR($C67="",$H$108=0),"",H67/$H$108) | J67: =IF(C67="","",IF(D67>0,"نشط","لا يوجد مبيعات"))
A68: =IF(C68="","",61) | B68: =IF('دليل العملاء'!$B$64="","",'دليل العملاء'!$A$64) | C68: =IF('دليل العملاء'!$B$64="","",'دليل العملاء'!$B$64) | D68: =IF($C68="","",IF($B$4&$B$5="",COUNTIFS('المبيعات اليومية'!$B$9:$B$308,$C68),COUNTIFS('المبيعات اليومية'!$B$9:$B$308,$C68,'المبيعات اليومية'!$A$9:$A$308,">="&IF($B$4="",0,$B$4),'المبيعات اليومية'!$A$9:$A$308,"<="&IF($B$5="",2958465,$B$5)))) | E68: =IF($C68="","",IF($B$4&$B$5="",SUMIFS('المبيعات اليومية'!$E$9:$E$308,'المبيعات اليومية'!$B$9:$B$308,$C68),SUMIFS('المبيعات اليومية'!$E$9:$E$308,'المبيعات اليومية'!$B$9:$B$308,$C68,'المبيعات اليومية'!$A$9:$A$308,">="&IF($B$4="",0,$B$4),'المبيعات اليومية'!$A$9:$A$308,"<="&IF($B$5="",2958465,$B$5)))) | F68: =IF($C68="","",IF($B$4&$B$5="",SUMIFS('المبيعات اليومية'!$H$9:$H$308,'المبيعات اليومية'!$B$9:$B$308,$C68),SUMIFS('المبيعات اليومية'!$H$9:$H$308,'المبيعات اليومية'!$B$9:$B$308,$C68,'المبيعات اليومية'!$A$9:$A$308,">="&IF($B$4="",0,$B$4),'المبيعات اليومية'!$A$9:$A$308,"<="&IF($B$5="",2958465,$B$5)))) | G68: =IF($C68="","",IF($B$4&$B$5="",SUMIFS('المبيعات اليومية'!$I$9:$I$308,'المبيعات اليومية'!$B$9:$B$308,$C68),SUMIFS('المبيعات اليومية'!$I$9:$I$308,'المبيعات اليومية'!$B$9:$B$308,$C68,'المبيعات اليومية'!$A$9:$A$308,">="&IF($B$4="",0,$B$4),'المبيعات اليومية'!$A$9:$A$308,"<="&IF($B$5="",2958465,$B$5)))) | H68: =IF($C68="","",IF($B$4&$B$5="",SUMIFS('المبيعات اليومية'!$J$9:$J$308,'المبيعات اليومية'!$B$9:$B$308,$C68),SUMIFS('المبيعات اليومية'!$J$9:$J$308,'المبيعات اليومية'!$B$9:$B$308,$C68,'المبيعات اليومية'!$A$9:$A$308,">="&IF($B$4="",0,$B$4),'المبيعات اليومية'!$A$9:$A$308,"<="&IF($B$5="",2958465,$B$5)))) | I68: =IF(OR($C68="",$H$108=0),"",H68/$H$108) | J68: =IF(C68="","",IF(D68>0,"نشط","لا يوجد مبيعات"))
A69: =IF(C69="","",62) | B69: =IF('دليل العملاء'!$B$65="","",'دليل العملاء'!$A$65) | C69: =IF('دليل العملاء'!$B$65="","",'دليل العملاء'!$B$65) | D69: =IF($C69="","",IF($B$4&$B$5="",COUNTIFS('المبيعات اليومية'!$B$9:$B$308,$C69),COUNTIFS('المبيعات اليومية'!$B$9:$B$308,$C69,'المبيعات اليومية'!$A$9:$A$308,">="&IF($B$4="",0,$B$4),'المبيعات اليومية'!$A$9:$A$308,"<="&IF($B$5="",2958465,$B$5)))) | E69: =IF($C69="","",IF($B$4&$B$5="",SUMIFS('المبيعات اليومية'!$E$9:$E$308,'المبيعات اليومية'!$B$9:$B$308,$C69),SUMIFS('المبيعات اليومية'!$E$9:$E$308,'المبيعات اليومية'!$B$9:$B$308,$C69,'المبيعات اليومية'!$A$9:$A$308,">="&IF($B$4="",0,$B$4),'المبيعات اليومية'!$A$9:$A$308,"<="&IF($B$5="",2958465,$B$5)))) | F69: =IF($C69="","",IF($B$4&$B$5="",SUMIFS('المبيعات اليومية'!$H$9:$H$308,'المبيعات اليومية'!$B$9:$B$308,$C69),SUMIFS('المبيعات اليومية'!$H$9:$H$308,'المبيعات اليومية'!$B$9:$B$308,$C69,'المبيعات اليومية'!$A$9:$A$308,">="&IF($B$4="",0,$B$4),'المبيعات اليومية'!$A$9:$A$308,"<="&IF($B$5="",2958465,$B$5)))) | G69: =IF($C69="","",IF($B$4&$B$5="",SUMIFS('المبيعات اليومية'!$I$9:$I$308,'المبيعات اليومية'!$B$9:$B$308,$C69),SUMIFS('المبيعات اليومية'!$I$9:$I$308,'المبيعات اليومية'!$B$9:$B$308,$C69,'المبيعات اليومية'!$A$9:$A$308,">="&IF($B$4="",0,$B$4),'المبيعات اليومية'!$A$9:$A$308,"<="&IF($B$5="",2958465,$B$5)))) | H69: =IF($C69="","",IF($B$4&$B$5="",SUMIFS('المبيعات اليومية'!$J$9:$J$308,'المبيعات اليومية'!$B$9:$B$308,$C69),SUMIFS('المبيعات اليومية'!$J$9:$J$308,'المبيعات اليومية'!$B$9:$B$308,$C69,'المبيعات اليومية'!$A$9:$A$308,">="&IF($B$4="",0,$B$4),'المبيعات اليومية'!$A$9:$A$308,"<="&IF($B$5="",2958465,$B$5)))) | I69: =IF(OR($C69="",$H$108=0),"",H69/$H$108) | J69: =IF(C69="","",IF(D69>0,"نشط","لا يوجد مبيعات"))
A70: =IF(C70="","",63) | B70: =IF('دليل العملاء'!$B$66="","",'دليل العملاء'!$A$66) | C70: =IF('دليل العملاء'!$B$66="","",'دليل العملاء'!$B$66) | D70: =IF($C70="","",IF($B$4&$B$5="",COUNTIFS('المبيعات اليومية'!$B$9:$B$308,$C70),COUNTIFS('المبيعات اليومية'!$B$9:$B$308,$C70,'المبيعات اليومية'!$A$9:$A$308,">="&IF($B$4="",0,$B$4),'المبيعات اليومية'!$A$9:$A$308,"<="&IF($B$5="",2958465,$B$5)))) | E70: =IF($C70="","",IF($B$4&$B$5="",SUMIFS('المبيعات اليومية'!$E$9:$E$308,'المبيعات اليومية'!$B$9:$B$308,$C70),SUMIFS('المبيعات اليومية'!$E$9:$E$308,'المبيعات اليومية'!$B$9:$B$308,$C70,'المبيعات اليومية'!$A$9:$A$308,">="&IF($B$4="",0,$B$4),'المبيعات اليومية'!$A$9:$A$308,"<="&IF($B$5="",2958465,$B$5)))) | F70: =IF($C70="","",IF($B$4&$B$5="",SUMIFS('المبيعات اليومية'!$H$9:$H$308,'المبيعات اليومية'!$B$9:$B$308,$C70),SUMIFS('المبيعات اليومية'!$H$9:$H$308,'المبيعات اليومية'!$B$9:$B$308,$C70,'المبيعات اليومية'!$A$9:$A$308,">="&IF($B$4="",0,$B$4),'المبيعات اليومية'!$A$9:$A$308,"<="&IF($B$5="",2958465,$B$5)))) | G70: =IF($C70="","",IF($B$4&$B$5="",SUMIFS('المبيعات اليومية'!$I$9:$I$308,'المبيعات اليومية'!$B$9:$B$308,$C70),SUMIFS('المبيعات اليومية'!$I$9:$I$308,'المبيعات اليومية'!$B$9:$B$308,$C70,'المبيعات اليومية'!$A$9:$A$308,">="&IF($B$4="",0,$B$4),'المبيعات اليومية'!$A$9:$A$308,"<="&IF($B$5="",2958465,$B$5)))) | H70: =IF($C70="","",IF($B$4&$B$5="",SUMIFS('المبيعات اليومية'!$J$9:$J$308,'المبيعات اليومية'!$B$9:$B$308,$C70),SUMIFS('المبيعات اليومية'!$J$9:$J$308,'المبيعات اليومية'!$B$9:$B$308,$C70,'المبيعات اليومية'!$A$9:$A$308,">="&IF($B$4="",0,$B$4),'المبيعات اليومية'!$A$9:$A$308,"<="&IF($B$5="",2958465,$B$5)))) | I70: =IF(OR($C70="",$H$108=0),"",H70/$H$108) | J70: =IF(C70="","",IF(D70>0,"نشط","لا يوجد مبيعات"))
A71: =IF(C71="","",64) | B71: =IF('دليل العملاء'!$B$67="","",'دليل العملاء'!$A$67) | C71: =IF('دليل العملاء'!$B$67="","",'دليل العملاء'!$B$67) | D71: =IF($C71="","",IF($B$4&$B$5="",COUNTIFS('المبيعات اليومية'!$B$9:$B$308,$C71),COUNTIFS('المبيعات اليومية'!$B$9:$B$308,$C71,'المبيعات اليومية'!$A$9:$A$308,">="&IF($B$4="",0,$B$4),'المبيعات اليومية'!$A$9:$A$308,"<="&IF($B$5="",2958465,$B$5)))) | E71: =IF($C71="","",IF($B$4&$B$5="",SUMIFS('المبيعات اليومية'!$E$9:$E$308,'المبيعات اليومية'!$B$9:$B$308,$C71),SUMIFS('المبيعات اليومية'!$E$9:$E$308,'المبيعات اليومية'!$B$9:$B$308,$C71,'المبيعات اليومية'!$A$9:$A$308,">="&IF($B$4="",0,$B$4),'المبيعات اليومية'!$A$9:$A$308,"<="&IF($B$5="",2958465,$B$5)))) | F71: =IF($C71="","",IF($B$4&$B$5="",SUMIFS('المبيعات اليومية'!$H$9:$H$308,'المبيعات اليومية'!$B$9:$B$308,$C71),SUMIFS('المبيعات اليومية'!$H$9:$H$308,'المبيعات اليومية'!$B$9:$B$308,$C71,'المبيعات اليومية'!$A$9:$A$308,">="&IF($B$4="",0,$B$4),'المبيعات اليومية'!$A$9:$A$308,"<="&IF($B$5="",2958465,$B$5)))) | G71: =IF($C71="","",IF($B$4&$B$5="",SUMIFS('المبيعات اليومية'!$I$9:$I$308,'المبيعات اليومية'!$B$9:$B$308,$C71),SUMIFS('المبيعات اليومية'!$I$9:$I$308,'المبيعات اليومية'!$B$9:$B$308,$C71,'المبيعات اليومية'!$A$9:$A$308,">="&IF($B$4="",0,$B$4),'المبيعات اليومية'!$A$9:$A$308,"<="&IF($B$5="",2958465,$B$5)))) | H71: =IF($C71="","",IF($B$4&$B$5="",SUMIFS('المبيعات اليومية'!$J$9:$J$308,'المبيعات اليومية'!$B$9:$B$308,$C71),SUMIFS('المبيعات اليومية'!$J$9:$J$308,'المبيعات اليومية'!$B$9:$B$308,$C71,'المبيعات اليومية'!$A$9:$A$308,">="&IF($B$4="",0,$B$4),'المبيعات اليومية'!$A$9:$A$308,"<="&IF($B$5="",2958465,$B$5)))) | I71: =IF(OR($C71="",$H$108=0),"",H71/$H$108) | J71: =IF(C71="","",IF(D71>0,"نشط","لا يوجد مبيعات"))
A72: =IF(C72="","",65) | B72: =IF('دليل العملاء'!$B$68="","",'دليل العملاء'!$A$68) | C72: =IF('دليل العملاء'!$B$68="","",'دليل العملاء'!$B$68) | D72: =IF($C72="","",IF($B$4&$B$5="",COUNTIFS('المبيعات اليومية'!$B$9:$B$308,$C72),COUNTIFS('المبيعات اليومية'!$B$9:$B$308,$C72,'المبيعات اليومية'!$A$9:$A$308,">="&IF($B$4="",0,$B$4),'المبيعات اليومية'!$A$9:$A$308,"<="&IF($B$5="",2958465,$B$5)))) | E72: =IF($C72="","",IF($B$4&$B$5="",SUMIFS('المبيعات اليومية'!$E$9:$E$308,'المبيعات اليومية'!$B$9:$B$308,$C72),SUMIFS('المبيعات اليومية'!$E$9:$E$308,'المبيعات اليومية'!$B$9:$B$308,$C72,'المبيعات اليومية'!$A$9:$A$308,">="&IF($B$4="",0,$B$4),'المبيعات اليومية'!$A$9:$A$308,"<="&IF($B$5="",2958465,$B$5)))) | F72: =IF($C72="","",IF($B$4&$B$5="",SUMIFS('المبيعات اليومية'!$H$9:$H$308,'المبيعات اليومية'!$B$9:$B$308,$C72),SUMIFS('المبيعات اليومية'!$H$9:$H$308,'المبيعات اليومية'!$B$9:$B$308,$C72,'المبيعات اليومية'!$A$9:$A$308,">="&IF($B$4="",0,$B$4),'المبيعات اليومية'!$A$9:$A$308,"<="&IF($B$5="",2958465,$B$5)))) | G72: =IF($C72="","",IF($B$4&$B$5="",SUMIFS('المبيعات اليومية'!$I$9:$I$308,'المبيعات اليومية'!$B$9:$B$308,$C72),SUMIFS('المبيعات اليومية'!$I$9:$I$308,'المبيعات اليومية'!$B$9:$B$308,$C72,'المبيعات اليومية'!$A$9:$A$308,">="&IF($B$4="",0,$B$4),'المبيعات اليومية'!$A$9:$A$308,"<="&IF($B$5="",2958465,$B$5)))) | H72: =IF($C72="","",IF($B$4&$B$5="",SUMIFS('المبيعات اليومية'!$J$9:$J$308,'المبيعات اليومية'!$B$9:$B$308,$C72),SUMIFS('المبيعات اليومية'!$J$9:$J$308,'المبيعات اليومية'!$B$9:$B$308,$C72,'المبيعات اليومية'!$A$9:$A$308,">="&IF($B$4="",0,$B$4),'المبيعات اليومية'!$A$9:$A$308,"<="&IF($B$5="",2958465,$B$5)))) | I72: =IF(OR($C72="",$H$108=0),"",H72/$H$108) | J72: =IF(C72="","",IF(D72>0,"نشط","لا يوجد مبيعات"))
A73: =IF(C73="","",66) | B73: =IF('دليل العملاء'!$B$69="","",'دليل العملاء'!$A$69) | C73: =IF('دليل العملاء'!$B$69="","",'دليل العملاء'!$B$69) | D73: =IF($C73="","",IF($B$4&$B$5="",COUNTIFS('المبيعات اليومية'!$B$9:$B$308,$C73),COUNTIFS('المبيعات اليومية'!$B$9:$B$308,$C73,'المبيعات اليومية'!$A$9:$A$308,">="&IF($B$4="",0,$B$4),'المبيعات اليومية'!$A$9:$A$308,"<="&IF($B$5="",2958465,$B$5)))) | E73: =IF($C73="","",IF($B$4&$B$5="",SUMIFS('المبيعات اليومية'!$E$9:$E$308,'المبيعات اليومية'!$B$9:$B$308,$C73),SUMIFS('المبيعات اليومية'!$E$9:$E$308,'المبيعات اليومية'!$B$9:$B$308,$C73,'المبيعات اليومية'!$A$9:$A$308,">="&IF($B$4="",0,$B$4),'المبيعات اليومية'!$A$9:$A$308,"<="&IF($B$5="",2958465,$B$5)))) | F73: =IF($C73="","",IF($B$4&$B$5="",SUMIFS('المبيعات اليومية'!$H$9:$H$308,'المبيعات اليومية'!$B$9:$B$308,$C73),SUMIFS('المبيعات اليومية'!$H$9:$H$308,'المبيعات اليومية'!$B$9:$B$308,$C73,'المبيعات اليومية'!$A$9:$A$308,">="&IF($B$4="",0,$B$4),'المبيعات اليومية'!$A$9:$A$308,"<="&IF($B$5="",2958465,$B$5)))) | G73: =IF($C73="","",IF($B$4&$B$5="",SUMIFS('المبيعات اليومية'!$I$9:$I$308,'المبيعات اليومية'!$B$9:$B$308,$C73),SUMIFS('المبيعات اليومية'!$I$9:$I$308,'المبيعات اليومية'!$B$9:$B$308,$C73,'المبيعات اليومية'!$A$9:$A$308,">="&IF($B$4="",0,$B$4),'المبيعات اليومية'!$A$9:$A$308,"<="&IF($B$5="",2958465,$B$5)))) | H73: =IF($C73="","",IF($B$4&$B$5="",SUMIFS('المبيعات اليومية'!$J$9:$J$308,'المبيعات اليومية'!$B$9:$B$308,$C73),SUMIFS('المبيعات اليومية'!$J$9:$J$308,'المبيعات اليومية'!$B$9:$B$308,$C73,'المبيعات اليومية'!$A$9:$A$308,">="&IF($B$4="",0,$B$4),'المبيعات اليومية'!$A$9:$A$308,"<="&IF($B$5="",2958465,$B$5)))) | I73: =IF(OR($C73="",$H$108=0),"",H73/$H$108) | J73: =IF(C73="","",IF(D73>0,"نشط","لا يوجد مبيعات"))
A74: =IF(C74="","",67) | B74: =IF('دليل العملاء'!$B$70="","",'دليل العملاء'!$A$70) | C74: =IF('دليل العملاء'!$B$70="","",'دليل العملاء'!$B$70) | D74: =IF($C74="","",IF($B$4&$B$5="",COUNTIFS('المبيعات اليومية'!$B$9:$B$308,$C74),COUNTIFS('المبيعات اليومية'!$B$9:$B$308,$C74,'المبيعات اليومية'!$A$9:$A$308,">="&IF($B$4="",0,$B$4),'المبيعات اليومية'!$A$9:$A$308,"<="&IF($B$5="",2958465,$B$5)))) | E74: =IF($C74="","",IF($B$4&$B$5="",SUMIFS('المبيعات اليومية'!$E$9:$E$308,'المبيعات اليومية'!$B$9:$B$308,$C74),SUMIFS('المبيعات اليومية'!$E$9:$E$308,'المبيعات اليومية'!$B$9:$B$308,$C74,'المبيعات اليومية'!$A$9:$A$308,">="&IF($B$4="",0,$B$4),'المبيعات اليومية'!$A$9:$A$308,"<="&IF($B$5="",2958465,$B$5)))) | F74: =IF($C74="","",IF($B$4&$B$5="",SUMIFS('المبيعات اليومية'!$H$9:$H$308,'المبيعات اليومية'!$B$9:$B$308,$C74),SUMIFS('المبيعات اليومية'!$H$9:$H$308,'المبيعات اليومية'!$B$9:$B$308,$C74,'المبيعات اليومية'!$A$9:$A$308,">="&IF($B$4="",0,$B$4),'المبيعات اليومية'!$A$9:$A$308,"<="&IF($B$5="",2958465,$B$5)))) | G74: =IF($C74="","",IF($B$4&$B$5="",SUMIFS('المبيعات اليومية'!$I$9:$I$308,'المبيعات اليومية'!$B$9:$B$308,$C74),SUMIFS('المبيعات اليومية'!$I$9:$I$308,'المبيعات اليومية'!$B$9:$B$308,$C74,'المبيعات اليومية'!$A$9:$A$308,">="&IF($B$4="",0,$B$4),'المبيعات اليومية'!$A$9:$A$308,"<="&IF($B$5="",2958465,$B$5)))) | H74: =IF($C74="","",IF($B$4&$B$5="",SUMIFS('المبيعات اليومية'!$J$9:$J$308,'المبيعات اليومية'!$B$9:$B$308,$C74),SUMIFS('المبيعات اليومية'!$J$9:$J$308,'المبيعات اليومية'!$B$9:$B$308,$C74,'المبيعات اليومية'!$A$9:$A$308,">="&IF($B$4="",0,$B$4),'المبيعات اليومية'!$A$9:$A$308,"<="&IF($B$5="",2958465,$B$5)))) | I74: =IF(OR($C74="",$H$108=0),"",H74/$H$108) | J74: =IF(C74="","",IF(D74>0,"نشط","لا يوجد مبيعات"))
A75: =IF(C75="","",68) | B75: =IF('دليل العملاء'!$B$71="","",'دليل العملاء'!$A$71) | C75: =IF('دليل العملاء'!$B$71="","",'دليل العملاء'!$B$71) | D75: =IF($C75="","",IF($B$4&$B$5="",COUNTIFS('المبيعات اليومية'!$B$9:$B$308,$C75),COUNTIFS('المبيعات اليومية'!$B$9:$B$308,$C75,'المبيعات اليومية'!$A$9:$A$308,">="&IF($B$4="",0,$B$4),'المبيعات اليومية'!$A$9:$A$308,"<="&IF($B$5="",2958465,$B$5)))) | E75: =IF($C75="","",IF($B$4&$B$5="",SUMIFS('المبيعات اليومية'!$E$9:$E$308,'المبيعات اليومية'!$B$9:$B$308,$C75),SUMIFS('المبيعات اليومية'!$E$9:$E$308,'المبيعات اليومية'!$B$9:$B$308,$C75,'المبيعات اليومية'!$A$9:$A$308,">="&IF($B$4="",0,$B$4),'المبيعات اليومية'!$A$9:$A$308,"<="&IF($B$5="",2958465,$B$5)))) | F75: =IF($C75="","",IF($B$4&$B$5="",SUMIFS('المبيعات اليومية'!$H$9:$H$308,'المبيعات اليومية'!$B$9:$B$308,$C75),SUMIFS('المبيعات اليومية'!$H$9:$H$308,'المبيعات اليومية'!$B$9:$B$308,$C75,'المبيعات اليومية'!$A$9:$A$308,">="&IF($B$4="",0,$B$4),'المبيعات اليومية'!$A$9:$A$308,"<="&IF($B$5="",2958465,$B$5)))) | G75: =IF($C75="","",IF($B$4&$B$5="",SUMIFS('المبيعات اليومية'!$I$9:$I$308,'المبيعات اليومية'!$B$9:$B$308,$C75),SUMIFS('المبيعات اليومية'!$I$9:$I$308,'المبيعات اليومية'!$B$9:$B$308,$C75,'المبيعات اليومية'!$A$9:$A$308,">="&IF($B$4="",0,$B$4),'المبيعات اليومية'!$A$9:$A$308,"<="&IF($B$5="",2958465,$B$5)))) | H75: =IF($C75="","",IF($B$4&$B$5="",SUMIFS('المبيعات اليومية'!$J$9:$J$308,'المبيعات اليومية'!$B$9:$B$308,$C75),SUMIFS('المبيعات اليومية'!$J$9:$J$308,'المبيعات اليومية'!$B$9:$B$308,$C75,'المبيعات اليومية'!$A$9:$A$308,">="&IF($B$4="",0,$B$4),'المبيعات اليومية'!$A$9:$A$308,"<="&IF($B$5="",2958465,$B$5)))) | I75: =IF(OR($C75="",$H$108=0),"",H75/$H$108) | J75: =IF(C75="","",IF(D75>0,"نشط","لا يوجد مبيعات"))
A76: =IF(C76="","",69) | B76: =IF('دليل العملاء'!$B$72="","",'دليل العملاء'!$A$72) | C76: =IF('دليل العملاء'!$B$72="","",'دليل العملاء'!$B$72) | D76: =IF($C76="","",IF($B$4&$B$5="",COUNTIFS('المبيعات اليومية'!$B$9:$B$308,$C76),COUNTIFS('المبيعات اليومية'!$B$9:$B$308,$C76,'المبيعات اليومية'!$A$9:$A$308,">="&IF($B$4="",0,$B$4),'المبيعات اليومية'!$A$9:$A$308,"<="&IF($B$5="",2958465,$B$5)))) | E76: =IF($C76="","",IF($B$4&$B$5="",SUMIFS('المبيعات اليومية'!$E$9:$E$308,'المبيعات اليومية'!$B$9:$B$308,$C76),SUMIFS('المبيعات اليومية'!$E$9:$E$308,'المبيعات اليومية'!$B$9:$B$308,$C76,'المبيعات اليومية'!$A$9:$A$308,">="&IF($B$4="",0,$B$4),'المبيعات اليومية'!$A$9:$A$308,"<="&IF($B$5="",2958465,$B$5)))) | F76: =IF($C76="","",IF($B$4&$B$5="",SUMIFS('المبيعات اليومية'!$H$9:$H$308,'المبيعات اليومية'!$B$9:$B$308,$C76),SUMIFS('المبيعات اليومية'!$H$9:$H$308,'المبيعات اليومية'!$B$9:$B$308,$C76,'المبيعات اليومية'!$A$9:$A$308,">="&IF($B$4="",0,$B$4),'المبيعات اليومية'!$A$9:$A$308,"<="&IF($B$5="",2958465,$B$5)))) | G76: =IF($C76="","",IF($B$4&$B$5="",SUMIFS('المبيعات اليومية'!$I$9:$I$308,'المبيعات اليومية'!$B$9:$B$308,$C76),SUMIFS('المبيعات اليومية'!$I$9:$I$308,'المبيعات اليومية'!$B$9:$B$308,$C76,'المبيعات اليومية'!$A$9:$A$308,">="&IF($B$4="",0,$B$4),'المبيعات اليومية'!$A$9:$A$308,"<="&IF($B$5="",2958465,$B$5)))) | H76: =IF($C76="","",IF($B$4&$B$5="",SUMIFS('المبيعات اليومية'!$J$9:$J$308,'المبيعات اليومية'!$B$9:$B$308,$C76),SUMIFS('المبيعات اليومية'!$J$9:$J$308,'المبيعات اليومية'!$B$9:$B$308,$C76,'المبيعات اليومية'!$A$9:$A$308,">="&IF($B$4="",0,$B$4),'المبيعات اليومية'!$A$9:$A$308,"<="&IF($B$5="",2958465,$B$5)))) | I76: =IF(OR($C76="",$H$108=0),"",H76/$H$108) | J76: =IF(C76="","",IF(D76>0,"نشط","لا يوجد مبيعات"))
A77: =IF(C77="","",70) | B77: =IF('دليل العملاء'!$B$73="","",'دليل العملاء'!$A$73) | C77: =IF('دليل العملاء'!$B$73="","",'دليل العملاء'!$B$73) | D77: =IF($C77="","",IF($B$4&$B$5="",COUNTIFS('المبيعات اليومية'!$B$9:$B$308,$C77),COUNTIFS('المبيعات اليومية'!$B$9:$B$308,$C77,'المبيعات اليومية'!$A$9:$A$308,">="&IF($B$4="",0,$B$4),'المبيعات اليومية'!$A$9:$A$308,"<="&IF($B$5="",2958465,$B$5)))) | E77: =IF($C77="","",IF($B$4&$B$5="",SUMIFS('المبيعات اليومية'!$E$9:$E$308,'المبيعات اليومية'!$B$9:$B$308,$C77),SUMIFS('المبيعات اليومية'!$E$9:$E$308,'المبيعات اليومية'!$B$9:$B$308,$C77,'المبيعات اليومية'!$A$9:$A$308,">="&IF($B$4="",0,$B$4),'المبيعات اليومية'!$A$9:$A$308,"<="&IF($B$5="",2958465,$B$5)))) | F77: =IF($C77="","",IF($B$4&$B$5="",SUMIFS('المبيعات اليومية'!$H$9:$H$308,'المبيعات اليومية'!$B$9:$B$308,$C77),SUMIFS('المبيعات اليومية'!$H$9:$H$308,'المبيعات اليومية'!$B$9:$B$308,$C77,'المبيعات اليومية'!$A$9:$A$308,">="&IF($B$4="",0,$B$4),'المبيعات اليومية'!$A$9:$A$308,"<="&IF($B$5="",2958465,$B$5)))) | G77: =IF($C77="","",IF($B$4&$B$5="",SUMIFS('المبيعات اليومية'!$I$9:$I$308,'المبيعات اليومية'!$B$9:$B$308,$C77),SUMIFS('المبيعات اليومية'!$I$9:$I$308,'المبيعات اليومية'!$B$9:$B$308,$C77,'المبيعات اليومية'!$A$9:$A$308,">="&IF($B$4="",0,$B$4),'المبيعات اليومية'!$A$9:$A$308,"<="&IF($B$5="",2958465,$B$5)))) | H77: =IF($C77="","",IF($B$4&$B$5="",SUMIFS('المبيعات اليومية'!$J$9:$J$308,'المبيعات اليومية'!$B$9:$B$308,$C77),SUMIFS('المبيعات اليومية'!$J$9:$J$308,'المبيعات اليومية'!$B$9:$B$308,$C77,'المبيعات اليومية'!$A$9:$A$308,">="&IF($B$4="",0,$B$4),'المبيعات اليومية'!$A$9:$A$308,"<="&IF($B$5="",2958465,$B$5)))) | I77: =IF(OR($C77="",$H$108=0),"",H77/$H$108) | J77: =IF(C77="","",IF(D77>0,"نشط","لا يوجد مبيعات"))
A78: =IF(C78="","",71) | B78: =IF('دليل العملاء'!$B$74="","",'دليل العملاء'!$A$74) | C78: =IF('دليل العملاء'!$B$74="","",'دليل العملاء'!$B$74) | D78: =IF($C78="","",IF($B$4&$B$5="",COUNTIFS('المبيعات اليومية'!$B$9:$B$308,$C78),COUNTIFS('المبيعات اليومية'!$B$9:$B$308,$C78,'المبيعات اليومية'!$A$9:$A$308,">="&IF($B$4="",0,$B$4),'المبيعات اليومية'!$A$9:$A$308,"<="&IF($B$5="",2958465,$B$5)))) | E78: =IF($C78="","",IF($B$4&$B$5="",SUMIFS('المبيعات اليومية'!$E$9:$E$308,'المبيعات اليومية'!$B$9:$B$308,$C78),SUMIFS('المبيعات اليومية'!$E$9:$E$308,'المبيعات اليومية'!$B$9:$B$308,$C78,'المبيعات اليومية'!$A$9:$A$308,">="&IF($B$4="",0,$B$4),'المبيعات اليومية'!$A$9:$A$308,"<="&IF($B$5="",2958465,$B$5)))) | F78: =IF($C78="","",IF($B$4&$B$5="",SUMIFS('المبيعات اليومية'!$H$9:$H$308,'المبيعات اليومية'!$B$9:$B$308,$C78),SUMIFS('المبيعات اليومية'!$H$9:$H$308,'المبيعات اليومية'!$B$9:$B$308,$C78,'المبيعات اليومية'!$A$9:$A$308,">="&IF($B$4="",0,$B$4),'المبيعات اليومية'!$A$9:$A$308,"<="&IF($B$5="",2958465,$B$5)))) | G78: =IF($C78="","",IF($B$4&$B$5="",SUMIFS('المبيعات اليومية'!$I$9:$I$308,'المبيعات اليومية'!$B$9:$B$308,$C78),SUMIFS('المبيعات اليومية'!$I$9:$I$308,'المبيعات اليومية'!$B$9:$B$308,$C78,'المبيعات اليومية'!$A$9:$A$308,">="&IF($B$4="",0,$B$4),'المبيعات اليومية'!$A$9:$A$308,"<="&IF($B$5="",2958465,$B$5)))) | H78: =IF($C78="","",IF($B$4&$B$5="",SUMIFS('المبيعات اليومية'!$J$9:$J$308,'المبيعات اليومية'!$B$9:$B$308,$C78),SUMIFS('المبيعات اليومية'!$J$9:$J$308,'المبيعات اليومية'!$B$9:$B$308,$C78,'المبيعات اليومية'!$A$9:$A$308,">="&IF($B$4="",0,$B$4),'المبيعات اليومية'!$A$9:$A$308,"<="&IF($B$5="",2958465,$B$5)))) | I78: =IF(OR($C78="",$H$108=0),"",H78/$H$108) | J78: =IF(C78="","",IF(D78>0,"نشط","لا يوجد مبيعات"))
A79: =IF(C79="","",72) | B79: =IF('دليل العملاء'!$B$75="","",'دليل العملاء'!$A$75) | C79: =IF('دليل العملاء'!$B$75="","",'دليل العملاء'!$B$75) | D79: =IF($C79="","",IF($B$4&$B$5="",COUNTIFS('المبيعات اليومية'!$B$9:$B$308,$C79),COUNTIFS('المبيعات اليومية'!$B$9:$B$308,$C79,'المبيعات اليومية'!$A$9:$A$308,">="&IF($B$4="",0,$B$4),'المبيعات اليومية'!$A$9:$A$308,"<="&IF($B$5="",2958465,$B$5)))) | E79: =IF($C79="","",IF($B$4&$B$5="",SUMIFS('المبيعات اليومية'!$E$9:$E$308,'المبيعات اليومية'!$B$9:$B$308,$C79),SUMIFS('المبيعات اليومية'!$E$9:$E$308,'المبيعات اليومية'!$B$9:$B$308,$C79,'المبيعات اليومية'!$A$9:$A$308,">="&IF($B$4="",0,$B$4),'المبيعات اليومية'!$A$9:$A$308,"<="&IF($B$5="",2958465,$B$5)))) | F79: =IF($C79="","",IF($B$4&$B$5="",SUMIFS('المبيعات اليومية'!$H$9:$H$308,'المبيعات اليومية'!$B$9:$B$308,$C79),SUMIFS('المبيعات اليومية'!$H$9:$H$308,'المبيعات اليومية'!$B$9:$B$308,$C79,'المبيعات اليومية'!$A$9:$A$308,">="&IF($B$4="",0,$B$4),'المبيعات اليومية'!$A$9:$A$308,"<="&IF($B$5="",2958465,$B$5)))) | G79: =IF($C79="","",IF($B$4&$B$5="",SUMIFS('المبيعات اليومية'!$I$9:$I$308,'المبيعات اليومية'!$B$9:$B$308,$C79),SUMIFS('المبيعات اليومية'!$I$9:$I$308,'المبيعات اليومية'!$B$9:$B$308,$C79,'المبيعات اليومية'!$A$9:$A$308,">="&IF($B$4="",0,$B$4),'المبيعات اليومية'!$A$9:$A$308,"<="&IF($B$5="",2958465,$B$5)))) | H79: =IF($C79="","",IF($B$4&$B$5="",SUMIFS('المبيعات اليومية'!$J$9:$J$308,'المبيعات اليومية'!$B$9:$B$308,$C79),SUMIFS('المبيعات اليومية'!$J$9:$J$308,'المبيعات اليومية'!$B$9:$B$308,$C79,'المبيعات اليومية'!$A$9:$A$308,">="&IF($B$4="",0,$B$4),'المبيعات اليومية'!$A$9:$A$308,"<="&IF($B$5="",2958465,$B$5)))) | I79: =IF(OR($C79="",$H$108=0),"",H79/$H$108) | J79: =IF(C79="","",IF(D79>0,"نشط","لا يوجد مبيعات"))
A80: =IF(C80="","",73) | B80: =IF('دليل العملاء'!$B$76="","",'دليل العملاء'!$A$76) | C80: =IF('دليل العملاء'!$B$76="","",'دليل العملاء'!$B$76) | D80: =IF($C80="","",IF($B$4&$B$5="",COUNTIFS('المبيعات اليومية'!$B$9:$B$308,$C80),COUNTIFS('المبيعات اليومية'!$B$9:$B$308,$C80,'المبيعات اليومية'!$A$9:$A$308,">="&IF($B$4="",0,$B$4),'المبيعات اليومية'!$A$9:$A$308,"<="&IF($B$5="",2958465,$B$5)))) | E80: =IF($C80="","",IF($B$4&$B$5="",SUMIFS('المبيعات اليومية'!$E$9:$E$308,'المبيعات اليومية'!$B$9:$B$308,$C80),SUMIFS('المبيعات اليومية'!$E$9:$E$308,'المبيعات اليومية'!$B$9:$B$308,$C80,'المبيعات اليومية'!$A$9:$A$308,">="&IF($B$4="",0,$B$4),'المبيعات اليومية'!$A$9:$A$308,"<="&IF($B$5="",2958465,$B$5)))) | F80: =IF($C80="","",IF($B$4&$B$5="",SUMIFS('المبيعات اليومية'!$H$9:$H$308,'المبيعات اليومية'!$B$9:$B$308,$C80),SUMIFS('المبيعات اليومية'!$H$9:$H$308,'المبيعات اليومية'!$B$9:$B$308,$C80,'المبيعات اليومية'!$A$9:$A$308,">="&IF($B$4="",0,$B$4),'المبيعات اليومية'!$A$9:$A$308,"<="&IF($B$5="",2958465,$B$5)))) | G80: =IF($C80="","",IF($B$4&$B$5="",SUMIFS('المبيعات اليومية'!$I$9:$I$308,'المبيعات اليومية'!$B$9:$B$308,$C80),SUMIFS('المبيعات اليومية'!$I$9:$I$308,'المبيعات اليومية'!$B$9:$B$308,$C80,'المبيعات اليومية'!$A$9:$A$308,">="&IF($B$4="",0,$B$4),'المبيعات اليومية'!$A$9:$A$308,"<="&IF($B$5="",2958465,$B$5)))) | H80: =IF($C80="","",IF($B$4&$B$5="",SUMIFS('المبيعات اليومية'!$J$9:$J$308,'المبيعات اليومية'!$B$9:$B$308,$C80),SUMIFS('المبيعات اليومية'!$J$9:$J$308,'المبيعات اليومية'!$B$9:$B$308,$C80,'المبيعات اليومية'!$A$9:$A$308,">="&IF($B$4="",0,$B$4),'المبيعات اليومية'!$A$9:$A$308,"<="&IF($B$5="",2958465,$B$5)))) | I80: =IF(OR($C80="",$H$108=0),"",H80/$H$108) | J80: =IF(C80="","",IF(D80>0,"نشط","لا يوجد مبيعات"))
A81: =IF(C81="","",74) | B81: =IF('دليل العملاء'!$B$77="","",'دليل العملاء'!$A$77) | C81: =IF('دليل العملاء'!$B$77="","",'دليل العملاء'!$B$77) | D81: =IF($C81="","",IF($B$4&$B$5="",COUNTIFS('المبيعات اليومية'!$B$9:$B$308,$C81),COUNTIFS('المبيعات اليومية'!$B$9:$B$308,$C81,'المبيعات اليومية'!$A$9:$A$308,">="&IF($B$4="",0,$B$4),'المبيعات اليومية'!$A$9:$A$308,"<="&IF($B$5="",2958465,$B$5)))) | E81: =IF($C81="","",IF($B$4&$B$5="",SUMIFS('المبيعات اليومية'!$E$9:$E$308,'المبيعات اليومية'!$B$9:$B$308,$C81),SUMIFS('المبيعات اليومية'!$E$9:$E$308,'المبيعات اليومية'!$B$9:$B$308,$C81,'المبيعات اليومية'!$A$9:$A$308,">="&IF($B$4="",0,$B$4),'المبيعات اليومية'!$A$9:$A$308,"<="&IF($B$5="",2958465,$B$5)))) | F81: =IF($C81="","",IF($B$4&$B$5="",SUMIFS('المبيعات اليومية'!$H$9:$H$308,'المبيعات اليومية'!$B$9:$B$308,$C81),SUMIFS('المبيعات اليومية'!$H$9:$H$308,'المبيعات اليومية'!$B$9:$B$308,$C81,'المبيعات اليومية'!$A$9:$A$308,">="&IF($B$4="",0,$B$4),'المبيعات اليومية'!$A$9:$A$308,"<="&IF($B$5="",2958465,$B$5)))) | G81: =IF($C81="","",IF($B$4&$B$5="",SUMIFS('المبيعات اليومية'!$I$9:$I$308,'المبيعات اليومية'!$B$9:$B$308,$C81),SUMIFS('المبيعات اليومية'!$I$9:$I$308,'المبيعات اليومية'!$B$9:$B$308,$C81,'المبيعات اليومية'!$A$9:$A$308,">="&IF($B$4="",0,$B$4),'المبيعات اليومية'!$A$9:$A$308,"<="&IF($B$5="",2958465,$B$5)))) | H81: =IF($C81="","",IF($B$4&$B$5="",SUMIFS('المبيعات اليومية'!$J$9:$J$308,'المبيعات اليومية'!$B$9:$B$308,$C81),SUMIFS('المبيعات اليومية'!$J$9:$J$308,'المبيعات اليومية'!$B$9:$B$308,$C81,'المبيعات اليومية'!$A$9:$A$308,">="&IF($B$4="",0,$B$4),'المبيعات اليومية'!$A$9:$A$308,"<="&IF($B$5="",2958465,$B$5)))) | I81: =IF(OR($C81="",$H$108=0),"",H81/$H$108) | J81: =IF(C81="","",IF(D81>0,"نشط","لا يوجد مبيعات"))
A82: =IF(C82="","",75) | B82: =IF('دليل العملاء'!$B$78="","",'دليل العملاء'!$A$78) | C82: =IF('دليل العملاء'!$B$78="","",'دليل العملاء'!$B$78) | D82: =IF($C82="","",IF($B$4&$B$5="",COUNTIFS('المبيعات اليومية'!$B$9:$B$308,$C82),COUNTIFS('المبيعات اليومية'!$B$9:$B$308,$C82,'المبيعات اليومية'!$A$9:$A$308,">="&IF($B$4="",0,$B$4),'المبيعات اليومية'!$A$9:$A$308,"<="&IF($B$5="",2958465,$B$5)))) | E82: =IF($C82="","",IF($B$4&$B$5="",SUMIFS('المبيعات اليومية'!$E$9:$E$308,'المبيعات اليومية'!$B$9:$B$308,$C82),SUMIFS('المبيعات اليومية'!$E$9:$E$308,'المبيعات اليومية'!$B$9:$B$308,$C82,'المبيعات اليومية'!$A$9:$A$308,">="&IF($B$4="",0,$B$4),'المبيعات اليومية'!$A$9:$A$308,"<="&IF($B$5="",2958465,$B$5)))) | F82: =IF($C82="","",IF($B$4&$B$5="",SUMIFS('المبيعات اليومية'!$H$9:$H$308,'المبيعات اليومية'!$B$9:$B$308,$C82),SUMIFS('المبيعات اليومية'!$H$9:$H$308,'المبيعات اليومية'!$B$9:$B$308,$C82,'المبيعات اليومية'!$A$9:$A$308,">="&IF($B$4="",0,$B$4),'المبيعات اليومية'!$A$9:$A$308,"<="&IF($B$5="",2958465,$B$5)))) | G82: =IF($C82="","",IF($B$4&$B$5="",SUMIFS('المبيعات اليومية'!$I$9:$I$308,'المبيعات اليومية'!$B$9:$B$308,$C82),SUMIFS('المبيعات اليومية'!$I$9:$I$308,'المبيعات اليومية'!$B$9:$B$308,$C82,'المبيعات اليومية'!$A$9:$A$308,">="&IF($B$4="",0,$B$4),'المبيعات اليومية'!$A$9:$A$308,"<="&IF($B$5="",2958465,$B$5)))) | H82: =IF($C82="","",IF($B$4&$B$5="",SUMIFS('المبيعات اليومية'!$J$9:$J$308,'المبيعات اليومية'!$B$9:$B$308,$C82),SUMIFS('المبيعات اليومية'!$J$9:$J$308,'المبيعات اليومية'!$B$9:$B$308,$C82,'المبيعات اليومية'!$A$9:$A$308,">="&IF($B$4="",0,$B$4),'المبيعات اليومية'!$A$9:$A$308,"<="&IF($B$5="",2958465,$B$5)))) | I82: =IF(OR($C82="",$H$108=0),"",H82/$H$108) | J82: =IF(C82="","",IF(D82>0,"نشط","لا يوجد مبيعات"))
A83: =IF(C83="","",76) | B83: =IF('دليل العملاء'!$B$79="","",'دليل العملاء'!$A$79) | C83: =IF('دليل العملاء'!$B$79="","",'دليل العملاء'!$B$79) | D83: =IF($C83="","",IF($B$4&$B$5="",COUNTIFS('المبيعات اليومية'!$B$9:$B$308,$C83),COUNTIFS('المبيعات اليومية'!$B$9:$B$308,$C83,'المبيعات اليومية'!$A$9:$A$308,">="&IF($B$4="",0,$B$4),'المبيعات اليومية'!$A$9:$A$308,"<="&IF($B$5="",2958465,$B$5)))) | E83: =IF($C83="","",IF($B$4&$B$5="",SUMIFS('المبيعات اليومية'!$E$9:$E$308,'المبيعات اليومية'!$B$9:$B$308,$C83),SUMIFS('المبيعات اليومية'!$E$9:$E$308,'المبيعات اليومية'!$B$9:$B$308,$C83,'المبيعات اليومية'!$A$9:$A$308,">="&IF($B$4="",0,$B$4),'المبيعات اليومية'!$A$9:$A$308,"<="&IF($B$5="",2958465,$B$5)))) | F83: =IF($C83="","",IF($B$4&$B$5="",SUMIFS('المبيعات اليومية'!$H$9:$H$308,'المبيعات اليومية'!$B$9:$B$308,$C83),SUMIFS('المبيعات اليومية'!$H$9:$H$308,'المبيعات اليومية'!$B$9:$B$308,$C83,'المبيعات اليومية'!$A$9:$A$308,">="&IF($B$4="",0,$B$4),'المبيعات اليومية'!$A$9:$A$308,"<="&IF($B$5="",2958465,$B$5)))) | G83: =IF($C83="","",IF($B$4&$B$5="",SUMIFS('المبيعات اليومية'!$I$9:$I$308,'المبيعات اليومية'!$B$9:$B$308,$C83),SUMIFS('المبيعات اليومية'!$I$9:$I$308,'المبيعات اليومية'!$B$9:$B$308,$C83,'المبيعات اليومية'!$A$9:$A$308,">="&IF($B$4="",0,$B$4),'المبيعات اليومية'!$A$9:$A$308,"<="&IF($B$5="",2958465,$B$5)))) | H83: =IF($C83="","",IF($B$4&$B$5="",SUMIFS('المبيعات اليومية'!$J$9:$J$308,'المبيعات اليومية'!$B$9:$B$308,$C83),SUMIFS('المبيعات اليومية'!$J$9:$J$308,'المبيعات اليومية'!$B$9:$B$308,$C83,'المبيعات اليومية'!$A$9:$A$308,">="&IF($B$4="",0,$B$4),'المبيعات اليومية'!$A$9:$A$308,"<="&IF($B$5="",2958465,$B$5)))) | I83: =IF(OR($C83="",$H$108=0),"",H83/$H$108) | J83: =IF(C83="","",IF(D83>0,"نشط","لا يوجد مبيعات"))
A84: =IF(C84="","",77) | B84: =IF('دليل العملاء'!$B$80="","",'دليل العملاء'!$A$80) | C84: =IF('دليل العملاء'!$B$80="","",'دليل العملاء'!$B$80) | D84: =IF($C84="","",IF($B$4&$B$5="",COUNTIFS('المبيعات اليومية'!$B$9:$B$308,$C84),COUNTIFS('المبيعات اليومية'!$B$9:$B$308,$C84,'المبيعات اليومية'!$A$9:$A$308,">="&IF($B$4="",0,$B$4),'المبيعات اليومية'!$A$9:$A$308,"<="&IF($B$5="",2958465,$B$5)))) | E84: =IF($C84="","",IF($B$4&$B$5="",SUMIFS('المبيعات اليومية'!$E$9:$E$308,'المبيعات اليومية'!$B$9:$B$308,$C84),SUMIFS('المبيعات اليومية'!$E$9:$E$308,'المبيعات اليومية'!$B$9:$B$308,$C84,'المبيعات اليومية'!$A$9:$A$308,">="&IF($B$4="",0,$B$4),'المبيعات اليومية'!$A$9:$A$308,"<="&IF($B$5="",2958465,$B$5)))) | F84: =IF($C84="","",IF($B$4&$B$5="",SUMIFS('المبيعات اليومية'!$H$9:$H$308,'المبيعات اليومية'!$B$9:$B$308,$C84),SUMIFS('المبيعات اليومية'!$H$9:$H$308,'المبيعات اليومية'!$B$9:$B$308,$C84,'المبيعات اليومية'!$A$9:$A$308,">="&IF($B$4="",0,$B$4),'المبيعات اليومية'!$A$9:$A$308,"<="&IF($B$5="",2958465,$B$5)))) | G84: =IF($C84="","",IF($B$4&$B$5="",SUMIFS('المبيعات اليومية'!$I$9:$I$308,'المبيعات اليومية'!$B$9:$B$308,$C84),SUMIFS('المبيعات اليومية'!$I$9:$I$308,'المبيعات اليومية'!$B$9:$B$308,$C84,'المبيعات اليومية'!$A$9:$A$308,">="&IF($B$4="",0,$B$4),'المبيعات اليومية'!$A$9:$A$308,"<="&IF($B$5="",2958465,$B$5)))) | H84: =IF($C84="","",IF($B$4&$B$5="",SUMIFS('المبيعات اليومية'!$J$9:$J$308,'المبيعات اليومية'!$B$9:$B$308,$C84),SUMIFS('المبيعات اليومية'!$J$9:$J$308,'المبيعات اليومية'!$B$9:$B$308,$C84,'المبيعات اليومية'!$A$9:$A$308,">="&IF($B$4="",0,$B$4),'المبيعات اليومية'!$A$9:$A$308,"<="&IF($B$5="",2958465,$B$5)))) | I84: =IF(OR($C84="",$H$108=0),"",H84/$H$108) | J84: =IF(C84="","",IF(D84>0,"نشط","لا يوجد مبيعات"))
A85: =IF(C85="","",78) | B85: =IF('دليل العملاء'!$B$81="","",'دليل العملاء'!$A$81) | C85: =IF('دليل العملاء'!$B$81="","",'دليل العملاء'!$B$81) | D85: =IF($C85="","",IF($B$4&$B$5="",COUNTIFS('المبيعات اليومية'!$B$9:$B$308,$C85),COUNTIFS('المبيعات اليومية'!$B$9:$B$308,$C85,'المبيعات اليومية'!$A$9:$A$308,">="&IF($B$4="",0,$B$4),'المبيعات اليومية'!$A$9:$A$308,"<="&IF($B$5="",2958465,$B$5)))) | E85: =IF($C85="","",IF($B$4&$B$5="",SUMIFS('المبيعات اليومية'!$E$9:$E$308,'المبيعات اليومية'!$B$9:$B$308,$C85),SUMIFS('المبيعات اليومية'!$E$9:$E$308,'المبيعات اليومية'!$B$9:$B$308,$C85,'المبيعات اليومية'!$A$9:$A$308,">="&IF($B$4="",0,$B$4),'المبيعات اليومية'!$A$9:$A$308,"<="&IF($B$5="",2958465,$B$5)))) | F85: =IF($C85="","",IF($B$4&$B$5="",SUMIFS('المبيعات اليومية'!$H$9:$H$308,'المبيعات اليومية'!$B$9:$B$308,$C85),SUMIFS('المبيعات اليومية'!$H$9:$H$308,'المبيعات اليومية'!$B$9:$B$308,$C85,'المبيعات اليومية'!$A$9:$A$308,">="&IF($B$4="",0,$B$4),'المبيعات اليومية'!$A$9:$A$308,"<="&IF($B$5="",2958465,$B$5)))) | G85: =IF($C85="","",IF($B$4&$B$5="",SUMIFS('المبيعات اليومية'!$I$9:$I$308,'المبيعات اليومية'!$B$9:$B$308,$C85),SUMIFS('المبيعات اليومية'!$I$9:$I$308,'المبيعات اليومية'!$B$9:$B$308,$C85,'المبيعات اليومية'!$A$9:$A$308,">="&IF($B$4="",0,$B$4),'المبيعات اليومية'!$A$9:$A$308,"<="&IF($B$5="",2958465,$B$5)))) | H85: =IF($C85="","",IF($B$4&$B$5="",SUMIFS('المبيعات اليومية'!$J$9:$J$308,'المبيعات اليومية'!$B$9:$B$308,$C85),SUMIFS('المبيعات اليومية'!$J$9:$J$308,'المبيعات اليومية'!$B$9:$B$308,$C85,'المبيعات اليومية'!$A$9:$A$308,">="&IF($B$4="",0,$B$4),'المبيعات اليومية'!$A$9:$A$308,"<="&IF($B$5="",2958465,$B$5)))) | I85: =IF(OR($C85="",$H$108=0),"",H85/$H$108) | J85: =IF(C85="","",IF(D85>0,"نشط","لا يوجد مبيعات"))
A86: =IF(C86="","",79) | B86: =IF('دليل العملاء'!$B$82="","",'دليل العملاء'!$A$82) | C86: =IF('دليل العملاء'!$B$82="","",'دليل العملاء'!$B$82) | D86: =IF($C86="","",IF($B$4&$B$5="",COUNTIFS('المبيعات اليومية'!$B$9:$B$308,$C86),COUNTIFS('المبيعات اليومية'!$B$9:$B$308,$C86,'المبيعات اليومية'!$A$9:$A$308,">="&IF($B$4="",0,$B$4),'المبيعات اليومية'!$A$9:$A$308,"<="&IF($B$5="",2958465,$B$5)))) | E86: =IF($C86="","",IF($B$4&$B$5="",SUMIFS('المبيعات اليومية'!$E$9:$E$308,'المبيعات اليومية'!$B$9:$B$308,$C86),SUMIFS('المبيعات اليومية'!$E$9:$E$308,'المبيعات اليومية'!$B$9:$B$308,$C86,'المبيعات اليومية'!$A$9:$A$308,">="&IF($B$4="",0,$B$4),'المبيعات اليومية'!$A$9:$A$308,"<="&IF($B$5="",2958465,$B$5)))) | F86: =IF($C86="","",IF($B$4&$B$5="",SUMIFS('المبيعات اليومية'!$H$9:$H$308,'المبيعات اليومية'!$B$9:$B$308,$C86),SUMIFS('المبيعات اليومية'!$H$9:$H$308,'المبيعات اليومية'!$B$9:$B$308,$C86,'المبيعات اليومية'!$A$9:$A$308,">="&IF($B$4="",0,$B$4),'المبيعات اليومية'!$A$9:$A$308,"<="&IF($B$5="",2958465,$B$5)))) | G86: =IF($C86="","",IF($B$4&$B$5="",SUMIFS('المبيعات اليومية'!$I$9:$I$308,'المبيعات اليومية'!$B$9:$B$308,$C86),SUMIFS('المبيعات اليومية'!$I$9:$I$308,'المبيعات اليومية'!$B$9:$B$308,$C86,'المبيعات اليومية'!$A$9:$A$308,">="&IF($B$4="",0,$B$4),'المبيعات اليومية'!$A$9:$A$308,"<="&IF($B$5="",2958465,$B$5)))) | H86: =IF($C86="","",IF($B$4&$B$5="",SUMIFS('المبيعات اليومية'!$J$9:$J$308,'المبيعات اليومية'!$B$9:$B$308,$C86),SUMIFS('المبيعات اليومية'!$J$9:$J$308,'المبيعات اليومية'!$B$9:$B$308,$C86,'المبيعات اليومية'!$A$9:$A$308,">="&IF($B$4="",0,$B$4),'المبيعات اليومية'!$A$9:$A$308,"<="&IF($B$5="",2958465,$B$5)))) | I86: =IF(OR($C86="",$H$108=0),"",H86/$H$108) | J86: =IF(C86="","",IF(D86>0,"نشط","لا يوجد مبيعات"))
A87: =IF(C87="","",80) | B87: =IF('دليل العملاء'!$B$83="","",'دليل العملاء'!$A$83) | C87: =IF('دليل العملاء'!$B$83="","",'دليل العملاء'!$B$83) | D87: =IF($C87="","",IF($B$4&$B$5="",COUNTIFS('المبيعات اليومية'!$B$9:$B$308,$C87),COUNTIFS('المبيعات اليومية'!$B$9:$B$308,$C87,'المبيعات اليومية'!$A$9:$A$308,">="&IF($B$4="",0,$B$4),'المبيعات اليومية'!$A$9:$A$308,"<="&IF($B$5="",2958465,$B$5)))) | E87: =IF($C87="","",IF($B$4&$B$5="",SUMIFS('المبيعات اليومية'!$E$9:$E$308,'المبيعات اليومية'!$B$9:$B$308,$C87),SUMIFS('المبيعات اليومية'!$E$9:$E$308,'المبيعات اليومية'!$B$9:$B$308,$C87,'المبيعات اليومية'!$A$9:$A$308,">="&IF($B$4="",0,$B$4),'المبيعات اليومية'!$A$9:$A$308,"<="&IF($B$5="",2958465,$B$5)))) | F87: =IF($C87="","",IF($B$4&$B$5="",SUMIFS('المبيعات اليومية'!$H$9:$H$308,'المبيعات اليومية'!$B$9:$B$308,$C87),SUMIFS('المبيعات اليومية'!$H$9:$H$308,'المبيعات اليومية'!$B$9:$B$308,$C87,'المبيعات اليومية'!$A$9:$A$308,">="&IF($B$4="",0,$B$4),'المبيعات اليومية'!$A$9:$A$308,"<="&IF($B$5="",2958465,$B$5)))) | G87: =IF($C87="","",IF($B$4&$B$5="",SUMIFS('المبيعات اليومية'!$I$9:$I$308,'المبيعات اليومية'!$B$9:$B$308,$C87),SUMIFS('المبيعات اليومية'!$I$9:$I$308,'المبيعات اليومية'!$B$9:$B$308,$C87,'المبيعات اليومية'!$A$9:$A$308,">="&IF($B$4="",0,$B$4),'المبيعات اليومية'!$A$9:$A$308,"<="&IF($B$5="",2958465,$B$5)))) | H87: =IF($C87="","",IF($B$4&$B$5="",SUMIFS('المبيعات اليومية'!$J$9:$J$308,'المبيعات اليومية'!$B$9:$B$308,$C87),SUMIFS('المبيعات اليومية'!$J$9:$J$308,'المبيعات اليومية'!$B$9:$B$308,$C87,'المبيعات اليومية'!$A$9:$A$308,">="&IF($B$4="",0,$B$4),'المبيعات اليومية'!$A$9:$A$308,"<="&IF($B$5="",2958465,$B$5)))) | I87: =IF(OR($C87="",$H$108=0),"",H87/$H$108) | J87: =IF(C87="","",IF(D87>0,"نشط","لا يوجد مبيعات"))
A88: =IF(C88="","",81) | B88: =IF('دليل العملاء'!$B$84="","",'دليل العملاء'!$A$84) | C88: =IF('دليل العملاء'!$B$84="","",'دليل العملاء'!$B$84) | D88: =IF($C88="","",IF($B$4&$B$5="",COUNTIFS('المبيعات اليومية'!$B$9:$B$308,$C88),COUNTIFS('المبيعات اليومية'!$B$9:$B$308,$C88,'المبيعات اليومية'!$A$9:$A$308,">="&IF($B$4="",0,$B$4),'المبيعات اليومية'!$A$9:$A$308,"<="&IF($B$5="",2958465,$B$5)))) | E88: =IF($C88="","",IF($B$4&$B$5="",SUMIFS('المبيعات اليومية'!$E$9:$E$308,'المبيعات اليومية'!$B$9:$B$308,$C88),SUMIFS('المبيعات اليومية'!$E$9:$E$308,'المبيعات اليومية'!$B$9:$B$308,$C88,'المبيعات اليومية'!$A$9:$A$308,">="&IF($B$4="",0,$B$4),'المبيعات اليومية'!$A$9:$A$308,"<="&IF($B$5="",2958465,$B$5)))) | F88: =IF($C88="","",IF($B$4&$B$5="",SUMIFS('المبيعات اليومية'!$H$9:$H$308,'المبيعات اليومية'!$B$9:$B$308,$C88),SUMIFS('المبيعات اليومية'!$H$9:$H$308,'المبيعات اليومية'!$B$9:$B$308,$C88,'المبيعات اليومية'!$A$9:$A$308,">="&IF($B$4="",0,$B$4),'المبيعات اليومية'!$A$9:$A$308,"<="&IF($B$5="",2958465,$B$5)))) | G88: =IF($C88="","",IF($B$4&$B$5="",SUMIFS('المبيعات اليومية'!$I$9:$I$308,'المبيعات اليومية'!$B$9:$B$308,$C88),SUMIFS('المبيعات اليومية'!$I$9:$I$308,'المبيعات اليومية'!$B$9:$B$308,$C88,'المبيعات اليومية'!$A$9:$A$308,">="&IF($B$4="",0,$B$4),'المبيعات اليومية'!$A$9:$A$308,"<="&IF($B$5="",2958465,$B$5)))) | H88: =IF($C88="","",IF($B$4&$B$5="",SUMIFS('المبيعات اليومية'!$J$9:$J$308,'المبيعات اليومية'!$B$9:$B$308,$C88),SUMIFS('المبيعات اليومية'!$J$9:$J$308,'المبيعات اليومية'!$B$9:$B$308,$C88,'المبيعات اليومية'!$A$9:$A$308,">="&IF($B$4="",0,$B$4),'المبيعات اليومية'!$A$9:$A$308,"<="&IF($B$5="",2958465,$B$5)))) | I88: =IF(OR($C88="",$H$108=0),"",H88/$H$108) | J88: =IF(C88="","",IF(D88>0,"نشط","لا يوجد مبيعات"))
A89: =IF(C89="","",82) | B89: =IF('دليل العملاء'!$B$85="","",'دليل العملاء'!$A$85) | C89: =IF('دليل العملاء'!$B$85="","",'دليل العملاء'!$B$85) | D89: =IF($C89="","",IF($B$4&$B$5="",COUNTIFS('المبيعات اليومية'!$B$9:$B$308,$C89),COUNTIFS('المبيعات اليومية'!$B$9:$B$308,$C89,'المبيعات اليومية'!$A$9:$A$308,">="&IF($B$4="",0,$B$4),'المبيعات اليومية'!$A$9:$A$308,"<="&IF($B$5="",2958465,$B$5)))) | E89: =IF($C89="","",IF($B$4&$B$5="",SUMIFS('المبيعات اليومية'!$E$9:$E$308,'المبيعات اليومية'!$B$9:$B$308,$C89),SUMIFS('المبيعات اليومية'!$E$9:$E$308,'المبيعات اليومية'!$B$9:$B$308,$C89,'المبيعات اليومية'!$A$9:$A$308,">="&IF($B$4="",0,$B$4),'المبيعات اليومية'!$A$9:$A$308,"<="&IF($B$5="",2958465,$B$5)))) | F89: =IF($C89="","",IF($B$4&$B$5="",SUMIFS('المبيعات اليومية'!$H$9:$H$308,'المبيعات اليومية'!$B$9:$B$308,$C89),SUMIFS('المبيعات اليومية'!$H$9:$H$308,'المبيعات اليومية'!$B$9:$B$308,$C89,'المبيعات اليومية'!$A$9:$A$308,">="&IF($B$4="",0,$B$4),'المبيعات اليومية'!$A$9:$A$308,"<="&IF($B$5="",2958465,$B$5)))) | G89: =IF($C89="","",IF($B$4&$B$5="",SUMIFS('المبيعات اليومية'!$I$9:$I$308,'المبيعات اليومية'!$B$9:$B$308,$C89),SUMIFS('المبيعات اليومية'!$I$9:$I$308,'المبيعات اليومية'!$B$9:$B$308,$C89,'المبيعات اليومية'!$A$9:$A$308,">="&IF($B$4="",0,$B$4),'المبيعات اليومية'!$A$9:$A$308,"<="&IF($B$5="",2958465,$B$5)))) | H89: =IF($C89="","",IF($B$4&$B$5="",SUMIFS('المبيعات اليومية'!$J$9:$J$308,'المبيعات اليومية'!$B$9:$B$308,$C89),SUMIFS('المبيعات اليومية'!$J$9:$J$308,'المبيعات اليومية'!$B$9:$B$308,$C89,'المبيعات اليومية'!$A$9:$A$308,">="&IF($B$4="",0,$B$4),'المبيعات اليومية'!$A$9:$A$308,"<="&IF($B$5="",2958465,$B$5)))) | I89: =IF(OR($C89="",$H$108=0),"",H89/$H$108) | J89: =IF(C89="","",IF(D89>0,"نشط","لا يوجد مبيعات"))
A90: =IF(C90="","",83) | B90: =IF('دليل العملاء'!$B$86="","",'دليل العملاء'!$A$86) | C90: =IF('دليل العملاء'!$B$86="","",'دليل العملاء'!$B$86) | D90: =IF($C90="","",IF($B$4&$B$5="",COUNTIFS('المبيعات اليومية'!$B$9:$B$308,$C90),COUNTIFS('المبيعات اليومية'!$B$9:$B$308,$C90,'المبيعات اليومية'!$A$9:$A$308,">="&IF($B$4="",0,$B$4),'المبيعات اليومية'!$A$9:$A$308,"<="&IF($B$5="",2958465,$B$5)))) | E90: =IF($C90="","",IF($B$4&$B$5="",SUMIFS('المبيعات اليومية'!$E$9:$E$308,'المبيعات اليومية'!$B$9:$B$308,$C90),SUMIFS('المبيعات اليومية'!$E$9:$E$308,'المبيعات اليومية'!$B$9:$B$308,$C90,'المبيعات اليومية'!$A$9:$A$308,">="&IF($B$4="",0,$B$4),'المبيعات اليومية'!$A$9:$A$308,"<="&IF($B$5="",2958465,$B$5)))) | F90: =IF($C90="","",IF($B$4&$B$5="",SUMIFS('المبيعات اليومية'!$H$9:$H$308,'المبيعات اليومية'!$B$9:$B$308,$C90),SUMIFS('المبيعات اليومية'!$H$9:$H$308,'المبيعات اليومية'!$B$9:$B$308,$C90,'المبيعات اليومية'!$A$9:$A$308,">="&IF($B$4="",0,$B$4),'المبيعات اليومية'!$A$9:$A$308,"<="&IF($B$5="",2958465,$B$5)))) | G90: =IF($C90="","",IF($B$4&$B$5="",SUMIFS('المبيعات اليومية'!$I$9:$I$308,'المبيعات اليومية'!$B$9:$B$308,$C90),SUMIFS('المبيعات اليومية'!$I$9:$I$308,'المبيعات اليومية'!$B$9:$B$308,$C90,'المبيعات اليومية'!$A$9:$A$308,">="&IF($B$4="",0,$B$4),'المبيعات اليومية'!$A$9:$A$308,"<="&IF($B$5="",2958465,$B$5)))) | H90: =IF($C90="","",IF($B$4&$B$5="",SUMIFS('المبيعات اليومية'!$J$9:$J$308,'المبيعات اليومية'!$B$9:$B$308,$C90),SUMIFS('المبيعات اليومية'!$J$9:$J$308,'المبيعات اليومية'!$B$9:$B$308,$C90,'المبيعات اليومية'!$A$9:$A$308,">="&IF($B$4="",0,$B$4),'المبيعات اليومية'!$A$9:$A$308,"<="&IF($B$5="",2958465,$B$5)))) | I90: =IF(OR($C90="",$H$108=0),"",H90/$H$108) | J90: =IF(C90="","",IF(D90>0,"نشط","لا يوجد مبيعات"))
A91: =IF(C91="","",84) | B91: =IF('دليل العملاء'!$B$87="","",'دليل العملاء'!$A$87) | C91: =IF('دليل العملاء'!$B$87="","",'دليل العملاء'!$B$87) | D91: =IF($C91="","",IF($B$4&$B$5="",COUNTIFS('المبيعات اليومية'!$B$9:$B$308,$C91),COUNTIFS('المبيعات اليومية'!$B$9:$B$308,$C91,'المبيعات اليومية'!$A$9:$A$308,">="&IF($B$4="",0,$B$4),'المبيعات اليومية'!$A$9:$A$308,"<="&IF($B$5="",2958465,$B$5)))) | E91: =IF($C91="","",IF($B$4&$B$5="",SUMIFS('المبيعات اليومية'!$E$9:$E$308,'المبيعات اليومية'!$B$9:$B$308,$C91),SUMIFS('المبيعات اليومية'!$E$9:$E$308,'المبيعات اليومية'!$B$9:$B$308,$C91,'المبيعات اليومية'!$A$9:$A$308,">="&IF($B$4="",0,$B$4),'المبيعات اليومية'!$A$9:$A$308,"<="&IF($B$5="",2958465,$B$5)))) | F91: =IF($C91="","",IF($B$4&$B$5="",SUMIFS('المبيعات اليومية'!$H$9:$H$308,'المبيعات اليومية'!$B$9:$B$308,$C91),SUMIFS('المبيعات اليومية'!$H$9:$H$308,'المبيعات اليومية'!$B$9:$B$308,$C91,'المبيعات اليومية'!$A$9:$A$308,">="&IF($B$4="",0,$B$4),'المبيعات اليومية'!$A$9:$A$308,"<="&IF($B$5="",2958465,$B$5)))) | G91: =IF($C91="","",IF($B$4&$B$5="",SUMIFS('المبيعات اليومية'!$I$9:$I$308,'المبيعات اليومية'!$B$9:$B$308,$C91),SUMIFS('المبيعات اليومية'!$I$9:$I$308,'المبيعات اليومية'!$B$9:$B$308,$C91,'المبيعات اليومية'!$A$9:$A$308,">="&IF($B$4="",0,$B$4),'المبيعات اليومية'!$A$9:$A$308,"<="&IF($B$5="",2958465,$B$5)))) | H91: =IF($C91="","",IF($B$4&$B$5="",SUMIFS('المبيعات اليومية'!$J$9:$J$308,'المبيعات اليومية'!$B$9:$B$308,$C91),SUMIFS('المبيعات اليومية'!$J$9:$J$308,'المبيعات اليومية'!$B$9:$B$308,$C91,'المبيعات اليومية'!$A$9:$A$308,">="&IF($B$4="",0,$B$4),'المبيعات اليومية'!$A$9:$A$308,"<="&IF($B$5="",2958465,$B$5)))) | I91: =IF(OR($C91="",$H$108=0),"",H91/$H$108) | J91: =IF(C91="","",IF(D91>0,"نشط","لا يوجد مبيعات"))
A92: =IF(C92="","",85) | B92: =IF('دليل العملاء'!$B$88="","",'دليل العملاء'!$A$88) | C92: =IF('دليل العملاء'!$B$88="","",'دليل العملاء'!$B$88) | D92: =IF($C92="","",IF($B$4&$B$5="",COUNTIFS('المبيعات اليومية'!$B$9:$B$308,$C92),COUNTIFS('المبيعات اليومية'!$B$9:$B$308,$C92,'المبيعات اليومية'!$A$9:$A$308,">="&IF($B$4="",0,$B$4),'المبيعات اليومية'!$A$9:$A$308,"<="&IF($B$5="",2958465,$B$5)))) | E92: =IF($C92="","",IF($B$4&$B$5="",SUMIFS('المبيعات اليومية'!$E$9:$E$308,'المبيعات اليومية'!$B$9:$B$308,$C92),SUMIFS('المبيعات اليومية'!$E$9:$E$308,'المبيعات اليومية'!$B$9:$B$308,$C92,'المبيعات اليومية'!$A$9:$A$308,">="&IF($B$4="",0,$B$4),'المبيعات اليومية'!$A$9:$A$308,"<="&IF($B$5="",2958465,$B$5)))) | F92: =IF($C92="","",IF($B$4&$B$5="",SUMIFS('المبيعات اليومية'!$H$9:$H$308,'المبيعات اليومية'!$B$9:$B$308,$C92),SUMIFS('المبيعات اليومية'!$H$9:$H$308,'المبيعات اليومية'!$B$9:$B$308,$C92,'المبيعات اليومية'!$A$9:$A$308,">="&IF($B$4="",0,$B$4),'المبيعات اليومية'!$A$9:$A$308,"<="&IF($B$5="",2958465,$B$5)))) | G92: =IF($C92="","",IF($B$4&$B$5="",SUMIFS('المبيعات اليومية'!$I$9:$I$308,'المبيعات اليومية'!$B$9:$B$308,$C92),SUMIFS('المبيعات اليومية'!$I$9:$I$308,'المبيعات اليومية'!$B$9:$B$308,$C92,'المبيعات اليومية'!$A$9:$A$308,">="&IF($B$4="",0,$B$4),'المبيعات اليومية'!$A$9:$A$308,"<="&IF($B$5="",2958465,$B$5)))) | H92: =IF($C92="","",IF($B$4&$B$5="",SUMIFS('المبيعات اليومية'!$J$9:$J$308,'المبيعات اليومية'!$B$9:$B$308,$C92),SUMIFS('المبيعات اليومية'!$J$9:$J$308,'المبيعات اليومية'!$B$9:$B$308,$C92,'المبيعات اليومية'!$A$9:$A$308,">="&IF($B$4="",0,$B$4),'المبيعات اليومية'!$A$9:$A$308,"<="&IF($B$5="",2958465,$B$5)))) | I92: =IF(OR($C92="",$H$108=0),"",H92/$H$108) | J92: =IF(C92="","",IF(D92>0,"نشط","لا يوجد مبيعات"))
A93: =IF(C93="","",86) | B93: =IF('دليل العملاء'!$B$89="","",'دليل العملاء'!$A$89) | C93: =IF('دليل العملاء'!$B$89="","",'دليل العملاء'!$B$89) | D93: =IF($C93="","",IF($B$4&$B$5="",COUNTIFS('المبيعات اليومية'!$B$9:$B$308,$C93),COUNTIFS('المبيعات اليومية'!$B$9:$B$308,$C93,'المبيعات اليومية'!$A$9:$A$308,">="&IF($B$4="",0,$B$4),'المبيعات اليومية'!$A$9:$A$308,"<="&IF($B$5="",2958465,$B$5)))) | E93: =IF($C93="","",IF($B$4&$B$5="",SUMIFS('المبيعات اليومية'!$E$9:$E$308,'المبيعات اليومية'!$B$9:$B$308,$C93),SUMIFS('المبيعات اليومية'!$E$9:$E$308,'المبيعات اليومية'!$B$9:$B$308,$C93,'المبيعات اليومية'!$A$9:$A$308,">="&IF($B$4="",0,$B$4),'المبيعات اليومية'!$A$9:$A$308,"<="&IF($B$5="",2958465,$B$5)))) | F93: =IF($C93="","",IF($B$4&$B$5="",SUMIFS('المبيعات اليومية'!$H$9:$H$308,'المبيعات اليومية'!$B$9:$B$308,$C93),SUMIFS('المبيعات اليومية'!$H$9:$H$308,'المبيعات اليومية'!$B$9:$B$308,$C93,'المبيعات اليومية'!$A$9:$A$308,">="&IF($B$4="",0,$B$4),'المبيعات اليومية'!$A$9:$A$308,"<="&IF($B$5="",2958465,$B$5)))) | G93: =IF($C93="","",IF($B$4&$B$5="",SUMIFS('المبيعات اليومية'!$I$9:$I$308,'المبيعات اليومية'!$B$9:$B$308,$C93),SUMIFS('المبيعات اليومية'!$I$9:$I$308,'المبيعات اليومية'!$B$9:$B$308,$C93,'المبيعات اليومية'!$A$9:$A$308,">="&IF($B$4="",0,$B$4),'المبيعات اليومية'!$A$9:$A$308,"<="&IF($B$5="",2958465,$B$5)))) | H93: =IF($C93="","",IF($B$4&$B$5="",SUMIFS('المبيعات اليومية'!$J$9:$J$308,'المبيعات اليومية'!$B$9:$B$308,$C93),SUMIFS('المبيعات اليومية'!$J$9:$J$308,'المبيعات اليومية'!$B$9:$B$308,$C93,'المبيعات اليومية'!$A$9:$A$308,">="&IF($B$4="",0,$B$4),'المبيعات اليومية'!$A$9:$A$308,"<="&IF($B$5="",2958465,$B$5)))) | I93: =IF(OR($C93="",$H$108=0),"",H93/$H$108) | J93: =IF(C93="","",IF(D93>0,"نشط","لا يوجد مبيعات"))
A94: =IF(C94="","",87) | B94: =IF('دليل العملاء'!$B$90="","",'دليل العملاء'!$A$90) | C94: =IF('دليل العملاء'!$B$90="","",'دليل العملاء'!$B$90) | D94: =IF($C94="","",IF($B$4&$B$5="",COUNTIFS('المبيعات اليومية'!$B$9:$B$308,$C94),COUNTIFS('المبيعات اليومية'!$B$9:$B$308,$C94,'المبيعات اليومية'!$A$9:$A$308,">="&IF($B$4="",0,$B$4),'المبيعات اليومية'!$A$9:$A$308,"<="&IF($B$5="",2958465,$B$5)))) | E94: =IF($C94="","",IF($B$4&$B$5="",SUMIFS('المبيعات اليومية'!$E$9:$E$308,'المبيعات اليومية'!$B$9:$B$308,$C94),SUMIFS('المبيعات اليومية'!$E$9:$E$308,'المبيعات اليومية'!$B$9:$B$308,$C94,'المبيعات اليومية'!$A$9:$A$308,">="&IF($B$4="",0,$B$4),'المبيعات اليومية'!$A$9:$A$308,"<="&IF($B$5="",2958465,$B$5)))) | F94: =IF($C94="","",IF($B$4&$B$5="",SUMIFS('المبيعات اليومية'!$H$9:$H$308,'المبيعات اليومية'!$B$9:$B$308,$C94),SUMIFS('المبيعات اليومية'!$H$9:$H$308,'المبيعات اليومية'!$B$9:$B$308,$C94,'المبيعات اليومية'!$A$9:$A$308,">="&IF($B$4="",0,$B$4),'المبيعات اليومية'!$A$9:$A$308,"<="&IF($B$5="",2958465,$B$5)))) | G94: =IF($C94="","",IF($B$4&$B$5="",SUMIFS('المبيعات اليومية'!$I$9:$I$308,'المبيعات اليومية'!$B$9:$B$308,$C94),SUMIFS('المبيعات اليومية'!$I$9:$I$308,'المبيعات اليومية'!$B$9:$B$308,$C94,'المبيعات اليومية'!$A$9:$A$308,">="&IF($B$4="",0,$B$4),'المبيعات اليومية'!$A$9:$A$308,"<="&IF($B$5="",2958465,$B$5)))) | H94: =IF($C94="","",IF($B$4&$B$5="",SUMIFS('المبيعات اليومية'!$J$9:$J$308,'المبيعات اليومية'!$B$9:$B$308,$C94),SUMIFS('المبيعات اليومية'!$J$9:$J$308,'المبيعات اليومية'!$B$9:$B$308,$C94,'المبيعات اليومية'!$A$9:$A$308,">="&IF($B$4="",0,$B$4),'المبيعات اليومية'!$A$9:$A$308,"<="&IF($B$5="",2958465,$B$5)))) | I94: =IF(OR($C94="",$H$108=0),"",H94/$H$108) | J94: =IF(C94="","",IF(D94>0,"نشط","لا يوجد مبيعات"))
A95: =IF(C95="","",88) | B95: =IF('دليل العملاء'!$B$91="","",'دليل العملاء'!$A$91) | C95: =IF('دليل العملاء'!$B$91="","",'دليل العملاء'!$B$91) | D95: =IF($C95="","",IF($B$4&$B$5="",COUNTIFS('المبيعات اليومية'!$B$9:$B$308,$C95),COUNTIFS('المبيعات اليومية'!$B$9:$B$308,$C95,'المبيعات اليومية'!$A$9:$A$308,">="&IF($B$4="",0,$B$4),'المبيعات اليومية'!$A$9:$A$308,"<="&IF($B$5="",2958465,$B$5)))) | E95: =IF($C95="","",IF($B$4&$B$5="",SUMIFS('المبيعات اليومية'!$E$9:$E$308,'المبيعات اليومية'!$B$9:$B$308,$C95),SUMIFS('المبيعات اليومية'!$E$9:$E$308,'المبيعات اليومية'!$B$9:$B$308,$C95,'المبيعات اليومية'!$A$9:$A$308,">="&IF($B$4="",0,$B$4),'المبيعات اليومية'!$A$9:$A$308,"<="&IF($B$5="",2958465,$B$5)))) | F95: =IF($C95="","",IF($B$4&$B$5="",SUMIFS('المبيعات اليومية'!$H$9:$H$308,'المبيعات اليومية'!$B$9:$B$308,$C95),SUMIFS('المبيعات اليومية'!$H$9:$H$308,'المبيعات اليومية'!$B$9:$B$308,$C95,'المبيعات اليومية'!$A$9:$A$308,">="&IF($B$4="",0,$B$4),'المبيعات اليومية'!$A$9:$A$308,"<="&IF($B$5="",2958465,$B$5)))) | G95: =IF($C95="","",IF($B$4&$B$5="",SUMIFS('المبيعات اليومية'!$I$9:$I$308,'المبيعات اليومية'!$B$9:$B$308,$C95),SUMIFS('المبيعات اليومية'!$I$9:$I$308,'المبيعات اليومية'!$B$9:$B$308,$C95,'المبيعات اليومية'!$A$9:$A$308,">="&IF($B$4="",0,$B$4),'المبيعات اليومية'!$A$9:$A$308,"<="&IF($B$5="",2958465,$B$5)))) | H95: =IF($C95="","",IF($B$4&$B$5="",SUMIFS('المبيعات اليومية'!$J$9:$J$308,'المبيعات اليومية'!$B$9:$B$308,$C95),SUMIFS('المبيعات اليومية'!$J$9:$J$308,'المبيعات اليومية'!$B$9:$B$308,$C95,'المبيعات اليومية'!$A$9:$A$308,">="&IF($B$4="",0,$B$4),'المبيعات اليومية'!$A$9:$A$308,"<="&IF($B$5="",2958465,$B$5)))) | I95: =IF(OR($C95="",$H$108=0),"",H95/$H$108) | J95: =IF(C95="","",IF(D95>0,"نشط","لا يوجد مبيعات"))
A96: =IF(C96="","",89) | B96: =IF('دليل العملاء'!$B$92="","",'دليل العملاء'!$A$92) | C96: =IF('دليل العملاء'!$B$92="","",'دليل العملاء'!$B$92) | D96: =IF($C96="","",IF($B$4&$B$5="",COUNTIFS('المبيعات اليومية'!$B$9:$B$308,$C96),COUNTIFS('المبيعات اليومية'!$B$9:$B$308,$C96,'المبيعات اليومية'!$A$9:$A$308,">="&IF($B$4="",0,$B$4),'المبيعات اليومية'!$A$9:$A$308,"<="&IF($B$5="",2958465,$B$5)))) | E96: =IF($C96="","",IF($B$4&$B$5="",SUMIFS('المبيعات اليومية'!$E$9:$E$308,'المبيعات اليومية'!$B$9:$B$308,$C96),SUMIFS('المبيعات اليومية'!$E$9:$E$308,'المبيعات اليومية'!$B$9:$B$308,$C96,'المبيعات اليومية'!$A$9:$A$308,">="&IF($B$4="",0,$B$4),'المبيعات اليومية'!$A$9:$A$308,"<="&IF($B$5="",2958465,$B$5)))) | F96: =IF($C96="","",IF($B$4&$B$5="",SUMIFS('المبيعات اليومية'!$H$9:$H$308,'المبيعات اليومية'!$B$9:$B$308,$C96),SUMIFS('المبيعات اليومية'!$H$9:$H$308,'المبيعات اليومية'!$B$9:$B$308,$C96,'المبيعات اليومية'!$A$9:$A$308,">="&IF($B$4="",0,$B$4),'المبيعات اليومية'!$A$9:$A$308,"<="&IF($B$5="",2958465,$B$5)))) | G96: =IF($C96="","",IF($B$4&$B$5="",SUMIFS('المبيعات اليومية'!$I$9:$I$308,'المبيعات اليومية'!$B$9:$B$308,$C96),SUMIFS('المبيعات اليومية'!$I$9:$I$308,'المبيعات اليومية'!$B$9:$B$308,$C96,'المبيعات اليومية'!$A$9:$A$308,">="&IF($B$4="",0,$B$4),'المبيعات اليومية'!$A$9:$A$308,"<="&IF($B$5="",2958465,$B$5)))) | H96: =IF($C96="","",IF($B$4&$B$5="",SUMIFS('المبيعات اليومية'!$J$9:$J$308,'المبيعات اليومية'!$B$9:$B$308,$C96),SUMIFS('المبيعات اليومية'!$J$9:$J$308,'المبيعات اليومية'!$B$9:$B$308,$C96,'المبيعات اليومية'!$A$9:$A$308,">="&IF($B$4="",0,$B$4),'المبيعات اليومية'!$A$9:$A$308,"<="&IF($B$5="",2958465,$B$5)))) | I96: =IF(OR($C96="",$H$108=0),"",H96/$H$108) | J96: =IF(C96="","",IF(D96>0,"نشط","لا يوجد مبيعات"))
A97: =IF(C97="","",90) | B97: =IF('دليل العملاء'!$B$93="","",'دليل العملاء'!$A$93) | C97: =IF('دليل العملاء'!$B$93="","",'دليل العملاء'!$B$93) | D97: =IF($C97="","",IF($B$4&$B$5="",COUNTIFS('المبيعات اليومية'!$B$9:$B$308,$C97),COUNTIFS('المبيعات اليومية'!$B$9:$B$308,$C97,'المبيعات اليومية'!$A$9:$A$308,">="&IF($B$4="",0,$B$4),'المبيعات اليومية'!$A$9:$A$308,"<="&IF($B$5="",2958465,$B$5)))) | E97: =IF($C97="","",IF($B$4&$B$5="",SUMIFS('المبيعات اليومية'!$E$9:$E$308,'المبيعات اليومية'!$B$9:$B$308,$C97),SUMIFS('المبيعات اليومية'!$E$9:$E$308,'المبيعات اليومية'!$B$9:$B$308,$C97,'المبيعات اليومية'!$A$9:$A$308,">="&IF($B$4="",0,$B$4),'المبيعات اليومية'!$A$9:$A$308,"<="&IF($B$5="",2958465,$B$5)))) | F97: =IF($C97="","",IF($B$4&$B$5="",SUMIFS('المبيعات اليومية'!$H$9:$H$308,'المبيعات اليومية'!$B$9:$B$308,$C97),SUMIFS('المبيعات اليومية'!$H$9:$H$308,'المبيعات اليومية'!$B$9:$B$308,$C97,'المبيعات اليومية'!$A$9:$A$308,">="&IF($B$4="",0,$B$4),'المبيعات اليومية'!$A$9:$A$308,"<="&IF($B$5="",2958465,$B$5)))) | G97: =IF($C97="","",IF($B$4&$B$5="",SUMIFS('المبيعات اليومية'!$I$9:$I$308,'المبيعات اليومية'!$B$9:$B$308,$C97),SUMIFS('المبيعات اليومية'!$I$9:$I$308,'المبيعات اليومية'!$B$9:$B$308,$C97,'المبيعات اليومية'!$A$9:$A$308,">="&IF($B$4="",0,$B$4),'المبيعات اليومية'!$A$9:$A$308,"<="&IF($B$5="",2958465,$B$5)))) | H97: =IF($C97="","",IF($B$4&$B$5="",SUMIFS('المبيعات اليومية'!$J$9:$J$308,'المبيعات اليومية'!$B$9:$B$308,$C97),SUMIFS('المبيعات اليومية'!$J$9:$J$308,'المبيعات اليومية'!$B$9:$B$308,$C97,'المبيعات اليومية'!$A$9:$A$308,">="&IF($B$4="",0,$B$4),'المبيعات اليومية'!$A$9:$A$308,"<="&IF($B$5="",2958465,$B$5)))) | I97: =IF(OR($C97="",$H$108=0),"",H97/$H$108) | J97: =IF(C97="","",IF(D97>0,"نشط","لا يوجد مبيعات"))
A98: =IF(C98="","",91) | B98: =IF('دليل العملاء'!$B$94="","",'دليل العملاء'!$A$94) | C98: =IF('دليل العملاء'!$B$94="","",'دليل العملاء'!$B$94) | D98: =IF($C98="","",IF($B$4&$B$5="",COUNTIFS('المبيعات اليومية'!$B$9:$B$308,$C98),COUNTIFS('المبيعات اليومية'!$B$9:$B$308,$C98,'المبيعات اليومية'!$A$9:$A$308,">="&IF($B$4="",0,$B$4),'المبيعات اليومية'!$A$9:$A$308,"<="&IF($B$5="",2958465,$B$5)))) | E98: =IF($C98="","",IF($B$4&$B$5="",SUMIFS('المبيعات اليومية'!$E$9:$E$308,'المبيعات اليومية'!$B$9:$B$308,$C98),SUMIFS('المبيعات اليومية'!$E$9:$E$308,'المبيعات اليومية'!$B$9:$B$308,$C98,'المبيعات اليومية'!$A$9:$A$308,">="&IF($B$4="",0,$B$4),'المبيعات اليومية'!$A$9:$A$308,"<="&IF($B$5="",2958465,$B$5)))) | F98: =IF($C98="","",IF($B$4&$B$5="",SUMIFS('المبيعات اليومية'!$H$9:$H$308,'المبيعات اليومية'!$B$9:$B$308,$C98),SUMIFS('المبيعات اليومية'!$H$9:$H$308,'المبيعات اليومية'!$B$9:$B$308,$C98,'المبيعات اليومية'!$A$9:$A$308,">="&IF($B$4="",0,$B$4),'المبيعات اليومية'!$A$9:$A$308,"<="&IF($B$5="",2958465,$B$5)))) | G98: =IF($C98="","",IF($B$4&$B$5="",SUMIFS('المبيعات اليومية'!$I$9:$I$308,'المبيعات اليومية'!$B$9:$B$308,$C98),SUMIFS('المبيعات اليومية'!$I$9:$I$308,'المبيعات اليومية'!$B$9:$B$308,$C98,'المبيعات اليومية'!$A$9:$A$308,">="&IF($B$4="",0,$B$4),'المبيعات اليومية'!$A$9:$A$308,"<="&IF($B$5="",2958465,$B$5)))) | H98: =IF($C98="","",IF($B$4&$B$5="",SUMIFS('المبيعات اليومية'!$J$9:$J$308,'المبيعات اليومية'!$B$9:$B$308,$C98),SUMIFS('المبيعات اليومية'!$J$9:$J$308,'المبيعات اليومية'!$B$9:$B$308,$C98,'المبيعات اليومية'!$A$9:$A$308,">="&IF($B$4="",0,$B$4),'المبيعات اليومية'!$A$9:$A$308,"<="&IF($B$5="",2958465,$B$5)))) | I98: =IF(OR($C98="",$H$108=0),"",H98/$H$108) | J98: =IF(C98="","",IF(D98>0,"نشط","لا يوجد مبيعات"))
A99: =IF(C99="","",92) | B99: =IF('دليل العملاء'!$B$95="","",'دليل العملاء'!$A$95) | C99: =IF('دليل العملاء'!$B$95="","",'دليل العملاء'!$B$95) | D99: =IF($C99="","",IF($B$4&$B$5="",COUNTIFS('المبيعات اليومية'!$B$9:$B$308,$C99),COUNTIFS('المبيعات اليومية'!$B$9:$B$308,$C99,'المبيعات اليومية'!$A$9:$A$308,">="&IF($B$4="",0,$B$4),'المبيعات اليومية'!$A$9:$A$308,"<="&IF($B$5="",2958465,$B$5)))) | E99: =IF($C99="","",IF($B$4&$B$5="",SUMIFS('المبيعات اليومية'!$E$9:$E$308,'المبيعات اليومية'!$B$9:$B$308,$C99),SUMIFS('المبيعات اليومية'!$E$9:$E$308,'المبيعات اليومية'!$B$9:$B$308,$C99,'المبيعات اليومية'!$A$9:$A$308,">="&IF($B$4="",0,$B$4),'المبيعات اليومية'!$A$9:$A$308,"<="&IF($B$5="",2958465,$B$5)))) | F99: =IF($C99="","",IF($B$4&$B$5="",SUMIFS('المبيعات اليومية'!$H$9:$H$308,'المبيعات اليومية'!$B$9:$B$308,$C99),SUMIFS('المبيعات اليومية'!$H$9:$H$308,'المبيعات اليومية'!$B$9:$B$308,$C99,'المبيعات اليومية'!$A$9:$A$308,">="&IF($B$4="",0,$B$4),'المبيعات اليومية'!$A$9:$A$308,"<="&IF($B$5="",2958465,$B$5)))) | G99: =IF($C99="","",IF($B$4&$B$5="",SUMIFS('المبيعات اليومية'!$I$9:$I$308,'المبيعات اليومية'!$B$9:$B$308,$C99),SUMIFS('المبيعات اليومية'!$I$9:$I$308,'المبيعات اليومية'!$B$9:$B$308,$C99,'المبيعات اليومية'!$A$9:$A$308,">="&IF($B$4="",0,$B$4),'المبيعات اليومية'!$A$9:$A$308,"<="&IF($B$5="",2958465,$B$5)))) | H99: =IF($C99="","",IF($B$4&$B$5="",SUMIFS('المبيعات اليومية'!$J$9:$J$308,'المبيعات اليومية'!$B$9:$B$308,$C99),SUMIFS('المبيعات اليومية'!$J$9:$J$308,'المبيعات اليومية'!$B$9:$B$308,$C99,'المبيعات اليومية'!$A$9:$A$308,">="&IF($B$4="",0,$B$4),'المبيعات اليومية'!$A$9:$A$308,"<="&IF($B$5="",2958465,$B$5)))) | I99: =IF(OR($C99="",$H$108=0),"",H99/$H$108) | J99: =IF(C99="","",IF(D99>0,"نشط","لا يوجد مبيعات"))
A100: =IF(C100="","",93) | B100: =IF('دليل العملاء'!$B$96="","",'دليل العملاء'!$A$96) | C100: =IF('دليل العملاء'!$B$96="","",'دليل العملاء'!$B$96) | D100: =IF($C100="","",IF($B$4&$B$5="",COUNTIFS('المبيعات اليومية'!$B$9:$B$308,$C100),COUNTIFS('المبيعات اليومية'!$B$9:$B$308,$C100,'المبيعات اليومية'!$A$9:$A$308,">="&IF($B$4="",0,$B$4),'المبيعات اليومية'!$A$9:$A$308,"<="&IF($B$5="",2958465,$B$5)))) | E100: =IF($C100="","",IF($B$4&$B$5="",SUMIFS('المبيعات اليومية'!$E$9:$E$308,'المبيعات اليومية'!$B$9:$B$308,$C100),SUMIFS('المبيعات اليومية'!$E$9:$E$308,'المبيعات اليومية'!$B$9:$B$308,$C100,'المبيعات اليومية'!$A$9:$A$308,">="&IF($B$4="",0,$B$4),'المبيعات اليومية'!$A$9:$A$308,"<="&IF($B$5="",2958465,$B$5)))) | F100: =IF($C100="","",IF($B$4&$B$5="",SUMIFS('المبيعات اليومية'!$H$9:$H$308,'المبيعات اليومية'!$B$9:$B$308,$C100),SUMIFS('المبيعات اليومية'!$H$9:$H$308,'المبيعات اليومية'!$B$9:$B$308,$C100,'المبيعات اليومية'!$A$9:$A$308,">="&IF($B$4="",0,$B$4),'المبيعات اليومية'!$A$9:$A$308,"<="&IF($B$5="",2958465,$B$5)))) | G100: =IF($C100="","",IF($B$4&$B$5="",SUMIFS('المبيعات اليومية'!$I$9:$I$308,'المبيعات اليومية'!$B$9:$B$308,$C100),SUMIFS('المبيعات اليومية'!$I$9:$I$308,'المبيعات اليومية'!$B$9:$B$308,$C100,'المبيعات اليومية'!$A$9:$A$308,">="&IF($B$4="",0,$B$4),'المبيعات اليومية'!$A$9:$A$308,"<="&IF($B$5="",2958465,$B$5)))) | H100: =IF($C100="","",IF($B$4&$B$5="",SUMIFS('المبيعات اليومية'!$J$9:$J$308,'المبيعات اليومية'!$B$9:$B$308,$C100),SUMIFS('المبيعات اليومية'!$J$9:$J$308,'المبيعات اليومية'!$B$9:$B$308,$C100,'المبيعات اليومية'!$A$9:$A$308,">="&IF($B$4="",0,$B$4),'المبيعات اليومية'!$A$9:$A$308,"<="&IF($B$5="",2958465,$B$5)))) | I100: =IF(OR($C100="",$H$108=0),"",H100/$H$108) | J100: =IF(C100="","",IF(D100>0,"نشط","لا يوجد مبيعات"))
A101: =IF(C101="","",94) | B101: =IF('دليل العملاء'!$B$97="","",'دليل العملاء'!$A$97) | C101: =IF('دليل العملاء'!$B$97="","",'دليل العملاء'!$B$97) | D101: =IF($C101="","",IF($B$4&$B$5="",COUNTIFS('المبيعات اليومية'!$B$9:$B$308,$C101),COUNTIFS('المبيعات اليومية'!$B$9:$B$308,$C101,'المبيعات اليومية'!$A$9:$A$308,">="&IF($B$4="",0,$B$4),'المبيعات اليومية'!$A$9:$A$308,"<="&IF($B$5="",2958465,$B$5)))) | E101: =IF($C101="","",IF($B$4&$B$5="",SUMIFS('المبيعات اليومية'!$E$9:$E$308,'المبيعات اليومية'!$B$9:$B$308,$C101),SUMIFS('المبيعات اليومية'!$E$9:$E$308,'المبيعات اليومية'!$B$9:$B$308,$C101,'المبيعات اليومية'!$A$9:$A$308,">="&IF($B$4="",0,$B$4),'المبيعات اليومية'!$A$9:$A$308,"<="&IF($B$5="",2958465,$B$5)))) | F101: =IF($C101="","",IF($B$4&$B$5="",SUMIFS('المبيعات اليومية'!$H$9:$H$308,'المبيعات اليومية'!$B$9:$B$308,$C101),SUMIFS('المبيعات اليومية'!$H$9:$H$308,'المبيعات اليومية'!$B$9:$B$308,$C101,'المبيعات اليومية'!$A$9:$A$308,">="&IF($B$4="",0,$B$4),'المبيعات اليومية'!$A$9:$A$308,"<="&IF($B$5="",2958465,$B$5)))) | G101: =IF($C101="","",IF($B$4&$B$5="",SUMIFS('المبيعات اليومية'!$I$9:$I$308,'المبيعات اليومية'!$B$9:$B$308,$C101),SUMIFS('المبيعات اليومية'!$I$9:$I$308,'المبيعات اليومية'!$B$9:$B$308,$C101,'المبيعات اليومية'!$A$9:$A$308,">="&IF($B$4="",0,$B$4),'المبيعات اليومية'!$A$9:$A$308,"<="&IF($B$5="",2958465,$B$5)))) | H101: =IF($C101="","",IF($B$4&$B$5="",SUMIFS('المبيعات اليومية'!$J$9:$J$308,'المبيعات اليومية'!$B$9:$B$308,$C101),SUMIFS('المبيعات اليومية'!$J$9:$J$308,'المبيعات اليومية'!$B$9:$B$308,$C101,'المبيعات اليومية'!$A$9:$A$308,">="&IF($B$4="",0,$B$4),'المبيعات اليومية'!$A$9:$A$308,"<="&IF($B$5="",2958465,$B$5)))) | I101: =IF(OR($C101="",$H$108=0),"",H101/$H$108) | J101: =IF(C101="","",IF(D101>0,"نشط","لا يوجد مبيعات"))
A102: =IF(C102="","",95) | B102: =IF('دليل العملاء'!$B$98="","",'دليل العملاء'!$A$98) | C102: =IF('دليل العملاء'!$B$98="","",'دليل العملاء'!$B$98) | D102: =IF($C102="","",IF($B$4&$B$5="",COUNTIFS('المبيعات اليومية'!$B$9:$B$308,$C102),COUNTIFS('المبيعات اليومية'!$B$9:$B$308,$C102,'المبيعات اليومية'!$A$9:$A$308,">="&IF($B$4="",0,$B$4),'المبيعات اليومية'!$A$9:$A$308,"<="&IF($B$5="",2958465,$B$5)))) | E102: =IF($C102="","",IF($B$4&$B$5="",SUMIFS('المبيعات اليومية'!$E$9:$E$308,'المبيعات اليومية'!$B$9:$B$308,$C102),SUMIFS('المبيعات اليومية'!$E$9:$E$308,'المبيعات اليومية'!$B$9:$B$308,$C102,'المبيعات اليومية'!$A$9:$A$308,">="&IF($B$4="",0,$B$4),'المبيعات اليومية'!$A$9:$A$308,"<="&IF($B$5="",2958465,$B$5)))) | F102: =IF($C102="","",IF($B$4&$B$5="",SUMIFS('المبيعات اليومية'!$H$9:$H$308,'المبيعات اليومية'!$B$9:$B$308,$C102),SUMIFS('المبيعات اليومية'!$H$9:$H$308,'المبيعات اليومية'!$B$9:$B$308,$C102,'المبيعات اليومية'!$A$9:$A$308,">="&IF($B$4="",0,$B$4),'المبيعات اليومية'!$A$9:$A$308,"<="&IF($B$5="",2958465,$B$5)))) | G102: =IF($C102="","",IF($B$4&$B$5="",SUMIFS('المبيعات اليومية'!$I$9:$I$308,'المبيعات اليومية'!$B$9:$B$308,$C102),SUMIFS('المبيعات اليومية'!$I$9:$I$308,'المبيعات اليومية'!$B$9:$B$308,$C102,'المبيعات اليومية'!$A$9:$A$308,">="&IF($B$4="",0,$B$4),'المبيعات اليومية'!$A$9:$A$308,"<="&IF($B$5="",2958465,$B$5)))) | H102: =IF($C102="","",IF($B$4&$B$5="",SUMIFS('المبيعات اليومية'!$J$9:$J$308,'المبيعات اليومية'!$B$9:$B$308,$C102),SUMIFS('المبيعات اليومية'!$J$9:$J$308,'المبيعات اليومية'!$B$9:$B$308,$C102,'المبيعات اليومية'!$A$9:$A$308,">="&IF($B$4="",0,$B$4),'المبيعات اليومية'!$A$9:$A$308,"<="&IF($B$5="",2958465,$B$5)))) | I102: =IF(OR($C102="",$H$108=0),"",H102/$H$108) | J102: =IF(C102="","",IF(D102>0,"نشط","لا يوجد مبيعات"))
...

Sheet ملخص الأصناف
A1: ملخص مبيعات الأصناف
A2: يُحدَّث تلقائياً من ورقة "المبيعات اليومية" — اترك التاريخين فارغين لعرض كل الفترات
A4: من تاريخ | D4: =IF(AND(B4<>"",B5<>"",B4>B5),"⚠ تاريخ البداية بعد تاريخ النهاية","")
A5: إلى تاريخ
A7: م | B7: كود الصنف | C7: اسم الصنف | D7: عدد العمليات | E7: إجمالي الكمية | F7: الإجمالي قبل الضريبة | G7: إجمالي الضريبة | H7: الإجمالي شامل الضريبة | I7: النسبة من المبيعات | J7: متوسط سعر البيع (قبل الضريبة)
A8: =IF(C8="","",1) -> 1 | B8: =IF('دليل الأصناف'!$B$4="","",'دليل الأصناف'!$A$4) -> 20211 | C8: =IF('دليل الأصناف'!$B$4="","",'دليل الأصناف'!$B$4) -> بصل كبير | D8: =IF($C8="","",IF($B$4&$B$5="",COUNTIFS('المبيعات اليومية'!$C$9:$C$308,$C8),COUNTIFS('المبيعات اليومية'!$C$9:$C$308,$C8,'المبيعات اليومية'!$A$9:$A$308,">="&IF($B$4="",0,$B$4),'المبيعات اليومية'!$A$9:$A$308,"<="&IF($B$5="",2958465,$B$5)))) -> 1 | E8: =IF($C8="","",IF($B$4&$B$5="",SUMIFS('المبيعات اليومية'!$E$9:$E$308,'المبيعات اليومية'!$C$9:$C$308,$C8),SUMIFS('المبيعات اليومية'!$E$9:$E$308,'المبيعات اليومية'!$C$9:$C$308,$C8,'المبيعات اليومية'!$A$9:$A$308,">="&IF($B$4="",0,$B$4),'المبيعات اليومية'!$A$9:$A$308,"<="&IF($B$5="",2958465,$B$5)))) -> 470 | F8: =IF($C8="","",IF($B$4&$B$5="",SUMIFS('المبيعات اليومية'!$H$9:$H$308,'المبيعات اليومية'!$C$9:$C$308,$C8),SUMIFS('المبيعات اليومية'!$H$9:$H$308,'المبيعات اليومية'!$C$9:$C$308,$C8,'المبيعات اليومية'!$A$9:$A$308,">="&IF($B$4="",0,$B$4),'المبيعات اليومية'!$A$9:$A$308,"<="&IF($B$5="",2958465,$B$5)))) -> 2115 | G8: =IF($C8="","",IF($B$4&$B$5="",SUMIFS('المبيعات اليومية'!$I$9:$I$308,'المبيعات اليومية'!$C$9:$C$308,$C8),SUMIFS('المبيعات اليومية'!$I$9:$I$308,'المبيعات اليومية'!$C$9:$C$308,$C8,'المبيعات اليومية'!$A$9:$A$308,">="&IF($B$4="",0,$B$4),'المبيعات اليومية'!$A$9:$A$308,"<="&IF($B$5="",2958465,$B$5)))) -> 317.25 | H8: =IF($C8="","",IF($B$4&$B$5="",SUMIFS('المبيعات اليومية'!$J$9:$J$308,'المبيعات اليومية'!$C$9:$C$308,$C8),SUMIFS('المبيعات اليومية'!$J$9:$J$308,'المبيعات اليومية'!$C$9:$C$308,$C8,'المبيعات اليومية'!$A$9:$A$308,">="&IF($B$4="",0,$B$4),'المبيعات اليومية'!$A$9:$A$308,"<="&IF($B$5="",2958465,$B$5)))) -> 2432.25 | I8: =IF(OR($C8="",$H$208=0),"",H8/$H$208) -> 0.17706888 | J8: =IF(OR(C8="",N(E8)=0),"",F8/E8) -> 4.5
A9: =IF(C9="","",2) -> 2 | B9: =IF('دليل الأصناف'!$B$5="","",'دليل الأصناف'!$A$5) -> 20212 | C9: =IF('دليل الأصناف'!$B$5="","",'دليل الأصناف'!$B$5) -> بصل صغير | D9: =IF($C9="","",IF($B$4&$B$5="",COUNTIFS('المبيعات اليومية'!$C$9:$C$308,$C9),COUNTIFS('المبيعات اليومية'!$C$9:$C$308,$C9,'المبيعات اليومية'!$A$9:$A$308,">="&IF($B$4="",0,$B$4),'المبيعات اليومية'!$A$9:$A$308,"<="&IF($B$5="",2958465,$B$5)))) -> 0 | E9: =IF($C9="","",IF($B$4&$B$5="",SUMIFS('المبيعات اليومية'!$E$9:$E$308,'المبيعات اليومية'!$C$9:$C$308,$C9),SUMIFS('المبيعات اليومية'!$E$9:$E$308,'المبيعات اليومية'!$C$9:$C$308,$C9,'المبيعات اليومية'!$A$9:$A$308,">="&IF($B$4="",0,$B$4),'المبيعات اليومية'!$A$9:$A$308,"<="&IF($B$5="",2958465,$B$5)))) -> 0 | F9: =IF($C9="","",IF($B$4&$B$5="",SUMIFS('المبيعات اليومية'!$H$9:$H$308,'المبيعات اليومية'!$C$9:$C$308,$C9),SUMIFS('المبيعات اليومية'!$H$9:$H$308,'المبيعات اليومية'!$C$9:$C$308,$C9,'المبيعات اليومية'!$A$9:$A$308,">="&IF($B$4="",0,$B$4),'المبيعات اليومية'!$A$9:$A$308,"<="&IF($B$5="",2958465,$B$5)))) -> 0 | G9: =IF($C9="","",IF($B$4&$B$5="",SUMIFS('المبيعات اليومية'!$I$9:$I$308,'المبيعات اليومية'!$C$9:$C$308,$C9),SUMIFS('المبيعات اليومية'!$I$9:$I$308,'المبيعات اليومية'!$C$9:$C$308,$C9,'المبيعات اليومية'!$A$9:$A$308,">="&IF($B$4="",0,$B$4),'المبيعات اليومية'!$A$9:$A$308,"<="&IF($B$5="",2958465,$B$5)))) -> 0 | H9: =IF($C9="","",IF($B$4&$B$5="",SUMIFS('المبيعات اليومية'!$J$9:$J$308,'المبيعات اليومية'!$C$9:$C$308,$C9),SUMIFS('المبيعات اليومية'!$J$9:$J$308,'المبيعات اليومية'!$C$9:$C$308,$C9,'المبيعات اليومية'!$A$9:$A$308,">="&IF($B$4="",0,$B$4),'المبيعات اليومية'!$A$9:$A$308,"<="&IF($B$5="",2958465,$B$5)))) -> 0 | I9: =IF(OR($C9="",$H$208=0),"",H9/$H$208) -> 0 | J9: =IF(OR(C9="",N(E9)=0),"",F9/E9)
A10: =IF(C10="","",3) -> 3 | B10: =IF('دليل الأصناف'!$B$6="","",'دليل الأصناف'!$A$6) -> 20213 | C10: =IF('دليل الأصناف'!$B$6="","",'دليل الأصناف'!$B$6) -> بطاطس كبير | D10: =IF($C10="","",IF($B$4&$B$5="",COUNTIFS('المبيعات اليومية'!$C$9:$C$308,$C10),COUNTIFS('المبيعات اليومية'!$C$9:$C$308,$C10,'المبيعات اليومية'!$A$9:$A$308,">="&IF($B$4="",0,$B$4),'المبيعات اليومية'!$A$9:$A$308,"<="&IF($B$5="",2958465,$B$5)))) -> 1 | E10: =IF($C10="","",IF($B$4&$B$5="",SUMIFS('المبيعات اليومية'!$E$9:$E$308,'المبيعات اليومية'!$C$9:$C$308,$C10),SUMIFS('المبيعات اليومية'!$E$9:$E$308,'المبيعات اليومية'!$C$9:$C$308,$C10,'المبيعات اليومية'!$A$9:$A$308,">="&IF($B$4="",0,$B$4),'المبيعات اليومية'!$A$9:$A$308,"<="&IF($B$5="",2958465,$B$5)))) -> 297 | F10: =IF($C10="","",IF($B$4&$B$5="",SUMIFS('المبيعات اليومية'!$H$9:$H$308,'المبيعات اليومية'!$C$9:$C$308,$C10),SUMIFS('المبيعات اليومية'!$H$9:$H$308,'المبيعات اليومية'!$C$9:$C$308,$C10,'المبيعات اليومية'!$A$9:$A$308,">="&IF($B$4="",0,$B$4),'المبيعات اليومية'!$A$9:$A$308,"<="&IF($B$5="",2958465,$B$5)))) -> 2524.5 | G10: =IF($C10="","",IF($B$4&$B$5="",SUMIFS('المبيعات اليومية'!$I$9:$I$308,'المبيعات اليومية'!$C$9:$C$308,$C10),SUMIFS('المبيعات اليومية'!$I$9:$I$308,'المبيعات اليومية'!$C$9:$C$308,$C10,'المبيعات اليومية'!$A$9:$A$308,">="&IF($B$4="",0,$B$4),'المبيعات اليومية'!$A$9:$A$308,"<="&IF($B$5="",2958465,$B$5)))) -> 378.68 | H10: =IF($C10="","",IF($B$4&$B$5="",SUMIFS('المبيعات اليومية'!$J$9:$J$308,'المبيعات اليومية'!$C$9:$C$308,$C10),SUMIFS('المبيعات اليومية'!$J$9:$J$308,'المبيعات اليومية'!$C$9:$C$308,$C10,'المبيعات اليومية'!$A$9:$A$308,">="&IF($B$4="",0,$B$4),'المبيعات اليومية'!$A$9:$A$308,"<="&IF($B$5="",2958465,$B$5)))) -> 2903.18 | I10: =IF(OR($C10="",$H$208=0),"",H10/$H$208) -> 0.21135279 | J10: =IF(OR(C10="",N(E10)=0),"",F10/E10) -> 8.5
A11: =IF(C11="","",4) -> 4 | B11: =IF('دليل الأصناف'!$B$7="","",'دليل الأصناف'!$A$7) -> 20301 | C11: =IF('دليل الأصناف'!$B$7="","",'دليل الأصناف'!$B$7) -> بطاطس 2 K | D11: =IF($C11="","",IF($B$4&$B$5="",COUNTIFS('المبيعات اليومية'!$C$9:$C$308,$C11),COUNTIFS('المبيعات اليومية'!$C$9:$C$308,$C11,'المبيعات اليومية'!$A$9:$A$308,">="&IF($B$4="",0,$B$4),'المبيعات اليومية'!$A$9:$A$308,"<="&IF($B$5="",2958465,$B$5)))) -> 0 | E11: =IF($C11="","",IF($B$4&$B$5="",SUMIFS('المبيعات اليومية'!$E$9:$E$308,'المبيعات اليومية'!$C$9:$C$308,$C11),SUMIFS('المبيعات اليومية'!$E$9:$E$308,'المبيعات اليومية'!$C$9:$C$308,$C11,'المبيعات اليومية'!$A$9:$A$308,">="&IF($B$4="",0,$B$4),'المبيعات اليومية'!$A$9:$A$308,"<="&IF($B$5="",2958465,$B$5)))) -> 0 | F11: =IF($C11="","",IF($B$4&$B$5="",SUMIFS('المبيعات اليومية'!$H$9:$H$308,'المبيعات اليومية'!$C$9:$C$308,$C11),SUMIFS('المبيعات اليومية'!$H$9:$H$308,'المبيعات اليومية'!$C$9:$C$308,$C11,'المبيعات اليومية'!$A$9:$A$308,">="&IF($B$4="",0,$B$4),'المبيعات اليومية'!$A$9:$A$308,"<="&IF($B$5="",2958465,$B$5)))) -> 0 | G11: =IF($C11="","",IF($B$4&$B$5="",SUMIFS('المبيعات اليومية'!$I$9:$I$308,'المبيعات اليومية'!$C$9:$C$308,$C11),SUMIFS('المبيعات اليومية'!$I$9:$I$308,'المبيعات اليومية'!$C$9:$C$308,$C11,'المبيعات اليومية'!$A$9:$A$308,">="&IF($B$4="",0,$B$4),'المبيعات اليومية'!$A$9:$A$308,"<="&IF($B$5="",2958465,$B$5)))) -> 0 | H11: =IF($C11="","",IF($B$4&$B$5="",SUMIFS('المبيعات اليومية'!$J$9:$J$308,'المبيعات اليومية'!$C$9:$C$308,$C11),SUMIFS('المبيعات اليومية'!$J$9:$J$308,'المبيعات اليومية'!$C$9:$C$308,$C11,'المبيعات اليومية'!$A$9:$A$308,">="&IF($B$4="",0,$B$4),'المبيعات اليومية'!$A$9:$A$308,"<="&IF($B$5="",2958465,$B$5)))) -> 0 | I11: =IF(OR($C11="",$H$208=0),"",H11/$H$208) -> 0 | J11: =IF(OR(C11="",N(E11)=0),"",F11/E11)
A12: =IF(C12="","",5) -> 5 | B12: =IF('دليل الأصناف'!$B$8="","",'دليل الأصناف'!$A$8) -> 448660 | C12: =IF('دليل الأصناف'!$B$8="","",'دليل الأصناف'!$B$8) -> بصل ابيض | D12: =IF($C12="","",IF($B$4&$B$5="",COUNTIFS('المبيعات اليومية'!$C$9:$C$308,$C12),COUNTIFS('المبيعات اليومية'!$C$9:$C$308,$C12,'المبيعات اليومية'!$A$9:$A$308,">="&IF($B$4="",0,$B$4),'المبيعات اليومية'!$A$9:$A$308,"<="&IF($B$5="",2958465,$B$5)))) -> 1 | E12: =IF($C12="","",IF($B$4&$B$5="",SUMIFS('المبيعات اليومية'!$E$9:$E$308,'المبيعات اليومية'!$C$9:$C$308,$C12),SUMIFS('المبيعات اليومية'!$E$9:$E$308,'المبيعات اليومية'!$C$9:$C$308,$C12,'المبيعات اليومية'!$A$9:$A$308,">="&IF($B$4="",0,$B$4),'المبيعات اليومية'!$A$9:$A$308,"<="&IF($B$5="",2958465,$B$5)))) -> 150 | F12: =IF($C12="","",IF($B$4&$B$5="",SUMIFS('المبيعات اليومية'!$H$9:$H$308,'المبيعات اليومية'!$C$9:$C$308,$C12),SUMIFS('المبيعات اليومية'!$H$9:$H$308,'المبيعات اليومية'!$C$9:$C$308,$C12,'المبيعات اليومية'!$A$9:$A$308,">="&IF($B$4="",0,$B$4),'المبيعات اليومية'!$A$9:$A$308,"<="&IF($B$5="",2958465,$B$5)))) -> 750 | G12: =IF($C12="","",IF($B$4&$B$5="",SUMIFS('المبيعات اليومية'!$I$9:$I$308,'المبيعات اليومية'!$C$9:$C$308,$C12),SUMIFS('المبيعات اليومية'!$I$9:$I$308,'المبيعات اليومية'!$C$9:$C$308,$C12,'المبيعات اليومية'!$A$9:$A$308,">="&IF($B$4="",0,$B$4),'المبيعات اليومية'!$A$9:$A$308,"<="&IF($B$5="",2958465,$B$5)))) -> 112.5 | H12: =IF($C12="","",IF($B$4&$B$5="",SUMIFS('المبيعات اليومية'!$J$9:$J$308,'المبيعات اليومية'!$C$9:$C$308,$C12),SUMIFS('المبيعات اليومية'!$J$9:$J$308,'المبيعات اليومية'!$C$9:$C$308,$C12,'المبيعات اليومية'!$A$9:$A$308,">="&IF($B$4="",0,$B$4),'المبيعات اليومية'!$A$9:$A$308,"<="&IF($B$5="",2958465,$B$5)))) -> 862.5 | I12: =IF(OR($C12="",$H$208=0),"",H12/$H$208) -> 0.062790383 | J12: =IF(OR(C12="",N(E12)=0),"",F12/E12) -> 5
A13: =IF(C13="","",6) -> 6 | B13: =IF('دليل الأصناف'!$B$9="","",'دليل الأصناف'!$A$9) -> 20214 | C13: =IF('دليل الأصناف'!$B$9="","",'دليل الأصناف'!$B$9) -> طماطم محمية | D13: =IF($C13="","",IF($B$4&$B$5="",COUNTIFS('المبيعات اليومية'!$C$9:$C$308,$C13),COUNTIFS('المبيعات اليومية'!$C$9:$C$308,$C13,'المبيعات اليومية'!$A$9:$A$308,">="&IF($B$4="",0,$B$4),'المبيعات اليومية'!$A$9:$A$308,"<="&IF($B$5="",2958465,$B$5)))) -> 0 | E13: =IF($C13="","",IF($B$4&$B$5="",SUMIFS('المبيعات اليومية'!$E$9:$E$308,'المبيعات اليومية'!$C$9:$C$308,$C13),SUMIFS('المبيعات اليومية'!$E$9:$E$308,'المبيعات اليومية'!$C$9:$C$308,$C13,'المبيعات اليومية'!$A$9:$A$308,">="&IF($B$4="",0,$B$4),'المبيعات اليومية'!$A$9:$A$308,"<="&IF($B$5="",2958465,$B$5)))) -> 0 | F13: =IF($C13="","",IF($B$4&$B$5="",SUMIFS('المبيعات اليومية'!$H$9:$H$308,'المبيعات اليومية'!$C$9:$C$308,$C13),SUMIFS('المبيعات اليومية'!$H$9:$H$308,'المبيعات اليومية'!$C$9:$C$308,$C13,'المبيعات اليومية'!$A$9:$A$308,">="&IF($B$4="",0,$B$4),'المبيعات اليومية'!$A$9:$A$308,"<="&IF($B$5="",2958465,$B$5)))) -> 0 | G13: =IF($C13="","",IF($B$4&$B$5="",SUMIFS('المبيعات اليومية'!$I$9:$I$308,'المبيعات اليومية'!$C$9:$C$308,$C13),SUMIFS('المبيعات اليومية'!$I$9:$I$308,'المبيعات اليومية'!$C$9:$C$308,$C13,'المبيعات اليومية'!$A$9:$A$308,">="&IF($B$4="",0,$B$4),'المبيعات اليومية'!$A$9:$A$308,"<="&IF($B$5="",2958465,$B$5)))) -> 0 | H13: =IF($C13="","",IF($B$4&$B$5="",SUMIFS('المبيعات اليومية'!$J$9:$J$308,'المبيعات اليومية'!$C$9:$C$308,$C13),SUMIFS('المبيعات اليومية'!$J$9:$J$308,'المبيعات اليومية'!$C$9:$C$308,$C13,'المبيعات اليومية'!$A$9:$A$308,">="&IF($B$4="",0,$B$4),'المبيعات اليومية'!$A$9:$A$308,"<="&IF($B$5="",2958465,$B$5)))) -> 0 | I13: =IF(OR($C13="",$H$208=0),"",H13/$H$208) -> 0 | J13: =IF(OR(C13="",N(E13)=0),"",F13/E13)
A14: =IF(C14="","",7) -> 7 | B14: =IF('دليل الأصناف'!$B$10="","",'دليل الأصناف'!$A$10) -> 20215 | C14: =IF('دليل الأصناف'!$B$10="","",'دليل الأصناف'!$B$10) -> خيار بلدي | D14: =IF($C14="","",IF($B$4&$B$5="",COUNTIFS('المبيعات اليومية'!$C$9:$C$308,$C14),COUNTIFS('المبيعات اليومية'!$C$9:$C$308,$C14,'المبيعات اليومية'!$A$9:$A$308,">="&IF($B$4="",0,$B$4),'المبيعات اليومية'!$A$9:$A$308,"<="&IF($B$5="",2958465,$B$5)))) -> 0 | E14: =IF($C14="","",IF($B$4&$B$5="",SUMIFS('المبيعات اليومية'!$E$9:$E$308,'المبيعات اليومية'!$C$9:$C$308,$C14),SUMIFS('المبيعات اليومية'!$E$9:$E$308,'المبيعات اليومية'!$C$9:$C$308,$C14,'المبيعات اليومية'!$A$9:$A$308,">="&IF($B$4="",0,$B$4),'المبيعات اليومية'!$A$9:$A$308,"<="&IF($B$5="",2958465,$B$5)))) -> 0 | F14: =IF($C14="","",IF($B$4&$B$5="",SUMIFS('المبيعات اليومية'!$H$9:$H$308,'المبيعات اليومية'!$C$9:$C$308,$C14),SUMIFS('المبيعات اليومية'!$H$9:$H$308,'المبيعات اليومية'!$C$9:$C$308,$C14,'المبيعات اليومية'!$A$9:$A$308,">="&IF($B$4="",0,$B$4),'المبيعات اليومية'!$A$9:$A$308,"<="&IF($B$5="",2958465,$B$5)))) -> 0 | G14: =IF($C14="","",IF($B$4&$B$5="",SUMIFS('المبيعات اليومية'!$I$9:$I$308,'المبيعات اليومية'!$C$9:$C$308,$C14),SUMIFS('المبيعات اليومية'!$I$9:$I$308,'المبيعات اليومية'!$C$9:$C$308,$C14,'المبيعات اليومية'!$A$9:$A$308,">="&IF($B$4="",0,$B$4),'المبيعات اليومية'!$A$9:$A$308,"<="&IF($B$5="",2958465,$B$5)))) -> 0 | H14: =IF($C14="","",IF($B$4&$B$5="",SUMIFS('المبيعات اليومية'!$J$9:$J$308,'المبيعات اليومية'!$C$9:$C$308,$C14),SUMIFS('المبيعات اليومية'!$J$9:$J$308,'المبيعات اليومية'!$C$9:$C$308,$C14,'المبيعات اليومية'!$A$9:$A$308,">="&IF($B$4="",0,$B$4),'المبيعات اليومية'!$A$9:$A$308,"<="&IF($B$5="",2958465,$B$5)))) -> 0 | I14: =IF(OR($C14="",$H$208=0),"",H14/$H$208) -> 0 | J14: =IF(OR(C14="",N(E14)=0),"",F14/E14)
A15: =IF(C15="","",8) -> 8 | B15: =IF('دليل الأصناف'!$B$11="","",'دليل الأصناف'!$A$11) -> 20216 | C15: =IF('دليل الأصناف'!$B$11="","",'دليل الأصناف'!$B$11) -> كوسة طازجة | D15: =IF($C15="","",IF($B$4&$B$5="",COUNTIFS('المبيعات اليومية'!$C$9:$C$308,$C15),COUNTIFS('المبيعات اليومية'!$C$9:$C$308,$C15,'المبيعات اليومية'!$A$9:$A$308,">="&IF($B$4="",0,$B$4),'المبيعات اليومية'!$A$9:$A$308,"<="&IF($B$5="",2958465,$B$5)))) -> 0 | E15: =IF($C15="","",IF($B$4&$B$5="",SUMIFS('المبيعات اليومية'!$E$9:$E$308,'المبيعات اليومية'!$C$9:$C$308,$C15),SUMIFS('المبيعات اليومية'!$E$9:$E$308,'المبيعات اليومية'!$C$9:$C$308,$C15,'المبيعات اليومية'!$A$9:$A$308,">="&IF($B$4="",0,$B$4),'المبيعات اليومية'!$A$9:$A$308,"<="&IF($B$5="",2958465,$B$5)))) -> 0 | F15: =IF($C15="","",IF($B$4&$B$5="",SUMIFS('المبيعات اليومية'!$H$9:$H$308,'المبيعات اليومية'!$C$9:$C$308,$C15),SUMIFS('المبيعات اليومية'!$H$9:$H$308,'المبيعات اليومية'!$C$9:$C$308,$C15,'المبيعات اليومية'!$A$9:$A$308,">="&IF($B$4="",0,$B$4),'المبيعات اليومية'!$A$9:$A$308,"<="&IF($B$5="",2958465,$B$5)))) -> 0 | G15: =IF($C15="","",IF($B$4&$B$5="",SUMIFS('المبيعات اليومية'!$I$9:$I$308,'المبيعات اليومية'!$C$9:$C$308,$C15),SUMIFS('المبيعات اليومية'!$I$9:$I$308,'المبيعات اليومية'!$C$9:$C$308,$C15,'المبيعات اليومية'!$A$9:$A$308,">="&IF($B$4="",0,$B$4),'المبيعات اليومية'!$A$9:$A$308,"<="&IF($B$5="",2958465,$B$5)))) -> 0 | H15: =IF($C15="","",IF($B$4&$B$5="",SUMIFS('المبيعات اليومية'!$J$9:$J$308,'المبيعات اليومية'!$C$9:$C$308,$C15),SUMIFS('المبيعات اليومية'!$J$9:$J$308,'المبيعات اليومية'!$C$9:$C$308,$C15,'المبيعات اليومية'!$A$9:$A$308,">="&IF($B$4="",0,$B$4),'المبيعات اليومية'!$A$9:$A$308,"<="&IF($B$5="",2958465,$B$5)))) -> 0 | I15: =IF(OR($C15="",$H$208=0),"",H15/$H$208) -> 0 | J15: =IF(OR(C15="",N(E15)=0),"",F15/E15)
A16: =IF(C16="","",9) -> 9 | B16: =IF('دليل الأصناف'!$B$12="","",'دليل الأصناف'!$A$12) -> 20217 | C16: =IF('دليل الأصناف'!$B$12="","",'دليل الأصناف'!$B$12) -> جزر استرالي | D16: =IF($C16="","",IF($B$4&$B$5="",COUNTIFS('المبيعات اليومية'!$C$9:$C$308,$C16),COUNTIFS('المبيعات اليومية'!$C$9:$C$308,$C16,'المبيعات اليومية'!$A$9:$A$308,">="&IF($B$4="",0,$B$4),'المبيعات اليومية'!$A$9:$A$308,"<="&IF($B$5="",2958465,$B$5)))) -> 0 | E16: =IF($C16="","",IF($B$4&$B$5="",SUMIFS('المبيعات اليومية'!$E$9:$E$308,'المبيعات اليومية'!$C$9:$C$308,$C16),SUMIFS('المبيعات اليومية'!$E$9:$E$308,'المبيعات اليومية'!$C$9:$C$308,$C16,'المبيعات اليومية'!$A$9:$A$308,">="&IF($B$4="",0,$B$4),'المبيعات اليومية'!$A$9:$A$308,"<="&IF($B$5="",2958465,$B$5)))) -> 0 | F16: =IF($C16="","",IF($B$4&$B$5="",SUMIFS('المبيعات اليومية'!$H$9:$H$308,'المبيعات اليومية'!$C$9:$C$308,$C16),SUMIFS('المبيعات اليومية'!$H$9:$H$308,'المبيعات اليومية'!$C$9:$C$308,$C16,'المبيعات اليومية'!$A$9:$A$308,">="&IF($B$4="",0,$B$4),'المبيعات اليومية'!$A$9:$A$308,"<="&IF($B$5="",2958465,$B$5)))) -> 0 | G16: =IF($C16="","",IF($B$4&$B$5="",SUMIFS('المبيعات اليومية'!$I$9:$I$308,'المبيعات اليومية'!$C$9:$C$308,$C16),SUMIFS('المبيعات اليومية'!$I$9:$I$308,'المبيعات اليومية'!$C$9:$C$308,$C16,'المبيعات اليومية'!$A$9:$A$308,">="&IF($B$4="",0,$B$4),'المبيعات اليومية'!$A$9:$A$308,"<="&IF($B$5="",2958465,$B$5)))) -> 0 | H16: =IF($C16="","",IF($B$4&$B$5="",SUMIFS('المبيعات اليومية'!$J$9:$J$308,'المبيعات اليومية'!$C$9:$C$308,$C16),SUMIFS('المبيعات اليومية'!$J$9:$J$308,'المبيعات اليومية'!$C$9:$C$308,$C16,'المبيعات اليومية'!$A$9:$A$308,">="&IF($B$4="",0,$B$4),'المبيعات اليومية'!$A$9:$A$308,"<="&IF($B$5="",2958465,$B$5)))) -> 0 | I16: =IF(OR($C16="",$H$208=0),"",H16/$H$208) -> 0 | J16: =IF(OR(C16="",N(E16)=0),"",F16/E16)
